origen,destino,distancia_km,factor_trafico,peso,peso_h00,peso_h01,peso_h02,peso_h03,peso_h04,peso_h05,peso_h06,peso_h07,peso_h08,peso_h09,peso_h10,peso_h11,peso_h12,peso_h13,peso_h14,peso_h15,peso_h16,peso_h17,peso_h18,peso_h19,peso_h20,peso_h21,peso_h22,peso_h23,tipo_ruta
V0_0,V0_1,0.376,1.0,0.376,0.376,0.376,0.376,0.376,0.414,0.451,0.527,0.602,0.564,0.489,0.451,0.414,0.451,0.489,0.527,0.564,0.64,0.677,0.602,0.527,0.451,0.414,0.414,0.376,vial-vial
V0_1,V0_2,0.204,1.0,0.204,0.204,0.204,0.204,0.204,0.224,0.245,0.286,0.326,0.306,0.265,0.245,0.224,0.245,0.265,0.286,0.306,0.347,0.367,0.326,0.286,0.245,0.224,0.224,0.204,vial-vial
V1_0,V1_1,0.332,1.0,0.332,0.332,0.332,0.332,0.332,0.365,0.398,0.465,0.531,0.498,0.432,0.398,0.365,0.398,0.432,0.465,0.498,0.564,0.598,0.531,0.465,0.398,0.365,0.365,0.332,vial-vial
V1_1,V1_2,0.064,1.0,0.064,0.064,0.064,0.064,0.064,0.07,0.077,0.09,0.102,0.096,0.083,0.077,0.07,0.077,0.083,0.09,0.096,0.109,0.115,0.102,0.09,0.077,0.07,0.07,0.064,vial-vial
V2_0,V2_1,0.109,1.0,0.109,0.12,0.12,0.12,0.12,0.131,0.142,0.174,0.196,0.185,0.164,0.142,0.131,0.142,0.153,0.164,0.185,0.207,0.218,0.196,0.174,0.153,0.142,0.131,0.12,vial-vial
V2_1,V2_2,0.169,1.0,0.169,0.186,0.186,0.186,0.186,0.203,0.22,0.271,0.305,0.288,0.254,0.22,0.203,0.22,0.237,0.254,0.288,0.322,0.339,0.305,0.271,0.237,0.22,0.203,0.186,vial-vial
V3_0,V3_1,1.886,1.0,1.886,1.886,1.886,1.886,1.886,2.075,2.264,2.641,3.018,2.83,2.452,2.264,2.075,2.264,2.452,2.641,2.83,3.207,3.395,3.018,2.641,2.264,2.075,2.075,1.886,vial-vial
V3_1,V3_2,0.961,1.0,0.961,0.961,0.961,0.961,0.961,1.058,1.154,1.346,1.538,1.442,1.25,1.154,1.058,1.154,1.25,1.346,1.442,1.634,1.731,1.538,1.346,1.154,1.058,1.058,0.961,vial-vial
V4_0,V4_1,0.197,1.0,0.197,0.197,0.197,0.197,0.197,0.217,0.236,0.276,0.315,0.295,0.256,0.236,0.217,0.236,0.256,0.276,0.295,0.335,0.355,0.315,0.276,0.236,0.217,0.217,0.197,vial-vial
V4_1,V4_2,0.134,1.0,0.134,0.134,0.134,0.134,0.134,0.148,0.161,0.188,0.215,0.201,0.175,0.161,0.148,0.161,0.175,0.188,0.201,0.228,0.242,0.215,0.188,0.161,0.148,0.148,0.134,vial-vial
V5_0,V5_1,0.076,1.0,0.076,0.076,0.076,0.076,0.076,0.076,0.084,0.092,0.099,0.099,0.092,0.084,0.084,0.084,0.092,0.092,0.099,0.107,0.114,0.107,0.099,0.092,0.084,0.076,0.076,vial-vial
V5_1,V5_2,0.046,1.0,0.046,0.046,0.046,0.046,0.046,0.046,0.05,0.055,0.06,0.06,0.055,0.05,0.05,0.05,0.055,0.055,0.06,0.064,0.069,0.064,0.06,0.055,0.05,0.046,0.046,vial-vial
V6_0,V6_1,0.127,1.0,0.127,0.127,0.127,0.127,0.127,0.139,0.152,0.177,0.203,0.19,0.165,0.152,0.139,0.152,0.165,0.177,0.19,0.215,0.228,0.203,0.177,0.152,0.139,0.139,0.127,vial-vial
V6_1,V6_2,0.132,1.0,0.132,0.132,0.132,0.132,0.132,0.145,0.158,0.184,0.211,0.197,0.171,0.158,0.145,0.158,0.171,0.184,0.197,0.224,0.237,0.211,0.184,0.158,0.145,0.145,0.132,vial-vial
V7_0,V7_1,0.532,1.0,0.532,0.532,0.532,0.532,0.532,0.585,0.638,0.745,0.851,0.798,0.692,0.638,0.585,0.638,0.692,0.745,0.798,0.904,0.958,0.851,0.745,0.638,0.585,0.585,0.532,vial-vial
V7_1,V7_2,0.75,1.0,0.75,0.75,0.75,0.75,0.75,0.825,0.9,1.05,1.2,1.125,0.975,0.9,0.825,0.9,0.975,1.05,1.125,1.275,1.35,1.2,1.05,0.9,0.825,0.825,0.75,vial-vial
V8_0,V8_1,0.122,1.0,0.122,0.122,0.122,0.122,0.122,0.134,0.146,0.171,0.195,0.183,0.159,0.146,0.134,0.146,0.159,0.171,0.183,0.208,0.22,0.195,0.171,0.146,0.134,0.134,0.122,vial-vial
V8_1,V8_2,0.202,1.0,0.202,0.202,0.202,0.202,0.202,0.222,0.242,0.283,0.323,0.303,0.262,0.242,0.222,0.242,0.262,0.283,0.303,0.343,0.363,0.323,0.283,0.242,0.222,0.222,0.202,vial-vial
V9_0,V9_1,0.043,1.0,0.043,0.051,0.051,0.047,0.047,0.055,0.064,0.077,0.085,0.085,0.077,0.064,0.06,0.064,0.068,0.072,0.081,0.085,0.085,0.081,0.072,0.064,0.06,0.055,0.051,vial-vial
V9_1,V9_2,0.168,1.0,0.168,0.202,0.202,0.185,0.185,0.218,0.252,0.302,0.336,0.336,0.302,0.252,0.235,0.252,0.269,0.286,0.319,0.336,0.336,0.319,0.286,0.252,0.235,0.218,0.202,vial-vial
V10_0,V10_1,0.091,1.0,0.091,0.091,0.091,0.091,0.091,0.091,0.101,0.11,0.119,0.119,0.11,0.101,0.101,0.101,0.11,0.11,0.119,0.128,0.137,0.128,0.119,0.11,0.101,0.091,0.091,vial-vial
V10_1,V10_2,0.111,1.0,0.111,0.111,0.111,0.111,0.111,0.111,0.122,0.133,0.145,0.145,0.133,0.122,0.122,0.122,0.133,0.133,0.145,0.156,0.167,0.156,0.145,0.133,0.122,0.111,0.111,vial-vial
V11_0,V11_1,0.231,1.0,0.231,0.231,0.231,0.231,0.231,0.254,0.277,0.323,0.369,0.346,0.3,0.277,0.254,0.277,0.3,0.323,0.346,0.392,0.415,0.369,0.323,0.277,0.254,0.254,0.231,vial-vial
V11_1,V11_2,0.133,1.0,0.133,0.133,0.133,0.133,0.133,0.146,0.16,0.186,0.213,0.2,0.173,0.16,0.146,0.16,0.173,0.186,0.2,0.226,0.239,0.213,0.186,0.16,0.146,0.146,0.133,vial-vial
V12_0,V12_1,0.019,1.0,0.019,0.019,0.019,0.019,0.019,0.019,0.021,0.023,0.025,0.025,0.023,0.021,0.021,0.021,0.023,0.023,0.025,0.027,0.029,0.027,0.025,0.023,0.021,0.019,0.019,vial-vial
V12_1,V12_2,0.018,1.0,0.018,0.018,0.018,0.018,0.018,0.018,0.02,0.022,0.024,0.024,0.022,0.02,0.02,0.02,0.022,0.022,0.024,0.026,0.027,0.026,0.024,0.022,0.02,0.018,0.018,vial-vial
V13_0,V13_1,0.071,1.0,0.071,0.071,0.071,0.071,0.071,0.078,0.085,0.099,0.113,0.106,0.092,0.085,0.078,0.085,0.092,0.099,0.106,0.12,0.127,0.113,0.099,0.085,0.078,0.078,0.071,vial-vial
V13_1,V13_2,0.031,1.0,0.031,0.031,0.031,0.031,0.031,0.034,0.037,0.043,0.049,0.046,0.04,0.037,0.034,0.037,0.04,0.043,0.046,0.052,0.055,0.049,0.043,0.037,0.034,0.034,0.031,vial-vial
V14_0,V14_1,0.0,1.0,0.0,0.0,0.0,0.0,0.0,0.0,0.0,0.0,0.0,0.0,0.0,0.0,0.0,0.0,0.0,0.0,0.0,0.0,0.0,0.0,0.0,0.0,0.0,0.0,0.0,vial-vial
V14_1,V14_2,0.034,1.0,0.034,0.034,0.034,0.034,0.034,0.037,0.04,0.047,0.054,0.05,0.044,0.04,0.037,0.04,0.044,0.047,0.05,0.057,0.06,0.054,0.047,0.04,0.037,0.037,0.034,vial-vial
V15_0,V15_1,0.131,1.0,0.131,0.131,0.131,0.131,0.131,0.131,0.144,0.158,0.171,0.171,0.158,0.144,0.144,0.144,0.158,0.158,0.171,0.184,0.197,0.184,0.171,0.158,0.144,0.131,0.131,vial-vial
V15_1,V15_2,0.068,1.0,0.068,0.068,0.068,0.068,0.068,0.068,0.075,0.082,0.089,0.089,0.082,0.075,0.075,0.075,0.082,0.082,0.089,0.095,0.102,0.095,0.089,0.082,0.075,0.068,0.068,vial-vial
V16_0,V16_1,0.028,1.0,0.028,0.028,0.028,0.028,0.028,0.028,0.031,0.034,0.037,0.037,0.034,0.031,0.031,0.031,0.034,0.034,0.037,0.039,0.042,0.039,0.037,0.034,0.031,0.028,0.028,vial-vial
V16_1,V16_2,0.023,1.0,0.023,0.023,0.023,0.023,0.023,0.023,0.025,0.028,0.03,0.03,0.028,0.025,0.025,0.025,0.028,0.028,0.03,0.032,0.034,0.032,0.03,0.028,0.025,0.023,0.023,vial-vial
V17_0,V17_1,0.014,1.0,0.014,0.014,0.014,0.014,0.014,0.014,0.015,0.017,0.018,0.018,0.017,0.015,0.015,0.015,0.017,0.017,0.018,0.019,0.021,0.019,0.018,0.017,0.015,0.014,0.014,vial-vial
V17_1,V17_2,0.012,1.0,0.012,0.012,0.012,0.012,0.012,0.012,0.013,0.014,0.015,0.015,0.014,0.013,0.013,0.013,0.014,0.014,0.015,0.016,0.018,0.016,0.015,0.014,0.013,0.012,0.012,vial-vial
V18_0,V18_1,0.455,1.0,0.455,0.546,0.546,0.501,0.501,0.592,0.683,0.82,0.911,0.911,0.82,0.683,0.638,0.683,0.729,0.774,0.865,0.911,0.911,0.865,0.774,0.683,0.638,0.592,0.546,vial-vial
V18_1,V18_2,0.274,1.0,0.274,0.329,0.329,0.301,0.301,0.356,0.411,0.493,0.548,0.548,0.493,0.411,0.384,0.411,0.438,0.466,0.521,0.548,0.548,0.521,0.466,0.411,0.384,0.356,0.329,vial-vial
V19_0,V19_1,0.163,1.0,0.163,0.18,0.18,0.18,0.18,0.196,0.212,0.261,0.294,0.278,0.245,0.212,0.196,0.212,0.229,0.245,0.278,0.31,0.327,0.294,0.261,0.229,0.212,0.196,0.18,vial-vial
V19_1,V19_2,0.271,1.0,0.271,0.298,0.298,0.298,0.298,0.325,0.352,0.433,0.487,0.46,0.406,0.352,0.325,0.352,0.379,0.406,0.46,0.514,0.542,0.487,0.433,0.379,0.352,0.325,0.298,vial-vial
V20_0,V20_1,0.047,1.0,0.047,0.047,0.047,0.047,0.047,0.047,0.052,0.056,0.061,0.061,0.056,0.052,0.052,0.052,0.056,0.056,0.061,0.066,0.07,0.066,0.061,0.056,0.052,0.047,0.047,vial-vial
V20_1,V20_2,0.108,1.0,0.108,0.108,0.108,0.108,0.108,0.108,0.119,0.13,0.141,0.141,0.13,0.119,0.119,0.119,0.13,0.13,0.141,0.151,0.162,0.151,0.141,0.13,0.119,0.108,0.108,vial-vial
V21_0,V21_1,0.0,1.0,0.0,0.0,0.0,0.0,0.0,0.0,0.0,0.0,0.0,0.0,0.0,0.0,0.0,0.0,0.0,0.0,0.0,0.0,0.0,0.0,0.0,0.0,0.0,0.0,0.0,vial-vial
V21_1,V21_2,0.042,1.0,0.042,0.051,0.051,0.046,0.046,0.055,0.063,0.076,0.084,0.084,0.076,0.063,0.059,0.063,0.067,0.072,0.08,0.084,0.084,0.08,0.072,0.063,0.059,0.055,0.051,vial-vial
V22_0,V22_1,0.0,1.0,0.0,0.0,0.0,0.0,0.0,0.0,0.0,0.0,0.0,0.0,0.0,0.0,0.0,0.0,0.0,0.0,0.0,0.0,0.0,0.0,0.0,0.0,0.0,0.0,0.0,vial-vial
V22_1,V22_2,0.034,1.0,0.034,0.034,0.034,0.034,0.034,0.038,0.041,0.048,0.055,0.052,0.045,0.041,0.038,0.041,0.045,0.048,0.052,0.059,0.062,0.055,0.048,0.041,0.038,0.038,0.034,vial-vial
V23_0,V23_1,0.693,1.0,0.693,0.693,0.693,0.693,0.693,0.762,0.831,0.97,1.108,1.039,0.9,0.831,0.762,0.831,0.9,0.97,1.039,1.177,1.247,1.108,0.97,0.831,0.762,0.762,0.693,vial-vial
V23_1,V23_2,0.718,1.0,0.718,0.718,0.718,0.718,0.718,0.79,0.862,1.006,1.15,1.078,0.934,0.862,0.79,0.862,0.934,1.006,1.078,1.221,1.293,1.15,1.006,0.862,0.79,0.79,0.718,vial-vial
V24_0,V24_1,0.018,1.0,0.018,0.018,0.018,0.018,0.018,0.018,0.02,0.022,0.024,0.024,0.022,0.02,0.02,0.02,0.022,0.022,0.024,0.026,0.028,0.026,0.024,0.022,0.02,0.018,0.018,vial-vial
V24_1,V24_2,0.04,1.0,0.04,0.04,0.04,0.04,0.04,0.04,0.044,0.048,0.052,0.052,0.048,0.044,0.044,0.044,0.048,0.048,0.052,0.056,0.06,0.056,0.052,0.048,0.044,0.04,0.04,vial-vial
V25_0,V25_1,0.1,1.0,0.1,0.12,0.12,0.11,0.11,0.13,0.15,0.18,0.2,0.2,0.18,0.15,0.14,0.15,0.16,0.17,0.19,0.2,0.2,0.19,0.17,0.15,0.14,0.13,0.12,vial-vial
V25_1,V25_2,0.041,1.0,0.041,0.049,0.049,0.045,0.045,0.053,0.061,0.074,0.082,0.082,0.074,0.061,0.057,0.061,0.065,0.07,0.078,0.082,0.082,0.078,0.07,0.061,0.057,0.053,0.049,vial-vial
V26_0,V26_1,0.053,1.0,0.053,0.064,0.064,0.058,0.058,0.069,0.08,0.095,0.106,0.106,0.095,0.08,0.074,0.08,0.085,0.09,0.101,0.106,0.106,0.101,0.09,0.08,0.074,0.069,0.064,vial-vial
V26_1,V26_2,0.03,1.0,0.03,0.036,0.036,0.033,0.033,0.039,0.045,0.055,0.061,0.061,0.055,0.045,0.042,0.045,0.048,0.052,0.058,0.061,0.061,0.058,0.052,0.045,0.042,0.039,0.036,vial-vial
V27_0,V27_1,0.0,1.0,0.0,0.0,0.0,0.0,0.0,0.0,0.0,0.0,0.0,0.0,0.0,0.0,0.0,0.0,0.0,0.0,0.0,0.0,0.0,0.0,0.0,0.0,0.0,0.0,0.0,vial-vial
V27_1,V27_2,0.076,1.0,0.076,0.091,0.091,0.084,0.084,0.099,0.114,0.137,0.152,0.152,0.137,0.114,0.106,0.114,0.122,0.129,0.144,0.152,0.152,0.144,0.129,0.114,0.106,0.099,0.091,vial-vial
V28_0,V28_1,0.124,1.0,0.124,0.148,0.148,0.136,0.136,0.161,0.186,0.223,0.247,0.247,0.223,0.186,0.173,0.186,0.198,0.21,0.235,0.247,0.247,0.235,0.21,0.186,0.173,0.161,0.148,vial-vial
V28_1,V28_2,0.678,1.0,0.678,0.814,0.814,0.746,0.746,0.882,1.017,1.221,1.356,1.356,1.221,1.017,0.949,1.017,1.085,1.153,1.289,1.356,1.356,1.289,1.153,1.017,0.949,0.882,0.814,vial-vial
V29_0,V29_1,0.0,1.0,0.0,0.0,0.0,0.0,0.0,0.0,0.0,0.0,0.0,0.0,0.0,0.0,0.0,0.0,0.0,0.0,0.0,0.0,0.0,0.0,0.0,0.0,0.0,0.0,0.0,vial-vial
V29_1,V29_2,0.068,1.0,0.068,0.082,0.082,0.075,0.075,0.089,0.102,0.123,0.136,0.136,0.123,0.102,0.096,0.102,0.109,0.116,0.13,0.136,0.136,0.13,0.116,0.102,0.096,0.089,0.082,vial-vial
V30_0,V30_1,0.037,1.0,0.037,0.044,0.044,0.041,0.041,0.048,0.055,0.066,0.074,0.074,0.066,0.055,0.052,0.055,0.059,0.063,0.07,0.074,0.074,0.07,0.063,0.055,0.052,0.048,0.044,vial-vial
V30_1,V30_2,0.051,1.0,0.051,0.062,0.062,0.057,0.057,0.067,0.077,0.093,0.103,0.103,0.093,0.077,0.072,0.077,0.082,0.087,0.098,0.103,0.103,0.098,0.087,0.077,0.072,0.067,0.062,vial-vial
V31_0,V31_1,0.106,1.0,0.106,0.128,0.128,0.117,0.117,0.138,0.16,0.192,0.213,0.213,0.192,0.16,0.149,0.16,0.17,0.181,0.202,0.213,0.213,0.202,0.181,0.16,0.149,0.138,0.128,vial-vial
V31_1,V31_2,0.263,1.0,0.263,0.315,0.315,0.289,0.289,0.342,0.394,0.473,0.526,0.526,0.473,0.394,0.368,0.394,0.421,0.447,0.499,0.526,0.526,0.499,0.447,0.394,0.368,0.342,0.315,vial-vial
V32_0,V32_1,0.058,1.0,0.058,0.058,0.058,0.058,0.058,0.058,0.064,0.07,0.076,0.076,0.07,0.064,0.064,0.064,0.07,0.07,0.076,0.082,0.087,0.082,0.076,0.07,0.064,0.058,0.058,vial-vial
V32_1,V32_2,0.052,1.0,0.052,0.052,0.052,0.052,0.052,0.052,0.057,0.062,0.068,0.068,0.062,0.057,0.057,0.057,0.062,0.062,0.068,0.073,0.078,0.073,0.068,0.062,0.057,0.052,0.052,vial-vial
V33_0,V33_1,0.0,1.0,0.0,0.0,0.0,0.0,0.0,0.0,0.0,0.0,0.0,0.0,0.0,0.0,0.0,0.0,0.0,0.0,0.0,0.0,0.0,0.0,0.0,0.0,0.0,0.0,0.0,vial-vial
V33_1,V33_2,0.176,1.0,0.176,0.176,0.176,0.176,0.176,0.176,0.194,0.212,0.229,0.229,0.212,0.194,0.194,0.194,0.212,0.212,0.229,0.247,0.265,0.247,0.229,0.212,0.194,0.176,0.176,vial-vial
V34_0,V34_1,0.044,1.0,0.044,0.044,0.044,0.044,0.044,0.044,0.049,0.053,0.057,0.057,0.053,0.049,0.049,0.049,0.053,0.053,0.057,0.062,0.066,0.062,0.057,0.053,0.049,0.044,0.044,vial-vial
V34_1,V34_2,0.113,1.0,0.113,0.113,0.113,0.113,0.113,0.113,0.124,0.135,0.147,0.147,0.135,0.124,0.124,0.124,0.135,0.135,0.147,0.158,0.169,0.158,0.147,0.135,0.124,0.113,0.113,vial-vial
V35_0,V35_1,0.556,1.0,0.556,0.556,0.556,0.556,0.556,0.612,0.667,0.778,0.89,0.834,0.723,0.667,0.612,0.667,0.723,0.778,0.834,0.945,1.001,0.89,0.778,0.667,0.612,0.612,0.556,vial-vial
V35_1,V35_2,0.195,1.0,0.195,0.195,0.195,0.195,0.195,0.214,0.234,0.273,0.312,0.292,0.253,0.234,0.214,0.234,0.253,0.273,0.292,0.331,0.351,0.312,0.273,0.234,0.214,0.214,0.195,vial-vial
V36_0,V36_1,0.241,1.0,0.241,0.289,0.289,0.265,0.265,0.313,0.362,0.434,0.482,0.482,0.434,0.362,0.337,0.362,0.386,0.41,0.458,0.482,0.482,0.458,0.41,0.362,0.337,0.313,0.289,vial-vial
V36_1,V36_2,0.421,1.0,0.421,0.506,0.506,0.463,0.463,0.548,0.632,0.758,0.843,0.843,0.758,0.632,0.59,0.632,0.674,0.716,0.8,0.843,0.843,0.8,0.716,0.632,0.59,0.548,0.506,vial-vial
V37_0,V37_1,0.04,1.0,0.04,0.048,0.048,0.044,0.044,0.052,0.06,0.072,0.08,0.08,0.072,0.06,0.056,0.06,0.064,0.068,0.076,0.08,0.08,0.076,0.068,0.06,0.056,0.052,0.048,vial-vial
V37_1,V37_2,0.031,1.0,0.031,0.038,0.038,0.034,0.034,0.041,0.047,0.056,0.063,0.063,0.056,0.047,0.044,0.047,0.05,0.053,0.06,0.063,0.063,0.06,0.053,0.047,0.044,0.041,0.038,vial-vial
V38_0,V38_1,0.0,1.0,0.0,0.0,0.0,0.0,0.0,0.0,0.0,0.0,0.0,0.0,0.0,0.0,0.0,0.0,0.0,0.0,0.0,0.0,0.0,0.0,0.0,0.0,0.0,0.0,0.0,vial-vial
V38_1,V38_2,0.072,1.0,0.072,0.072,0.072,0.072,0.072,0.08,0.087,0.101,0.116,0.109,0.094,0.087,0.08,0.087,0.094,0.101,0.109,0.123,0.13,0.116,0.101,0.087,0.08,0.08,0.072,vial-vial
V39_0,V39_1,0.778,1.0,0.778,0.778,0.778,0.778,0.778,0.856,0.934,1.089,1.245,1.167,1.011,0.934,0.856,0.934,1.011,1.089,1.167,1.323,1.4,1.245,1.089,0.934,0.856,0.856,0.778,vial-vial
V39_1,V39_2,0.437,1.0,0.437,0.437,0.437,0.437,0.437,0.481,0.525,0.612,0.699,0.656,0.568,0.525,0.481,0.525,0.568,0.612,0.656,0.743,0.787,0.699,0.612,0.525,0.481,0.481,0.437,vial-vial
V40_0,V40_1,0.126,1.0,0.126,0.126,0.126,0.126,0.126,0.126,0.139,0.152,0.164,0.164,0.152,0.139,0.139,0.139,0.152,0.152,0.164,0.177,0.19,0.177,0.164,0.152,0.139,0.126,0.126,vial-vial
V40_1,V40_2,0.182,1.0,0.182,0.182,0.182,0.182,0.182,0.182,0.201,0.219,0.237,0.237,0.219,0.201,0.201,0.201,0.219,0.219,0.237,0.255,0.274,0.255,0.237,0.219,0.201,0.182,0.182,vial-vial
V41_0,V41_1,0.096,1.0,0.096,0.115,0.115,0.105,0.105,0.125,0.144,0.173,0.192,0.192,0.173,0.144,0.134,0.144,0.153,0.163,0.182,0.192,0.192,0.182,0.163,0.144,0.134,0.125,0.115,vial-vial
V41_1,V41_2,0.373,1.0,0.373,0.448,0.448,0.41,0.41,0.485,0.56,0.672,0.746,0.746,0.672,0.56,0.522,0.56,0.597,0.634,0.709,0.746,0.746,0.709,0.634,0.56,0.522,0.485,0.448,vial-vial
V42_0,V42_1,0.025,1.0,0.025,0.03,0.03,0.028,0.028,0.033,0.038,0.045,0.05,0.05,0.045,0.038,0.035,0.038,0.04,0.043,0.048,0.05,0.05,0.048,0.043,0.038,0.035,0.033,0.03,vial-vial
V42_1,V42_2,0.03,1.0,0.03,0.036,0.036,0.033,0.033,0.039,0.045,0.054,0.06,0.06,0.054,0.045,0.042,0.045,0.048,0.051,0.057,0.06,0.06,0.057,0.051,0.045,0.042,0.039,0.036,vial-vial
V43_0,V43_1,0.037,1.0,0.037,0.037,0.037,0.037,0.037,0.037,0.04,0.044,0.048,0.048,0.044,0.04,0.04,0.04,0.044,0.044,0.048,0.051,0.055,0.051,0.048,0.044,0.04,0.037,0.037,vial-vial
V43_1,V43_2,0.038,1.0,0.038,0.038,0.038,0.038,0.038,0.038,0.042,0.045,0.049,0.049,0.045,0.042,0.042,0.042,0.045,0.045,0.049,0.053,0.057,0.053,0.049,0.045,0.042,0.038,0.038,vial-vial
V44_0,V44_1,0.081,1.0,0.081,0.081,0.081,0.081,0.081,0.081,0.089,0.097,0.105,0.105,0.097,0.089,0.089,0.089,0.097,0.097,0.105,0.113,0.121,0.113,0.105,0.097,0.089,0.081,0.081,vial-vial
V44_1,V44_2,0.055,1.0,0.055,0.055,0.055,0.055,0.055,0.055,0.06,0.065,0.071,0.071,0.065,0.06,0.06,0.06,0.065,0.065,0.071,0.076,0.082,0.076,0.071,0.065,0.06,0.055,0.055,vial-vial
V45_0,V45_1,0.051,1.0,0.051,0.051,0.051,0.051,0.051,0.056,0.061,0.072,0.082,0.077,0.067,0.061,0.056,0.061,0.067,0.072,0.077,0.087,0.092,0.082,0.072,0.061,0.056,0.056,0.051,vial-vial
V45_1,V45_2,0.056,1.0,0.056,0.056,0.056,0.056,0.056,0.062,0.068,0.079,0.09,0.085,0.073,0.068,0.062,0.068,0.073,0.079,0.085,0.096,0.101,0.09,0.079,0.068,0.062,0.062,0.056,vial-vial
V46_0,V46_1,0.032,1.0,0.032,0.032,0.032,0.032,0.032,0.035,0.039,0.045,0.051,0.048,0.042,0.039,0.035,0.039,0.042,0.045,0.048,0.055,0.058,0.051,0.045,0.039,0.035,0.035,0.032,vial-vial
V46_1,V46_2,0.027,1.0,0.027,0.027,0.027,0.027,0.027,0.03,0.033,0.038,0.044,0.041,0.036,0.033,0.03,0.033,0.036,0.038,0.041,0.047,0.049,0.044,0.038,0.033,0.03,0.03,0.027,vial-vial
V47_0,V47_1,0.068,1.0,0.068,0.068,0.068,0.068,0.068,0.068,0.075,0.082,0.089,0.089,0.082,0.075,0.075,0.075,0.082,0.082,0.089,0.095,0.102,0.095,0.089,0.082,0.075,0.068,0.068,vial-vial
V47_1,V47_2,0.021,1.0,0.021,0.021,0.021,0.021,0.021,0.021,0.023,0.025,0.027,0.027,0.025,0.023,0.023,0.023,0.025,0.025,0.027,0.029,0.031,0.029,0.027,0.025,0.023,0.021,0.021,vial-vial
V48_0,V48_1,0.043,1.0,0.043,0.043,0.043,0.043,0.043,0.043,0.047,0.051,0.056,0.056,0.051,0.047,0.047,0.047,0.051,0.051,0.056,0.06,0.064,0.06,0.056,0.051,0.047,0.043,0.043,vial-vial
V48_1,V48_2,0.068,1.0,0.068,0.068,0.068,0.068,0.068,0.068,0.075,0.082,0.089,0.089,0.082,0.075,0.075,0.075,0.082,0.082,0.089,0.096,0.103,0.096,0.089,0.082,0.075,0.068,0.068,vial-vial
V49_0,V49_1,0.029,1.0,0.029,0.029,0.029,0.029,0.029,0.029,0.031,0.034,0.037,0.037,0.034,0.031,0.031,0.031,0.034,0.034,0.037,0.04,0.043,0.04,0.037,0.034,0.031,0.029,0.029,vial-vial
V49_1,V49_2,0.031,1.0,0.031,0.031,0.031,0.031,0.031,0.031,0.035,0.038,0.041,0.041,0.038,0.035,0.035,0.035,0.038,0.038,0.041,0.044,0.047,0.044,0.041,0.038,0.035,0.031,0.031,vial-vial
V50_0,V50_1,0.0,1.0,0.0,0.0,0.0,0.0,0.0,0.0,0.0,0.0,0.0,0.0,0.0,0.0,0.0,0.0,0.0,0.0,0.0,0.0,0.0,0.0,0.0,0.0,0.0,0.0,0.0,vial-vial
V50_1,V50_2,0.097,1.0,0.097,0.117,0.117,0.107,0.107,0.127,0.146,0.175,0.195,0.195,0.175,0.146,0.136,0.146,0.156,0.166,0.185,0.195,0.195,0.185,0.166,0.146,0.136,0.127,0.117,vial-vial
V51_0,V51_1,0.191,1.0,0.191,0.229,0.229,0.21,0.21,0.248,0.286,0.343,0.381,0.381,0.343,0.286,0.267,0.286,0.305,0.324,0.362,0.381,0.381,0.362,0.324,0.286,0.267,0.248,0.229,vial-vial
V51_1,V51_2,0.484,1.0,0.484,0.58,0.58,0.532,0.532,0.629,0.725,0.871,0.967,0.967,0.871,0.725,0.677,0.725,0.774,0.822,0.919,0.967,0.967,0.919,0.822,0.725,0.677,0.629,0.58,vial-vial
V52_0,V52_1,0.793,1.0,0.793,0.951,0.951,0.872,0.872,1.031,1.189,1.427,1.586,1.586,1.427,1.189,1.11,1.189,1.269,1.348,1.507,1.586,1.586,1.507,1.348,1.189,1.11,1.031,0.951,vial-vial
V52_1,V52_2,0.436,1.0,0.436,0.523,0.523,0.479,0.479,0.567,0.654,0.785,0.872,0.872,0.785,0.654,0.61,0.654,0.697,0.741,0.828,0.872,0.872,0.828,0.741,0.654,0.61,0.567,0.523,vial-vial
V53_0,V53_1,0.107,1.0,0.107,0.128,0.128,0.117,0.117,0.139,0.16,0.192,0.214,0.214,0.192,0.16,0.149,0.16,0.171,0.182,0.203,0.214,0.214,0.203,0.182,0.16,0.149,0.139,0.128,vial-vial
V53_1,V53_2,0.322,1.0,0.322,0.387,0.387,0.354,0.354,0.419,0.483,0.58,0.644,0.644,0.58,0.483,0.451,0.483,0.515,0.548,0.612,0.644,0.644,0.612,0.548,0.483,0.451,0.419,0.387,vial-vial
V54_0,V54_1,0.0,1.0,0.0,0.0,0.0,0.0,0.0,0.0,0.0,0.0,0.0,0.0,0.0,0.0,0.0,0.0,0.0,0.0,0.0,0.0,0.0,0.0,0.0,0.0,0.0,0.0,0.0,vial-vial
V54_1,V54_2,0.101,1.0,0.101,0.121,0.121,0.111,0.111,0.131,0.151,0.181,0.202,0.202,0.181,0.151,0.141,0.151,0.161,0.171,0.191,0.202,0.202,0.191,0.171,0.151,0.141,0.131,0.121,vial-vial
V55_0,V55_1,0.229,1.0,0.229,0.275,0.275,0.252,0.252,0.298,0.344,0.413,0.459,0.459,0.413,0.344,0.321,0.344,0.367,0.39,0.436,0.459,0.459,0.436,0.39,0.344,0.321,0.298,0.275,vial-vial
V55_1,V55_2,0.509,1.0,0.509,0.611,0.611,0.56,0.56,0.662,0.764,0.916,1.018,1.018,0.916,0.764,0.713,0.764,0.814,0.865,0.967,1.018,1.018,0.967,0.865,0.764,0.713,0.662,0.611,vial-vial
V56_0,V56_1,0.522,1.0,0.522,0.626,0.626,0.574,0.574,0.678,0.782,0.939,1.043,1.043,0.939,0.782,0.73,0.782,0.834,0.887,0.991,1.043,1.043,0.991,0.887,0.782,0.73,0.678,0.626,vial-vial
V56_1,V56_2,0.155,1.0,0.155,0.185,0.185,0.17,0.17,0.201,0.232,0.278,0.309,0.309,0.278,0.232,0.216,0.232,0.247,0.263,0.294,0.309,0.309,0.294,0.263,0.232,0.216,0.201,0.185,vial-vial
V57_0,V57_1,0.277,1.0,0.277,0.332,0.332,0.304,0.304,0.359,0.415,0.498,0.553,0.553,0.498,0.415,0.387,0.415,0.442,0.47,0.525,0.553,0.553,0.525,0.47,0.415,0.387,0.359,0.332,vial-vial
V57_1,V57_2,0.209,1.0,0.209,0.251,0.251,0.23,0.23,0.272,0.314,0.377,0.418,0.418,0.377,0.314,0.293,0.314,0.335,0.356,0.397,0.418,0.418,0.397,0.356,0.314,0.293,0.272,0.251,vial-vial
V58_0,V58_1,0.0,1.0,0.0,0.0,0.0,0.0,0.0,0.0,0.0,0.0,0.0,0.0,0.0,0.0,0.0,0.0,0.0,0.0,0.0,0.0,0.0,0.0,0.0,0.0,0.0,0.0,0.0,vial-vial
V58_1,V58_2,0.096,1.0,0.096,0.115,0.115,0.105,0.105,0.125,0.144,0.172,0.192,0.192,0.172,0.144,0.134,0.144,0.153,0.163,0.182,0.192,0.192,0.182,0.163,0.144,0.134,0.125,0.115,vial-vial
V59_0,V59_1,0.098,1.0,0.098,0.117,0.117,0.108,0.108,0.127,0.147,0.176,0.196,0.196,0.176,0.147,0.137,0.147,0.157,0.166,0.186,0.196,0.196,0.186,0.166,0.147,0.137,0.127,0.117,vial-vial
V59_1,V59_2,0.272,1.0,0.272,0.326,0.326,0.299,0.299,0.353,0.407,0.489,0.543,0.543,0.489,0.407,0.38,0.407,0.435,0.462,0.516,0.543,0.543,0.516,0.462,0.407,0.38,0.353,0.326,vial-vial
V60_0,V60_1,0.022,1.0,0.022,0.022,0.022,0.022,0.022,0.022,0.024,0.026,0.028,0.028,0.026,0.024,0.024,0.024,0.026,0.026,0.028,0.031,0.033,0.031,0.028,0.026,0.024,0.022,0.022,vial-vial
V60_1,V60_2,0.022,1.0,0.022,0.022,0.022,0.022,0.022,0.022,0.024,0.026,0.029,0.029,0.026,0.024,0.024,0.024,0.026,0.026,0.029,0.031,0.033,0.031,0.029,0.026,0.024,0.022,0.022,vial-vial
V61_0,V61_1,0.0,1.0,0.0,0.0,0.0,0.0,0.0,0.0,0.0,0.0,0.0,0.0,0.0,0.0,0.0,0.0,0.0,0.0,0.0,0.0,0.0,0.0,0.0,0.0,0.0,0.0,0.0,vial-vial
V61_1,V61_2,0.045,1.0,0.045,0.054,0.054,0.049,0.049,0.058,0.067,0.08,0.089,0.089,0.08,0.067,0.062,0.067,0.071,0.076,0.085,0.089,0.089,0.085,0.076,0.067,0.062,0.058,0.054,vial-vial
V62_0,V62_1,0.0,1.0,0.0,0.0,0.0,0.0,0.0,0.0,0.0,0.0,0.0,0.0,0.0,0.0,0.0,0.0,0.0,0.0,0.0,0.0,0.0,0.0,0.0,0.0,0.0,0.0,0.0,vial-vial
V62_1,V62_2,0.035,1.0,0.035,0.035,0.035,0.035,0.035,0.039,0.042,0.049,0.056,0.053,0.046,0.042,0.039,0.042,0.046,0.049,0.053,0.06,0.063,0.056,0.049,0.042,0.039,0.039,0.035,vial-vial
V63_0,V63_1,0.044,1.0,0.044,0.044,0.044,0.044,0.044,0.048,0.052,0.061,0.07,0.066,0.057,0.052,0.048,0.052,0.057,0.061,0.066,0.074,0.079,0.07,0.061,0.052,0.048,0.048,0.044,vial-vial
V63_1,V63_2,0.105,1.0,0.105,0.105,0.105,0.105,0.105,0.116,0.126,0.147,0.168,0.158,0.137,0.126,0.116,0.126,0.137,0.147,0.158,0.179,0.189,0.168,0.147,0.126,0.116,0.116,0.105,vial-vial
V64_0,V64_1,0.0,1.0,0.0,0.0,0.0,0.0,0.0,0.0,0.0,0.0,0.0,0.0,0.0,0.0,0.0,0.0,0.0,0.0,0.0,0.0,0.0,0.0,0.0,0.0,0.0,0.0,0.0,vial-vial
V64_1,V64_2,0.026,1.0,0.026,0.026,0.026,0.026,0.026,0.026,0.029,0.032,0.034,0.034,0.032,0.029,0.029,0.029,0.032,0.032,0.034,0.037,0.04,0.037,0.034,0.032,0.029,0.026,0.026,vial-vial
V65_0,V65_1,0.153,1.0,0.153,0.153,0.153,0.153,0.153,0.153,0.168,0.184,0.199,0.199,0.184,0.168,0.168,0.168,0.184,0.184,0.199,0.214,0.229,0.214,0.199,0.184,0.168,0.153,0.153,vial-vial
V65_1,V65_2,0.039,1.0,0.039,0.039,0.039,0.039,0.039,0.039,0.043,0.047,0.051,0.051,0.047,0.043,0.043,0.043,0.047,0.047,0.051,0.055,0.059,0.055,0.051,0.047,0.043,0.039,0.039,vial-vial
V66_0,V66_1,0.051,1.0,0.051,0.051,0.051,0.051,0.051,0.051,0.057,0.062,0.067,0.067,0.062,0.057,0.057,0.057,0.062,0.062,0.067,0.072,0.077,0.072,0.067,0.062,0.057,0.051,0.051,vial-vial
V66_1,V66_2,0.104,1.0,0.104,0.104,0.104,0.104,0.104,0.104,0.115,0.125,0.136,0.136,0.125,0.115,0.115,0.115,0.125,0.125,0.136,0.146,0.156,0.146,0.136,0.125,0.115,0.104,0.104,vial-vial
V67_0,V67_1,0.0,1.0,0.0,0.0,0.0,0.0,0.0,0.0,0.0,0.0,0.0,0.0,0.0,0.0,0.0,0.0,0.0,0.0,0.0,0.0,0.0,0.0,0.0,0.0,0.0,0.0,0.0,vial-vial
V67_1,V67_2,0.107,1.0,0.107,0.107,0.107,0.107,0.107,0.107,0.117,0.128,0.139,0.139,0.128,0.117,0.117,0.117,0.128,0.128,0.139,0.149,0.16,0.149,0.139,0.128,0.117,0.107,0.107,vial-vial
V68_0,V68_1,0.227,1.0,0.227,0.272,0.272,0.25,0.25,0.295,0.34,0.409,0.454,0.454,0.409,0.34,0.318,0.34,0.363,0.386,0.431,0.454,0.454,0.431,0.386,0.34,0.318,0.295,0.272,vial-vial
V68_1,V68_2,0.302,1.0,0.302,0.362,0.362,0.332,0.332,0.392,0.452,0.543,0.603,0.603,0.543,0.452,0.422,0.452,0.483,0.513,0.573,0.603,0.603,0.573,0.513,0.452,0.422,0.392,0.362,vial-vial
V69_0,V69_1,0.297,1.0,0.297,0.297,0.297,0.297,0.297,0.297,0.327,0.357,0.387,0.387,0.357,0.327,0.327,0.327,0.357,0.357,0.387,0.416,0.446,0.416,0.387,0.357,0.327,0.297,0.297,vial-vial
V69_1,V69_2,0.355,1.0,0.355,0.355,0.355,0.355,0.355,0.355,0.391,0.426,0.462,0.462,0.426,0.391,0.391,0.391,0.426,0.426,0.462,0.497,0.533,0.497,0.462,0.426,0.391,0.355,0.355,vial-vial
V70_0,V70_1,0.011,1.0,0.011,0.011,0.011,0.011,0.011,0.011,0.012,0.013,0.014,0.014,0.013,0.012,0.012,0.012,0.013,0.013,0.014,0.016,0.017,0.016,0.014,0.013,0.012,0.011,0.011,vial-vial
V70_1,V70_2,0.009,1.0,0.009,0.009,0.009,0.009,0.009,0.009,0.01,0.011,0.012,0.012,0.011,0.01,0.01,0.01,0.011,0.011,0.012,0.013,0.014,0.013,0.012,0.011,0.01,0.009,0.009,vial-vial
V71_0,V71_1,0.0,1.0,0.0,0.0,0.0,0.0,0.0,0.0,0.0,0.0,0.0,0.0,0.0,0.0,0.0,0.0,0.0,0.0,0.0,0.0,0.0,0.0,0.0,0.0,0.0,0.0,0.0,vial-vial
V71_1,V71_2,0.01,1.0,0.01,0.01,0.01,0.01,0.01,0.01,0.011,0.012,0.013,0.013,0.012,0.011,0.011,0.011,0.012,0.012,0.013,0.014,0.015,0.014,0.013,0.012,0.011,0.01,0.01,vial-vial
V72_0,V72_1,0.0,1.0,0.0,0.0,0.0,0.0,0.0,0.0,0.0,0.0,0.0,0.0,0.0,0.0,0.0,0.0,0.0,0.0,0.0,0.0,0.0,0.0,0.0,0.0,0.0,0.0,0.0,vial-vial
V72_1,V72_2,0.013,1.0,0.013,0.013,0.013,0.013,0.013,0.013,0.014,0.016,0.017,0.017,0.016,0.014,0.014,0.014,0.016,0.016,0.017,0.018,0.019,0.018,0.017,0.016,0.014,0.013,0.013,vial-vial
V73_0,V73_1,0.059,1.0,0.059,0.059,0.059,0.059,0.059,0.065,0.071,0.083,0.095,0.089,0.077,0.071,0.065,0.071,0.077,0.083,0.089,0.101,0.107,0.095,0.083,0.071,0.065,0.065,0.059,vial-vial
V73_1,V73_2,0.071,1.0,0.071,0.071,0.071,0.071,0.071,0.078,0.085,0.1,0.114,0.107,0.092,0.085,0.078,0.085,0.092,0.1,0.107,0.121,0.128,0.114,0.1,0.085,0.078,0.078,0.071,vial-vial
V74_0,V74_1,1.547,1.0,1.547,1.856,1.856,1.702,1.702,2.011,2.321,2.785,3.094,3.094,2.785,2.321,2.166,2.321,2.475,2.63,2.939,3.094,3.094,2.939,2.63,2.321,2.166,2.011,1.856,vial-vial
V74_1,V74_2,1.493,1.0,1.493,1.791,1.791,1.642,1.642,1.94,2.239,2.687,2.985,2.985,2.687,2.239,2.09,2.239,2.388,2.537,2.836,2.985,2.985,2.836,2.537,2.239,2.09,1.94,1.791,vial-vial
V75_0,V75_1,0.114,1.0,0.114,0.114,0.114,0.114,0.114,0.114,0.126,0.137,0.149,0.149,0.137,0.126,0.126,0.126,0.137,0.137,0.149,0.16,0.171,0.16,0.149,0.137,0.126,0.114,0.114,vial-vial
V75_1,V75_2,0.083,1.0,0.083,0.083,0.083,0.083,0.083,0.083,0.091,0.099,0.107,0.107,0.099,0.091,0.091,0.091,0.099,0.099,0.107,0.116,0.124,0.116,0.107,0.099,0.091,0.083,0.083,vial-vial
V76_0,V76_1,0.0,1.0,0.0,0.0,0.0,0.0,0.0,0.0,0.0,0.0,0.0,0.0,0.0,0.0,0.0,0.0,0.0,0.0,0.0,0.0,0.0,0.0,0.0,0.0,0.0,0.0,0.0,vial-vial
V76_1,V76_2,0.007,1.0,0.007,0.007,0.007,0.007,0.007,0.007,0.008,0.008,0.009,0.009,0.008,0.008,0.008,0.008,0.008,0.008,0.009,0.01,0.01,0.01,0.009,0.008,0.008,0.007,0.007,vial-vial
V77_0,V77_1,0.074,1.0,0.074,0.074,0.074,0.074,0.074,0.082,0.089,0.104,0.119,0.111,0.096,0.089,0.082,0.089,0.096,0.104,0.111,0.126,0.133,0.119,0.104,0.089,0.082,0.082,0.074,vial-vial
V77_1,V77_2,0.041,1.0,0.041,0.041,0.041,0.041,0.041,0.045,0.049,0.057,0.065,0.061,0.053,0.049,0.045,0.049,0.053,0.057,0.061,0.069,0.073,0.065,0.057,0.049,0.045,0.045,0.041,vial-vial
V78_0,V78_1,0.105,1.0,0.105,0.105,0.105,0.105,0.105,0.115,0.126,0.146,0.167,0.157,0.136,0.126,0.115,0.126,0.136,0.146,0.157,0.178,0.188,0.167,0.146,0.126,0.115,0.115,0.105,vial-vial
V78_1,V78_2,0.158,1.0,0.158,0.158,0.158,0.158,0.158,0.174,0.19,0.222,0.253,0.238,0.206,0.19,0.174,0.19,0.206,0.222,0.238,0.269,0.285,0.253,0.222,0.19,0.174,0.174,0.158,vial-vial
V79_0,V79_1,0.092,1.0,0.092,0.092,0.092,0.092,0.092,0.101,0.11,0.129,0.147,0.138,0.119,0.11,0.101,0.11,0.119,0.129,0.138,0.156,0.165,0.147,0.129,0.11,0.101,0.101,0.092,vial-vial
V79_1,V79_2,0.043,1.0,0.043,0.043,0.043,0.043,0.043,0.048,0.052,0.061,0.069,0.065,0.056,0.052,0.048,0.052,0.056,0.061,0.065,0.074,0.078,0.069,0.061,0.052,0.048,0.048,0.043,vial-vial
relation/11632168,V3_2,0.339,1.0,0.339,0.339,0.339,0.339,0.339,0.373,0.407,0.475,0.543,0.509,0.441,0.407,0.373,0.407,0.441,0.475,0.509,0.577,0.611,0.543,0.475,0.407,0.373,0.373,0.339,hospital-vial
relation/11632168,V55_1,0.452,1.0,0.452,0.543,0.543,0.497,0.497,0.588,0.678,0.814,0.904,0.904,0.814,0.678,0.633,0.678,0.723,0.769,0.859,0.904,0.904,0.859,0.769,0.678,0.633,0.588,0.543,hospital-vial
relation/11632168,V52_2,0.486,1.0,0.486,0.583,0.583,0.535,0.535,0.632,0.729,0.875,0.972,0.972,0.875,0.729,0.681,0.729,0.778,0.826,0.924,0.972,0.972,0.924,0.826,0.729,0.681,0.632,0.583,hospital-vial
way/27804337,V16_2,0.876,1.0,0.876,0.876,0.876,0.876,0.876,0.876,0.964,1.051,1.139,1.139,1.051,0.964,0.964,0.964,1.051,1.051,1.139,1.226,1.314,1.226,1.139,1.051,0.964,0.876,0.876,hospital-vial
way/27804337,V16_1,0.892,1.0,0.892,0.892,0.892,0.892,0.892,0.892,0.981,1.07,1.16,1.16,1.07,0.981,0.981,0.981,1.07,1.07,1.16,1.249,1.338,1.249,1.16,1.07,0.981,0.892,0.892,hospital-vial
way/27804337,V17_0,0.897,1.0,0.897,0.897,0.897,0.897,0.897,0.897,0.987,1.076,1.166,1.166,1.076,0.987,0.987,0.987,1.076,1.076,1.166,1.256,1.345,1.256,1.166,1.076,0.987,0.897,0.897,hospital-vial
node/319436637,V53_0,0.325,1.0,0.325,0.39,0.39,0.357,0.357,0.422,0.487,0.585,0.65,0.65,0.585,0.487,0.455,0.487,0.52,0.552,0.617,0.65,0.65,0.617,0.552,0.487,0.455,0.422,0.39,hospital-vial
node/319436637,V53_1,0.331,1.0,0.331,0.397,0.397,0.364,0.364,0.43,0.496,0.595,0.661,0.661,0.595,0.496,0.463,0.496,0.529,0.562,0.628,0.661,0.661,0.628,0.562,0.496,0.463,0.43,0.397,hospital-vial
node/319436637,V52_2,0.336,1.0,0.336,0.403,0.403,0.37,0.37,0.437,0.504,0.605,0.672,0.672,0.605,0.504,0.471,0.504,0.538,0.572,0.639,0.672,0.672,0.639,0.572,0.504,0.471,0.437,0.403,hospital-vial
node/739035810,V3_2,0.341,1.0,0.341,0.341,0.341,0.341,0.341,0.375,0.409,0.477,0.545,0.511,0.443,0.409,0.375,0.409,0.443,0.477,0.511,0.579,0.613,0.545,0.477,0.409,0.375,0.375,0.341,hospital-vial
node/739035810,V55_1,0.399,1.0,0.399,0.478,0.478,0.439,0.439,0.518,0.598,0.718,0.797,0.797,0.718,0.598,0.558,0.598,0.638,0.678,0.757,0.797,0.797,0.757,0.678,0.598,0.558,0.518,0.478,hospital-vial
node/739035810,V52_2,0.467,1.0,0.467,0.56,0.56,0.513,0.513,0.606,0.7,0.84,0.933,0.933,0.84,0.7,0.653,0.7,0.746,0.793,0.886,0.933,0.933,0.886,0.793,0.7,0.653,0.606,0.56,hospital-vial
way/883666969,V7_1,0.352,1.0,0.352,0.352,0.352,0.352,0.352,0.387,0.422,0.493,0.563,0.528,0.458,0.422,0.387,0.422,0.458,0.493,0.528,0.598,0.634,0.563,0.493,0.422,0.387,0.387,0.352,hospital-vial
way/883666969,V7_2,0.409,1.0,0.409,0.409,0.409,0.409,0.409,0.45,0.49,0.572,0.654,0.613,0.531,0.49,0.45,0.49,0.531,0.572,0.613,0.695,0.736,0.654,0.572,0.49,0.45,0.45,0.409,hospital-vial
way/883666969,V11_0,0.496,1.0,0.496,0.496,0.496,0.496,0.496,0.545,0.595,0.694,0.793,0.744,0.644,0.595,0.545,0.595,0.644,0.694,0.744,0.843,0.892,0.793,0.694,0.595,0.545,0.545,0.496,hospital-vial
way/986068924,V45_1,1.235,1.0,1.235,1.235,1.235,1.235,1.235,1.359,1.482,1.729,1.976,1.853,1.606,1.482,1.359,1.482,1.606,1.729,1.853,2.1,2.224,1.976,1.729,1.482,1.359,1.359,1.235,hospital-vial
way/986068924,V45_2,1.237,1.0,1.237,1.237,1.237,1.237,1.237,1.361,1.485,1.732,1.98,1.856,1.608,1.485,1.361,1.485,1.608,1.732,1.856,2.103,2.227,1.98,1.732,1.485,1.361,1.361,1.237,hospital-vial
way/986068924,V45_0,1.283,1.0,1.283,1.283,1.283,1.283,1.283,1.412,1.54,1.797,2.053,1.925,1.668,1.54,1.412,1.54,1.668,1.797,1.925,2.182,2.31,2.053,1.797,1.54,1.412,1.412,1.283,hospital-vial
way/1364990384,V4_0,0.267,1.0,0.267,0.267,0.267,0.267,0.267,0.294,0.32,0.374,0.427,0.4,0.347,0.32,0.294,0.32,0.347,0.374,0.4,0.454,0.481,0.427,0.374,0.32,0.294,0.294,0.267,hospital-vial
way/1364990384,V25_0,0.28,1.0,0.28,0.336,0.336,0.308,0.308,0.364,0.42,0.504,0.56,0.56,0.504,0.42,0.392,0.42,0.448,0.476,0.532,0.56,0.56,0.532,0.476,0.42,0.392,0.364,0.336,hospital-vial
way/1364990384,V25_1,0.321,1.0,0.321,0.385,0.385,0.353,0.353,0.417,0.481,0.578,0.642,0.642,0.578,0.481,0.449,0.481,0.514,0.546,0.61,0.642,0.642,0.61,0.546,0.481,0.449,0.417,0.385,hospital-vial
way/1365216619,V4_2,0.147,1.0,0.147,0.147,0.147,0.147,0.147,0.161,0.176,0.205,0.235,0.22,0.191,0.176,0.161,0.176,0.191,0.205,0.22,0.249,0.264,0.235,0.205,0.176,0.161,0.161,0.147,hospital-vial
way/1365216619,V4_1,0.223,1.0,0.223,0.223,0.223,0.223,0.223,0.246,0.268,0.313,0.358,0.335,0.29,0.268,0.246,0.268,0.29,0.313,0.335,0.38,0.402,0.358,0.313,0.268,0.246,0.246,0.223,hospital-vial
way/1365216619,V25_2,0.234,1.0,0.234,0.281,0.281,0.257,0.257,0.304,0.351,0.421,0.468,0.468,0.421,0.351,0.327,0.351,0.374,0.398,0.444,0.468,0.468,0.444,0.398,0.351,0.327,0.304,0.281,hospital-vial
way/1365266055,V4_2,0.132,1.0,0.132,0.132,0.132,0.132,0.132,0.146,0.159,0.185,0.212,0.198,0.172,0.159,0.146,0.159,0.172,0.185,0.198,0.225,0.238,0.212,0.185,0.159,0.146,0.146,0.132,hospital-vial
way/1365266055,V4_1,0.175,1.0,0.175,0.175,0.175,0.175,0.175,0.193,0.21,0.245,0.28,0.263,0.228,0.21,0.193,0.21,0.228,0.245,0.263,0.298,0.315,0.28,0.245,0.21,0.193,0.193,0.175,hospital-vial
way/1365266055,V25_2,0.187,1.0,0.187,0.224,0.224,0.206,0.206,0.243,0.28,0.337,0.374,0.374,0.337,0.28,0.262,0.28,0.299,0.318,0.355,0.374,0.374,0.355,0.318,0.28,0.262,0.243,0.224,hospital-vial
node/2324519237,V69_2,2.367,1.0,2.367,2.367,2.367,2.367,2.367,2.367,2.604,2.841,3.078,3.078,2.841,2.604,2.604,2.604,2.841,2.841,3.078,3.314,3.551,3.314,3.078,2.841,2.604,2.367,2.367,hospital-vial
node/2324519237,V66_2,2.544,1.0,2.544,2.544,2.544,2.544,2.544,2.544,2.799,3.053,3.308,3.308,3.053,2.799,2.799,2.799,3.053,3.053,3.308,3.562,3.817,3.562,3.308,3.053,2.799,2.544,2.544,hospital-vial
node/2324519237,V69_1,2.544,1.0,2.544,2.544,2.544,2.544,2.544,2.544,2.799,3.053,3.308,3.308,3.053,2.799,2.799,2.799,3.053,3.053,3.308,3.562,3.817,3.562,3.308,3.053,2.799,2.544,2.544,hospital-vial
node/3977351148,V27_0,4.109,1.0,4.109,4.931,4.931,4.52,4.52,5.342,6.164,7.397,8.218,8.218,7.397,6.164,5.753,6.164,6.575,6.986,7.808,8.218,8.218,7.808,6.986,6.164,5.753,5.342,4.931,hospital-vial
node/3977351148,V27_1,4.109,1.0,4.109,4.931,4.931,4.52,4.52,5.342,6.164,7.397,8.218,8.218,7.397,6.164,5.753,6.164,6.575,6.986,7.808,8.218,8.218,7.808,6.986,6.164,5.753,5.342,4.931,hospital-vial
node/3977351148,V38_0,4.118,1.0,4.118,4.118,4.118,4.118,4.118,4.53,4.942,5.765,6.589,6.177,5.353,4.942,4.53,4.942,5.353,5.765,6.177,7.001,7.413,6.589,5.765,4.942,4.53,4.53,4.118,hospital-vial
node/4403446355,V53_0,0.333,1.0,0.333,0.399,0.399,0.366,0.366,0.433,0.499,0.599,0.666,0.666,0.599,0.499,0.466,0.499,0.532,0.566,0.632,0.666,0.666,0.632,0.566,0.499,0.466,0.433,0.399,hospital-vial
node/4403446355,V52_2,0.336,1.0,0.336,0.403,0.403,0.369,0.369,0.436,0.503,0.604,0.671,0.671,0.604,0.503,0.47,0.503,0.537,0.57,0.638,0.671,0.671,0.638,0.57,0.503,0.47,0.436,0.403,hospital-vial
node/4403446355,V55_0,0.348,1.0,0.348,0.418,0.418,0.383,0.383,0.453,0.523,0.627,0.697,0.697,0.627,0.523,0.488,0.523,0.557,0.592,0.662,0.697,0.697,0.662,0.592,0.523,0.488,0.453,0.418,hospital-vial
node/9768668045,V69_2,2.344,1.0,2.344,2.344,2.344,2.344,2.344,2.344,2.578,2.813,3.047,3.047,2.813,2.578,2.578,2.578,2.813,2.813,3.047,3.281,3.516,3.281,3.047,2.813,2.578,2.344,2.344,hospital-vial
node/9768668045,V66_2,2.522,1.0,2.522,2.522,2.522,2.522,2.522,2.522,2.774,3.026,3.279,3.279,3.026,2.774,2.774,2.774,3.026,3.026,3.279,3.531,3.783,3.531,3.279,3.026,2.774,2.522,2.522,hospital-vial
node/9768668045,V69_1,2.522,1.0,2.522,2.522,2.522,2.522,2.522,2.522,2.774,3.026,3.279,3.279,3.026,2.774,2.774,2.774,3.026,3.026,3.279,3.531,3.783,3.531,3.279,3.026,2.774,2.522,2.522,hospital-vial
V0_0,V50_0,0.215,1.0,0.215,0.215,0.215,0.215,0.215,0.237,0.258,0.301,0.344,0.323,0.28,0.258,0.237,0.258,0.28,0.301,0.323,0.366,0.387,0.344,0.301,0.258,0.237,0.237,0.215,conexion-vial-cercana
V0_0,V50_1,0.215,1.0,0.215,0.215,0.215,0.215,0.215,0.237,0.258,0.301,0.344,0.323,0.28,0.258,0.237,0.258,0.28,0.301,0.323,0.366,0.387,0.344,0.301,0.258,0.237,0.237,0.215,conexion-vial-cercana
V0_0,V58_2,0.227,1.0,0.227,0.227,0.227,0.227,0.227,0.25,0.272,0.318,0.363,0.34,0.295,0.272,0.25,0.272,0.295,0.318,0.34,0.386,0.409,0.363,0.318,0.272,0.25,0.25,0.227,conexion-vial-cercana
V0_0,V50_2,0.231,1.0,0.231,0.231,0.231,0.231,0.231,0.255,0.278,0.324,0.37,0.347,0.301,0.278,0.255,0.278,0.301,0.324,0.347,0.393,0.417,0.37,0.324,0.278,0.255,0.255,0.231,conexion-vial-cercana
V0_0,V58_0,0.241,1.0,0.241,0.241,0.241,0.241,0.241,0.265,0.29,0.338,0.386,0.362,0.314,0.29,0.265,0.29,0.314,0.338,0.362,0.41,0.434,0.386,0.338,0.29,0.265,0.265,0.241,conexion-vial-cercana
V0_0,V58_1,0.241,1.0,0.241,0.241,0.241,0.241,0.241,0.265,0.29,0.338,0.386,0.362,0.314,0.29,0.265,0.29,0.314,0.338,0.362,0.41,0.434,0.386,0.338,0.29,0.265,0.265,0.241,conexion-vial-cercana
V0_0,V0_1,0.376,1.0,0.376,0.376,0.376,0.376,0.376,0.414,0.451,0.527,0.602,0.564,0.489,0.451,0.414,0.451,0.489,0.527,0.564,0.64,0.677,0.602,0.527,0.451,0.414,0.414,0.376,conexion-vial-cercana
V0_0,V74_1,0.455,1.0,0.455,0.455,0.455,0.455,0.455,0.5,0.546,0.637,0.728,0.682,0.591,0.546,0.5,0.546,0.591,0.637,0.682,0.773,0.819,0.728,0.637,0.546,0.5,0.5,0.455,conexion-vial-cercana
V0_1,V0_2,0.204,1.0,0.204,0.204,0.204,0.204,0.204,0.224,0.245,0.286,0.326,0.306,0.265,0.245,0.224,0.245,0.265,0.286,0.306,0.347,0.367,0.326,0.286,0.245,0.224,0.224,0.204,conexion-vial-cercana
V0_1,V0_0,0.376,1.0,0.376,0.376,0.376,0.376,0.376,0.414,0.451,0.527,0.602,0.564,0.489,0.451,0.414,0.451,0.489,0.527,0.564,0.64,0.677,0.602,0.527,0.451,0.414,0.414,0.376,conexion-vial-cercana
V0_1,V50_0,0.585,1.0,0.585,0.585,0.585,0.585,0.585,0.644,0.702,0.82,0.937,0.878,0.761,0.702,0.644,0.702,0.761,0.82,0.878,0.995,1.054,0.937,0.82,0.702,0.644,0.644,0.585,conexion-vial-cercana
V0_1,V50_1,0.585,1.0,0.585,0.585,0.585,0.585,0.585,0.644,0.702,0.82,0.937,0.878,0.761,0.702,0.644,0.702,0.761,0.82,0.878,0.995,1.054,0.937,0.82,0.702,0.644,0.644,0.585,conexion-vial-cercana
V0_1,V58_2,0.597,1.0,0.597,0.597,0.597,0.597,0.597,0.657,0.716,0.836,0.955,0.896,0.776,0.716,0.657,0.716,0.776,0.836,0.896,1.015,1.075,0.955,0.836,0.716,0.657,0.657,0.597,conexion-vial-cercana
V0_1,V50_2,0.606,1.0,0.606,0.606,0.606,0.606,0.606,0.667,0.728,0.849,0.97,0.909,0.788,0.728,0.667,0.728,0.788,0.849,0.909,1.031,1.091,0.97,0.849,0.728,0.667,0.667,0.606,conexion-vial-cercana
V0_1,V58_0,0.617,1.0,0.617,0.617,0.617,0.617,0.617,0.678,0.74,0.863,0.987,0.925,0.802,0.74,0.678,0.74,0.802,0.863,0.925,1.048,1.11,0.987,0.863,0.74,0.678,0.678,0.617,conexion-vial-cercana
V0_1,V58_1,0.617,1.0,0.617,0.617,0.617,0.617,0.617,0.678,0.74,0.863,0.987,0.925,0.802,0.74,0.678,0.74,0.802,0.863,0.925,1.048,1.11,0.987,0.863,0.74,0.678,0.678,0.617,conexion-vial-cercana
V0_2,V0_1,0.204,1.0,0.204,0.204,0.204,0.204,0.204,0.224,0.245,0.286,0.326,0.306,0.265,0.245,0.224,0.245,0.265,0.286,0.306,0.347,0.367,0.326,0.286,0.245,0.224,0.224,0.204,conexion-vial-cercana
V0_2,V0_0,0.571,1.0,0.571,0.571,0.571,0.571,0.571,0.628,0.685,0.799,0.913,0.856,0.742,0.685,0.628,0.685,0.742,0.799,0.856,0.971,1.028,0.913,0.799,0.685,0.628,0.628,0.571,conexion-vial-cercana
V0_2,V50_0,0.784,1.0,0.784,0.784,0.784,0.784,0.784,0.862,0.941,1.098,1.254,1.176,1.019,0.941,0.862,0.941,1.019,1.098,1.176,1.333,1.411,1.254,1.098,0.941,0.862,0.862,0.784,conexion-vial-cercana
V0_2,V50_1,0.784,1.0,0.784,0.784,0.784,0.784,0.784,0.862,0.941,1.098,1.254,1.176,1.019,0.941,0.862,0.941,1.019,1.098,1.176,1.333,1.411,1.254,1.098,0.941,0.862,0.862,0.784,conexion-vial-cercana
V0_2,V58_2,0.796,1.0,0.796,0.796,0.796,0.796,0.796,0.875,0.955,1.114,1.273,1.194,1.034,0.955,0.875,0.955,1.034,1.114,1.194,1.353,1.432,1.273,1.114,0.955,0.875,0.875,0.796,conexion-vial-cercana
V0_2,V50_2,0.796,1.0,0.796,0.796,0.796,0.796,0.796,0.876,0.956,1.115,1.274,1.195,1.035,0.956,0.876,0.956,1.035,1.115,1.195,1.354,1.434,1.274,1.115,0.956,0.876,0.876,0.796,conexion-vial-cercana
V0_2,V6_2,0.801,1.0,0.801,0.801,0.801,0.801,0.801,0.881,0.962,1.122,1.282,1.202,1.042,0.962,0.881,0.962,1.042,1.122,1.202,1.362,1.442,1.282,1.122,0.962,0.881,0.881,0.801,conexion-vial-cercana
V0_2,V58_0,0.807,1.0,0.807,0.807,0.807,0.807,0.807,0.888,0.969,1.13,1.292,1.211,1.049,0.969,0.888,0.969,1.049,1.13,1.211,1.372,1.453,1.292,1.13,0.969,0.888,0.888,0.807,conexion-vial-cercana
V1_0,V1_1,0.332,1.0,0.332,0.332,0.332,0.332,0.332,0.365,0.398,0.465,0.531,0.498,0.432,0.398,0.365,0.398,0.432,0.465,0.498,0.564,0.598,0.531,0.465,0.398,0.365,0.365,0.332,conexion-vial-cercana
V1_0,V1_2,0.396,1.0,0.396,0.396,0.396,0.396,0.396,0.436,0.475,0.554,0.633,0.594,0.515,0.475,0.436,0.475,0.515,0.554,0.594,0.673,0.713,0.633,0.554,0.475,0.436,0.436,0.396,conexion-vial-cercana
V1_0,V6_0,0.489,1.0,0.489,0.489,0.489,0.489,0.489,0.537,0.586,0.684,0.782,0.733,0.635,0.586,0.537,0.586,0.635,0.684,0.733,0.83,0.879,0.782,0.684,0.586,0.537,0.537,0.489,conexion-vial-cercana
V1_0,V6_1,0.6,1.0,0.6,0.6,0.6,0.6,0.6,0.66,0.72,0.84,0.96,0.9,0.78,0.72,0.66,0.72,0.78,0.84,0.9,1.02,1.08,0.96,0.84,0.72,0.66,0.66,0.6,conexion-vial-cercana
V1_0,V6_2,0.721,1.0,0.721,0.721,0.721,0.721,0.721,0.793,0.865,1.01,1.154,1.082,0.937,0.865,0.793,0.865,0.937,1.01,1.082,1.226,1.298,1.154,1.01,0.865,0.793,0.793,0.721,conexion-vial-cercana
V1_0,V0_1,1.51,1.0,1.51,1.51,1.51,1.51,1.51,1.661,1.812,2.114,2.416,2.265,1.963,1.812,1.661,1.812,1.963,2.114,2.265,2.567,2.718,2.416,2.114,1.812,1.661,1.661,1.51,conexion-vial-cercana
V1_0,V0_2,1.51,1.0,1.51,1.51,1.51,1.51,1.51,1.662,1.813,2.115,2.417,2.266,1.964,1.813,1.662,1.813,1.964,2.115,2.266,2.568,2.719,2.417,2.115,1.813,1.662,1.662,1.51,conexion-vial-cercana
V1_0,V67_0,1.526,1.0,1.526,1.526,1.526,1.526,1.526,1.678,1.831,2.136,2.441,2.288,1.983,1.831,1.678,1.831,1.983,2.136,2.288,2.593,2.746,2.441,2.136,1.831,1.678,1.678,1.526,conexion-vial-cercana
V1_1,V1_2,0.064,1.0,0.064,0.064,0.064,0.064,0.064,0.07,0.077,0.09,0.102,0.096,0.083,0.077,0.07,0.077,0.083,0.09,0.096,0.109,0.115,0.102,0.09,0.077,0.07,0.07,0.064,conexion-vial-cercana
V1_1,V1_0,0.332,1.0,0.332,0.332,0.332,0.332,0.332,0.365,0.398,0.465,0.531,0.498,0.432,0.398,0.365,0.398,0.432,0.465,0.498,0.564,0.598,0.531,0.465,0.398,0.365,0.365,0.332,conexion-vial-cercana
V1_1,V6_0,0.725,1.0,0.725,0.725,0.725,0.725,0.725,0.797,0.87,1.015,1.16,1.087,0.942,0.87,0.797,0.87,0.942,1.015,1.087,1.232,1.305,1.16,1.015,0.87,0.797,0.797,0.725,conexion-vial-cercana
V1_1,V6_1,0.805,1.0,0.805,0.805,0.805,0.805,0.805,0.886,0.966,1.127,1.288,1.208,1.047,0.966,0.886,0.966,1.047,1.127,1.208,1.369,1.449,1.288,1.127,0.966,0.886,0.886,0.805,conexion-vial-cercana
V1_1,V6_2,0.9,1.0,0.9,0.9,0.9,0.9,0.9,0.99,1.08,1.26,1.44,1.35,1.17,1.08,0.99,1.08,1.17,1.26,1.35,1.53,1.62,1.44,1.26,1.08,0.99,0.99,0.9,conexion-vial-cercana
V1_1,V0_2,1.626,1.0,1.626,1.626,1.626,1.626,1.626,1.788,1.951,2.276,2.601,2.439,2.114,1.951,1.788,1.951,2.114,2.276,2.439,2.764,2.926,2.601,2.276,1.951,1.788,1.788,1.626,conexion-vial-cercana
V1_1,V0_1,1.664,1.0,1.664,1.664,1.664,1.664,1.664,1.831,1.997,2.33,2.663,2.497,2.164,1.997,1.831,1.997,2.164,2.33,2.497,2.83,2.996,2.663,2.33,1.997,1.831,1.831,1.664,conexion-vial-cercana
V1_1,V4_1,1.694,1.0,1.694,1.694,1.694,1.694,1.694,1.864,2.033,2.372,2.711,2.541,2.203,2.033,1.864,2.033,2.203,2.372,2.541,2.88,3.05,2.711,2.372,2.033,1.864,1.864,1.694,conexion-vial-cercana
V1_2,V1_1,0.064,1.0,0.064,0.064,0.064,0.064,0.064,0.07,0.077,0.09,0.102,0.096,0.083,0.077,0.07,0.077,0.083,0.09,0.096,0.109,0.115,0.102,0.09,0.077,0.07,0.07,0.064,conexion-vial-cercana
V1_2,V1_0,0.396,1.0,0.396,0.396,0.396,0.396,0.396,0.436,0.475,0.554,0.633,0.594,0.515,0.475,0.436,0.475,0.515,0.554,0.594,0.673,0.713,0.633,0.554,0.475,0.436,0.436,0.396,conexion-vial-cercana
V1_2,V6_0,0.778,1.0,0.778,0.778,0.778,0.778,0.778,0.856,0.934,1.089,1.245,1.167,1.012,0.934,0.856,0.934,1.012,1.089,1.167,1.323,1.401,1.245,1.089,0.934,0.856,0.856,0.778,conexion-vial-cercana
V1_2,V6_1,0.854,1.0,0.854,0.854,0.854,0.854,0.854,0.939,1.024,1.195,1.366,1.281,1.11,1.024,0.939,1.024,1.11,1.195,1.281,1.451,1.537,1.366,1.195,1.024,0.939,0.939,0.854,conexion-vial-cercana
V1_2,V6_2,0.944,1.0,0.944,0.944,0.944,0.944,0.944,1.038,1.133,1.321,1.51,1.416,1.227,1.133,1.038,1.133,1.227,1.321,1.416,1.604,1.699,1.51,1.321,1.133,1.038,1.038,0.944,conexion-vial-cercana
V1_2,V0_2,1.654,1.0,1.654,1.654,1.654,1.654,1.654,1.82,1.985,2.316,2.647,2.481,2.151,1.985,1.82,1.985,2.151,2.316,2.481,2.812,2.978,2.647,2.316,1.985,1.82,1.82,1.654,conexion-vial-cercana
V1_2,V4_2,1.676,1.0,1.676,1.676,1.676,1.676,1.676,1.844,2.011,2.347,2.682,2.514,2.179,2.011,1.844,2.011,2.179,2.347,2.514,2.85,3.017,2.682,2.347,2.011,1.844,1.844,1.676,conexion-vial-cercana
V1_2,V4_1,1.68,1.0,1.68,1.68,1.68,1.68,1.68,1.848,2.016,2.352,2.688,2.52,2.184,2.016,1.848,2.016,2.184,2.352,2.52,2.857,3.025,2.688,2.352,2.016,1.848,1.848,1.68,conexion-vial-cercana
V2_0,V2_1,0.109,1.0,0.109,0.12,0.12,0.12,0.12,0.131,0.142,0.174,0.196,0.185,0.164,0.142,0.131,0.142,0.153,0.164,0.185,0.207,0.218,0.196,0.174,0.153,0.142,0.131,0.12,conexion-vial-cercana
V2_0,V2_2,0.269,1.0,0.269,0.296,0.296,0.296,0.296,0.323,0.35,0.43,0.484,0.457,0.403,0.35,0.323,0.35,0.376,0.403,0.457,0.511,0.538,0.484,0.43,0.376,0.35,0.323,0.296,conexion-vial-cercana
V2_0,V52_0,0.296,1.0,0.296,0.326,0.326,0.326,0.326,0.356,0.385,0.474,0.533,0.504,0.444,0.385,0.356,0.385,0.415,0.444,0.504,0.563,0.593,0.533,0.474,0.415,0.385,0.356,0.326,conexion-vial-cercana
V2_0,V54_2,0.296,1.0,0.296,0.326,0.326,0.326,0.326,0.356,0.385,0.474,0.533,0.504,0.444,0.385,0.356,0.385,0.415,0.444,0.504,0.563,0.593,0.533,0.474,0.415,0.385,0.356,0.326,conexion-vial-cercana
V2_0,V54_0,0.363,1.0,0.363,0.399,0.399,0.399,0.399,0.436,0.472,0.581,0.653,0.617,0.544,0.472,0.436,0.472,0.508,0.544,0.617,0.69,0.726,0.653,0.581,0.508,0.472,0.436,0.399,conexion-vial-cercana
V2_0,V54_1,0.363,1.0,0.363,0.399,0.399,0.399,0.399,0.436,0.472,0.581,0.653,0.617,0.544,0.472,0.436,0.472,0.508,0.544,0.617,0.69,0.726,0.653,0.581,0.508,0.472,0.436,0.399,conexion-vial-cercana
V2_0,V55_2,0.371,1.0,0.371,0.408,0.408,0.408,0.408,0.445,0.482,0.593,0.667,0.63,0.556,0.482,0.445,0.482,0.519,0.556,0.63,0.704,0.741,0.667,0.593,0.519,0.482,0.445,0.408,conexion-vial-cercana
V2_0,V78_0,0.507,1.0,0.507,0.558,0.558,0.558,0.558,0.608,0.659,0.811,0.912,0.862,0.76,0.659,0.608,0.659,0.71,0.76,0.862,0.963,1.014,0.912,0.811,0.71,0.659,0.608,0.558,conexion-vial-cercana
V2_1,V2_0,0.109,1.0,0.109,0.12,0.12,0.12,0.12,0.131,0.142,0.174,0.196,0.185,0.164,0.142,0.131,0.142,0.153,0.164,0.185,0.207,0.218,0.196,0.174,0.153,0.142,0.131,0.12,conexion-vial-cercana
V2_1,V2_2,0.169,1.0,0.169,0.186,0.186,0.186,0.186,0.203,0.22,0.271,0.305,0.288,0.254,0.22,0.203,0.22,0.237,0.254,0.288,0.322,0.339,0.305,0.271,0.237,0.22,0.203,0.186,conexion-vial-cercana
V2_1,V52_0,0.403,1.0,0.403,0.443,0.443,0.443,0.443,0.483,0.523,0.644,0.725,0.684,0.604,0.523,0.483,0.523,0.564,0.604,0.684,0.765,0.805,0.725,0.644,0.564,0.523,0.483,0.443,conexion-vial-cercana
V2_1,V54_2,0.403,1.0,0.403,0.443,0.443,0.443,0.443,0.483,0.523,0.644,0.725,0.684,0.604,0.523,0.483,0.523,0.564,0.604,0.684,0.765,0.805,0.725,0.644,0.564,0.523,0.483,0.443,conexion-vial-cercana
V2_1,V55_2,0.403,1.0,0.403,0.444,0.444,0.444,0.444,0.484,0.524,0.645,0.726,0.686,0.605,0.524,0.484,0.524,0.565,0.605,0.686,0.766,0.807,0.726,0.645,0.565,0.524,0.484,0.444,conexion-vial-cercana
V2_1,V54_0,0.462,1.0,0.462,0.508,0.508,0.508,0.508,0.554,0.6,0.739,0.831,0.785,0.693,0.6,0.554,0.6,0.646,0.693,0.785,0.877,0.923,0.831,0.739,0.646,0.6,0.554,0.508,conexion-vial-cercana
V2_1,V54_1,0.462,1.0,0.462,0.508,0.508,0.508,0.508,0.554,0.6,0.739,0.831,0.785,0.693,0.6,0.554,0.6,0.646,0.693,0.785,0.877,0.923,0.831,0.739,0.646,0.6,0.554,0.508,conexion-vial-cercana
V2_1,V78_0,0.546,1.0,0.546,0.601,0.601,0.601,0.601,0.655,0.71,0.874,0.983,0.929,0.819,0.71,0.655,0.71,0.765,0.819,0.929,1.038,1.092,0.983,0.874,0.765,0.71,0.655,0.601,conexion-vial-cercana
V2_2,V2_1,0.169,1.0,0.169,0.186,0.186,0.186,0.186,0.203,0.22,0.271,0.305,0.288,0.254,0.22,0.203,0.22,0.237,0.254,0.288,0.322,0.339,0.305,0.271,0.237,0.22,0.203,0.186,conexion-vial-cercana
V2_2,V2_0,0.269,1.0,0.269,0.296,0.296,0.296,0.296,0.323,0.35,0.43,0.484,0.457,0.403,0.35,0.323,0.35,0.376,0.403,0.457,0.511,0.538,0.484,0.43,0.376,0.35,0.323,0.296,conexion-vial-cercana
V2_2,V55_2,0.421,1.0,0.421,0.463,0.463,0.463,0.463,0.505,0.547,0.674,0.758,0.716,0.632,0.547,0.505,0.547,0.59,0.632,0.716,0.8,0.842,0.758,0.674,0.59,0.547,0.505,0.463,conexion-vial-cercana
V2_2,V52_1,0.495,1.0,0.495,0.544,0.544,0.544,0.544,0.593,0.643,0.791,0.89,0.841,0.742,0.643,0.593,0.643,0.692,0.742,0.841,0.94,0.989,0.89,0.791,0.692,0.643,0.593,0.544,conexion-vial-cercana
V2_2,V78_0,0.56,1.0,0.56,0.616,0.616,0.616,0.616,0.672,0.727,0.895,1.007,0.951,0.839,0.727,0.672,0.727,0.783,0.839,0.951,1.063,1.119,1.007,0.895,0.783,0.727,0.672,0.616,conexion-vial-cercana
V2_2,V52_0,0.565,1.0,0.565,0.621,0.621,0.621,0.621,0.678,0.734,0.904,1.017,0.96,0.847,0.734,0.678,0.734,0.791,0.847,0.96,1.073,1.13,1.017,0.904,0.791,0.734,0.678,0.621,conexion-vial-cercana
V2_2,V54_2,0.565,1.0,0.565,0.621,0.621,0.621,0.621,0.678,0.734,0.904,1.017,0.96,0.847,0.734,0.678,0.734,0.791,0.847,0.96,1.073,1.13,1.017,0.904,0.791,0.734,0.678,0.621,conexion-vial-cercana
V2_2,V3_2,0.574,1.0,0.574,0.631,0.631,0.631,0.631,0.689,0.746,0.918,1.033,0.976,0.861,0.746,0.689,0.746,0.804,0.861,0.976,1.091,1.148,1.033,0.918,0.804,0.746,0.689,0.631,conexion-vial-cercana
V3_0,V79_0,1.664,1.0,1.664,1.664,1.664,1.664,1.664,1.831,1.997,2.33,2.663,2.497,2.164,1.997,1.831,1.997,2.164,2.33,2.497,2.829,2.996,2.663,2.33,1.997,1.831,1.831,1.664,conexion-vial-cercana
V3_0,V79_1,1.724,1.0,1.724,1.724,1.724,1.724,1.724,1.896,2.068,2.413,2.758,2.585,2.241,2.068,1.896,2.068,2.241,2.413,2.585,2.93,3.102,2.758,2.413,2.068,1.896,1.896,1.724,conexion-vial-cercana
V3_0,V79_2,1.746,1.0,1.746,1.746,1.746,1.746,1.746,1.921,2.095,2.445,2.794,2.619,2.27,2.095,1.921,2.095,2.27,2.445,2.619,2.968,3.143,2.794,2.445,2.095,1.921,1.921,1.746,conexion-vial-cercana
V3_0,V3_1,1.886,1.0,1.886,1.886,1.886,1.886,1.886,2.075,2.264,2.641,3.018,2.83,2.452,2.264,2.075,2.264,2.452,2.641,2.83,3.207,3.395,3.018,2.641,2.264,2.075,2.075,1.886,conexion-vial-cercana
V3_0,V54_0,2.504,1.0,2.504,2.504,2.504,2.504,2.504,2.754,3.004,3.505,4.006,3.755,3.255,3.004,2.754,3.004,3.255,3.505,3.755,4.256,4.506,4.006,3.505,3.004,2.754,2.754,2.504,conexion-vial-cercana
V3_0,V54_1,2.504,1.0,2.504,2.504,2.504,2.504,2.504,2.754,3.004,3.505,4.006,3.755,3.255,3.004,2.754,3.004,3.255,3.505,3.755,4.256,4.506,4.006,3.505,3.004,2.754,2.754,2.504,conexion-vial-cercana
V3_0,V2_1,2.569,1.0,2.569,2.569,2.569,2.569,2.569,2.825,3.082,3.596,4.11,3.853,3.339,3.082,2.825,3.082,3.339,3.596,3.853,4.367,4.624,4.11,3.596,3.082,2.825,2.825,2.569,conexion-vial-cercana
V3_0,V52_0,2.583,1.0,2.583,2.583,2.583,2.583,2.583,2.842,3.1,3.617,4.133,3.875,3.358,3.1,2.842,3.1,3.358,3.617,3.875,4.392,4.65,4.133,3.617,3.1,2.842,2.842,2.583,conexion-vial-cercana
V3_1,V3_2,0.961,1.0,0.961,0.961,0.961,0.961,0.961,1.058,1.154,1.346,1.538,1.442,1.25,1.154,1.058,1.154,1.25,1.346,1.442,1.634,1.731,1.538,1.346,1.154,1.058,1.058,0.961,conexion-vial-cercana
V3_1,V2_2,1.037,1.0,1.037,1.037,1.037,1.037,1.037,1.141,1.245,1.452,1.66,1.556,1.349,1.245,1.141,1.245,1.349,1.452,1.556,1.764,1.867,1.66,1.452,1.245,1.141,1.141,1.037,conexion-vial-cercana
V3_1,V2_1,1.079,1.0,1.079,1.079,1.079,1.079,1.079,1.187,1.295,1.51,1.726,1.618,1.403,1.295,1.187,1.295,1.403,1.51,1.618,1.834,1.942,1.726,1.51,1.295,1.187,1.187,1.079,conexion-vial-cercana
V3_1,V2_0,1.164,1.0,1.164,1.164,1.164,1.164,1.164,1.28,1.397,1.629,1.862,1.746,1.513,1.397,1.28,1.397,1.513,1.629,1.746,1.979,2.095,1.862,1.629,1.397,1.28,1.28,1.164,conexion-vial-cercana
V3_1,V54_0,1.355,1.0,1.355,1.355,1.355,1.355,1.355,1.491,1.626,1.897,2.168,2.033,1.762,1.626,1.491,1.626,1.762,1.897,2.033,2.304,2.439,2.168,1.897,1.626,1.491,1.491,1.355,conexion-vial-cercana
V3_1,V54_1,1.355,1.0,1.355,1.355,1.355,1.355,1.355,1.491,1.626,1.897,2.168,2.033,1.762,1.626,1.491,1.626,1.762,1.897,2.033,2.304,2.439,2.168,1.897,1.626,1.491,1.491,1.355,conexion-vial-cercana
V3_1,V52_0,1.365,1.0,1.365,1.365,1.365,1.365,1.365,1.502,1.638,1.912,2.185,2.048,1.775,1.638,1.502,1.638,1.775,1.912,2.048,2.321,2.458,2.185,1.912,1.638,1.502,1.502,1.365,conexion-vial-cercana
V3_1,V54_2,1.365,1.0,1.365,1.365,1.365,1.365,1.365,1.502,1.638,1.912,2.185,2.048,1.775,1.638,1.502,1.638,1.775,1.912,2.048,2.321,2.458,2.185,1.912,1.638,1.502,1.502,1.365,conexion-vial-cercana
V3_2,V2_2,0.574,1.0,0.574,0.574,0.574,0.574,0.574,0.631,0.689,0.804,0.918,0.861,0.746,0.689,0.631,0.689,0.746,0.804,0.861,0.976,1.033,0.918,0.804,0.689,0.631,0.631,0.574,conexion-vial-cercana
V3_2,V55_1,0.709,1.0,0.709,0.709,0.709,0.709,0.709,0.78,0.851,0.993,1.135,1.064,0.922,0.851,0.78,0.851,0.922,0.993,1.064,1.206,1.276,1.135,0.993,0.851,0.78,0.78,0.709,conexion-vial-cercana
V3_2,V52_1,0.715,1.0,0.715,0.715,0.715,0.715,0.715,0.786,0.858,1.0,1.143,1.072,0.929,0.858,0.786,0.858,0.929,1.0,1.072,1.215,1.286,1.143,1.0,0.858,0.786,0.786,0.715,conexion-vial-cercana
V3_2,V2_1,0.739,1.0,0.739,0.739,0.739,0.739,0.739,0.813,0.887,1.035,1.183,1.109,0.961,0.887,0.813,0.887,0.961,1.035,1.109,1.257,1.331,1.183,1.035,0.887,0.813,0.813,0.739,conexion-vial-cercana
V3_2,V52_2,0.807,1.0,0.807,0.807,0.807,0.807,0.807,0.888,0.968,1.13,1.291,1.21,1.049,0.968,0.888,0.968,1.049,1.13,1.21,1.372,1.452,1.291,1.13,0.968,0.888,0.888,0.807,conexion-vial-cercana
V3_2,V55_0,0.814,1.0,0.814,0.814,0.814,0.814,0.814,0.896,0.977,1.14,1.303,1.221,1.058,0.977,0.896,0.977,1.058,1.14,1.221,1.384,1.465,1.303,1.14,0.977,0.896,0.896,0.814,conexion-vial-cercana
V3_2,V53_0,0.834,1.0,0.834,0.834,0.834,0.834,0.834,0.918,1.001,1.168,1.335,1.252,1.085,1.001,0.918,1.001,1.085,1.168,1.252,1.418,1.502,1.335,1.168,1.001,0.918,0.918,0.834,conexion-vial-cercana
V3_2,V2_0,0.843,1.0,0.843,0.843,0.843,0.843,0.843,0.927,1.011,1.18,1.348,1.264,1.096,1.011,0.927,1.011,1.096,1.18,1.264,1.433,1.517,1.348,1.18,1.011,0.927,0.927,0.843,conexion-vial-cercana
V4_0,V25_0,0.051,1.0,0.051,0.051,0.051,0.051,0.051,0.056,0.061,0.071,0.081,0.076,0.066,0.061,0.056,0.061,0.066,0.071,0.076,0.086,0.091,0.081,0.071,0.061,0.056,0.056,0.051,conexion-vial-cercana
V4_0,V25_1,0.151,1.0,0.151,0.151,0.151,0.151,0.151,0.166,0.181,0.211,0.241,0.226,0.196,0.181,0.166,0.181,0.196,0.211,0.226,0.256,0.271,0.241,0.211,0.181,0.166,0.166,0.151,conexion-vial-cercana
V4_0,V25_2,0.191,1.0,0.191,0.191,0.191,0.191,0.191,0.211,0.23,0.268,0.306,0.287,0.249,0.23,0.211,0.23,0.249,0.268,0.287,0.325,0.345,0.306,0.268,0.23,0.211,0.211,0.191,conexion-vial-cercana
V4_0,V4_1,0.197,1.0,0.197,0.197,0.197,0.197,0.197,0.217,0.236,0.276,0.315,0.295,0.256,0.236,0.217,0.236,0.256,0.276,0.295,0.335,0.355,0.315,0.276,0.236,0.217,0.217,0.197,conexion-vial-cercana
V4_0,V4_2,0.327,1.0,0.327,0.327,0.327,0.327,0.327,0.359,0.392,0.457,0.522,0.49,0.425,0.392,0.359,0.392,0.425,0.457,0.49,0.555,0.588,0.522,0.457,0.392,0.359,0.359,0.327,conexion-vial-cercana
V4_0,V0_2,0.982,1.0,0.982,0.982,0.982,0.982,0.982,1.08,1.178,1.375,1.571,1.473,1.277,1.178,1.08,1.178,1.277,1.375,1.473,1.669,1.768,1.571,1.375,1.178,1.08,1.08,0.982,conexion-vial-cercana
V4_0,V0_1,1.186,1.0,1.186,1.186,1.186,1.186,1.186,1.305,1.423,1.66,1.897,1.779,1.542,1.423,1.305,1.423,1.542,1.66,1.779,2.016,2.135,1.897,1.66,1.423,1.305,1.305,1.186,conexion-vial-cercana
V4_0,V6_2,1.371,1.0,1.371,1.371,1.371,1.371,1.371,1.509,1.646,1.92,2.194,2.057,1.783,1.646,1.509,1.646,1.783,1.92,2.057,2.331,2.469,2.194,1.92,1.646,1.509,1.509,1.371,conexion-vial-cercana
V4_1,V25_2,0.015,1.0,0.015,0.015,0.015,0.015,0.015,0.016,0.018,0.021,0.023,0.022,0.019,0.018,0.016,0.018,0.019,0.021,0.022,0.025,0.026,0.023,0.021,0.018,0.016,0.016,0.015,conexion-vial-cercana
V4_1,V25_1,0.047,1.0,0.047,0.047,0.047,0.047,0.047,0.052,0.056,0.066,0.075,0.071,0.061,0.056,0.052,0.056,0.061,0.066,0.071,0.08,0.085,0.075,0.066,0.056,0.052,0.052,0.047,conexion-vial-cercana
V4_1,V4_2,0.134,1.0,0.134,0.134,0.134,0.134,0.134,0.148,0.161,0.188,0.215,0.201,0.175,0.161,0.148,0.161,0.175,0.188,0.201,0.228,0.242,0.215,0.188,0.161,0.148,0.148,0.134,conexion-vial-cercana
V4_1,V25_0,0.147,1.0,0.147,0.147,0.147,0.147,0.147,0.161,0.176,0.205,0.235,0.22,0.191,0.176,0.161,0.176,0.191,0.205,0.22,0.249,0.264,0.235,0.205,0.176,0.161,0.161,0.147,conexion-vial-cercana
V4_1,V4_0,0.197,1.0,0.197,0.197,0.197,0.197,0.197,0.217,0.236,0.276,0.315,0.295,0.256,0.236,0.217,0.236,0.256,0.276,0.295,0.335,0.355,0.315,0.276,0.236,0.217,0.217,0.197,conexion-vial-cercana
V4_1,V0_2,1.113,1.0,1.113,1.113,1.113,1.113,1.113,1.224,1.336,1.558,1.781,1.67,1.447,1.336,1.224,1.336,1.447,1.558,1.67,1.892,2.004,1.781,1.558,1.336,1.224,1.224,1.113,conexion-vial-cercana
V4_1,V0_1,1.315,1.0,1.315,1.315,1.315,1.315,1.315,1.447,1.578,1.841,2.104,1.973,1.71,1.578,1.447,1.578,1.71,1.841,1.973,2.236,2.367,2.104,1.841,1.578,1.447,1.447,1.315,conexion-vial-cercana
V4_1,V6_2,1.394,1.0,1.394,1.394,1.394,1.394,1.394,1.533,1.673,1.951,2.23,2.091,1.812,1.673,1.533,1.673,1.812,1.951,2.091,2.369,2.509,2.23,1.951,1.673,1.533,1.533,1.394,conexion-vial-cercana
V4_2,V4_1,0.134,1.0,0.134,0.134,0.134,0.134,0.134,0.148,0.161,0.188,0.215,0.201,0.175,0.161,0.148,0.161,0.175,0.188,0.201,0.228,0.242,0.215,0.188,0.161,0.148,0.148,0.134,conexion-vial-cercana
V4_2,V25_2,0.136,1.0,0.136,0.136,0.136,0.136,0.136,0.15,0.163,0.191,0.218,0.204,0.177,0.163,0.15,0.163,0.177,0.191,0.204,0.232,0.245,0.218,0.191,0.163,0.15,0.15,0.136,conexion-vial-cercana
V4_2,V25_1,0.177,1.0,0.177,0.177,0.177,0.177,0.177,0.195,0.212,0.248,0.283,0.265,0.23,0.212,0.195,0.212,0.23,0.248,0.265,0.301,0.318,0.283,0.248,0.212,0.195,0.195,0.177,conexion-vial-cercana
V4_2,V25_0,0.276,1.0,0.276,0.276,0.276,0.276,0.276,0.304,0.331,0.386,0.442,0.414,0.359,0.331,0.304,0.331,0.359,0.386,0.414,0.469,0.497,0.442,0.386,0.331,0.304,0.304,0.276,conexion-vial-cercana
V4_2,V4_0,0.327,1.0,0.327,0.327,0.327,0.327,0.327,0.359,0.392,0.457,0.522,0.49,0.425,0.392,0.359,0.392,0.425,0.457,0.49,0.555,0.588,0.522,0.457,0.392,0.359,0.359,0.327,conexion-vial-cercana
V4_2,V0_2,1.236,1.0,1.236,1.236,1.236,1.236,1.236,1.36,1.484,1.731,1.978,1.854,1.607,1.484,1.36,1.484,1.607,1.731,1.854,2.102,2.225,1.978,1.731,1.484,1.36,1.36,1.236,conexion-vial-cercana
V4_2,V0_1,1.437,1.0,1.437,1.437,1.437,1.437,1.437,1.58,1.724,2.011,2.299,2.155,1.868,1.724,1.58,1.724,1.868,2.011,2.155,2.442,2.586,2.299,2.011,1.724,1.58,1.58,1.437,conexion-vial-cercana
V4_2,V6_2,1.466,1.0,1.466,1.466,1.466,1.466,1.466,1.612,1.759,2.052,2.345,2.199,1.906,1.759,1.612,1.759,1.906,2.052,2.199,2.492,2.638,2.345,2.052,1.759,1.612,1.612,1.466,conexion-vial-cercana
V5_0,V46_0,0.0,1.0,0.0,0.0,0.0,0.0,0.0,0.0,0.0,0.0,0.0,0.0,0.0,0.0,0.0,0.0,0.0,0.0,0.0,0.0,0.0,0.0,0.0,0.0,0.0,0.0,0.0,conexion-vial-cercana
V5_0,V48_0,0.017,1.0,0.017,0.017,0.017,0.017,0.017,0.017,0.019,0.02,0.022,0.022,0.02,0.019,0.019,0.019,0.02,0.02,0.022,0.024,0.025,0.024,0.022,0.02,0.019,0.017,0.017,conexion-vial-cercana
V5_0,V46_1,0.032,1.0,0.032,0.032,0.032,0.032,0.032,0.032,0.035,0.039,0.042,0.042,0.039,0.035,0.035,0.035,0.039,0.039,0.042,0.045,0.048,0.045,0.042,0.039,0.035,0.032,0.032,conexion-vial-cercana
V5_0,V48_1,0.051,1.0,0.051,0.051,0.051,0.051,0.051,0.051,0.056,0.061,0.067,0.067,0.061,0.056,0.056,0.056,0.061,0.061,0.067,0.072,0.077,0.072,0.067,0.061,0.056,0.051,0.051,conexion-vial-cercana
V5_0,V46_2,0.059,1.0,0.059,0.059,0.059,0.059,0.059,0.059,0.065,0.071,0.077,0.077,0.071,0.065,0.065,0.065,0.071,0.071,0.077,0.083,0.089,0.083,0.077,0.071,0.065,0.059,0.059,conexion-vial-cercana
V5_0,V5_1,0.076,1.0,0.076,0.076,0.076,0.076,0.076,0.076,0.084,0.092,0.099,0.099,0.092,0.084,0.084,0.084,0.092,0.092,0.099,0.107,0.114,0.107,0.099,0.092,0.084,0.076,0.076,conexion-vial-cercana
V5_0,V48_2,0.115,1.0,0.115,0.115,0.115,0.115,0.115,0.115,0.127,0.139,0.15,0.15,0.139,0.127,0.127,0.127,0.139,0.139,0.15,0.162,0.173,0.162,0.15,0.139,0.127,0.115,0.115,conexion-vial-cercana
V5_0,V5_2,0.122,1.0,0.122,0.122,0.122,0.122,0.122,0.122,0.134,0.146,0.158,0.158,0.146,0.134,0.134,0.134,0.146,0.146,0.158,0.171,0.183,0.171,0.158,0.146,0.134,0.122,0.122,conexion-vial-cercana
V5_1,V46_2,0.024,1.0,0.024,0.024,0.024,0.024,0.024,0.024,0.026,0.029,0.031,0.031,0.029,0.026,0.026,0.026,0.029,0.029,0.031,0.033,0.036,0.033,0.031,0.029,0.026,0.024,0.024,conexion-vial-cercana
V5_1,V46_1,0.045,1.0,0.045,0.045,0.045,0.045,0.045,0.045,0.05,0.054,0.059,0.059,0.054,0.05,0.05,0.05,0.054,0.054,0.059,0.063,0.068,0.063,0.059,0.054,0.05,0.045,0.045,conexion-vial-cercana
V5_1,V5_2,0.046,1.0,0.046,0.046,0.046,0.046,0.046,0.046,0.05,0.055,0.06,0.06,0.055,0.05,0.05,0.05,0.055,0.055,0.06,0.064,0.069,0.064,0.06,0.055,0.05,0.046,0.046,conexion-vial-cercana
V5_1,V48_0,0.063,1.0,0.063,0.063,0.063,0.063,0.063,0.063,0.07,0.076,0.082,0.082,0.076,0.07,0.07,0.07,0.076,0.076,0.082,0.089,0.095,0.089,0.082,0.076,0.07,0.063,0.063,conexion-vial-cercana
V5_1,V5_0,0.076,1.0,0.076,0.076,0.076,0.076,0.076,0.076,0.084,0.092,0.099,0.099,0.092,0.084,0.084,0.084,0.092,0.092,0.099,0.107,0.114,0.107,0.099,0.092,0.084,0.076,0.076,conexion-vial-cercana
V5_1,V46_0,0.076,1.0,0.076,0.076,0.076,0.076,0.076,0.076,0.084,0.092,0.099,0.099,0.092,0.084,0.084,0.084,0.092,0.092,0.099,0.107,0.114,0.107,0.099,0.092,0.084,0.076,0.076,conexion-vial-cercana
V5_1,V48_1,0.09,1.0,0.09,0.09,0.09,0.09,0.09,0.09,0.099,0.108,0.117,0.117,0.108,0.099,0.099,0.099,0.108,0.108,0.117,0.126,0.135,0.126,0.117,0.108,0.099,0.09,0.09,conexion-vial-cercana
V5_1,V47_0,0.091,1.0,0.091,0.091,0.091,0.091,0.091,0.091,0.1,0.109,0.118,0.118,0.109,0.1,0.1,0.1,0.109,0.109,0.118,0.127,0.136,0.127,0.118,0.109,0.1,0.091,0.091,conexion-vial-cercana
V5_2,V47_0,0.045,1.0,0.045,0.045,0.045,0.045,0.045,0.045,0.049,0.054,0.058,0.058,0.054,0.049,0.049,0.049,0.054,0.054,0.058,0.063,0.067,0.063,0.058,0.054,0.049,0.045,0.045,conexion-vial-cercana
V5_2,V5_1,0.046,1.0,0.046,0.046,0.046,0.046,0.046,0.046,0.05,0.055,0.06,0.06,0.055,0.05,0.05,0.05,0.055,0.055,0.06,0.064,0.069,0.064,0.06,0.055,0.05,0.046,0.046,conexion-vial-cercana
V5_2,V46_2,0.068,1.0,0.068,0.068,0.068,0.068,0.068,0.068,0.074,0.081,0.088,0.088,0.081,0.074,0.074,0.074,0.081,0.081,0.088,0.095,0.102,0.095,0.088,0.081,0.074,0.068,0.068,conexion-vial-cercana
V5_2,V46_1,0.091,1.0,0.091,0.091,0.091,0.091,0.091,0.091,0.1,0.109,0.118,0.118,0.109,0.1,0.1,0.1,0.109,0.109,0.118,0.128,0.137,0.128,0.118,0.109,0.1,0.091,0.091,conexion-vial-cercana
V5_2,V47_1,0.106,1.0,0.106,0.106,0.106,0.106,0.106,0.106,0.117,0.127,0.138,0.138,0.127,0.117,0.117,0.117,0.127,0.127,0.138,0.148,0.159,0.148,0.138,0.127,0.117,0.106,0.106,conexion-vial-cercana
V5_2,V48_0,0.108,1.0,0.108,0.108,0.108,0.108,0.108,0.108,0.119,0.129,0.14,0.14,0.129,0.119,0.119,0.119,0.129,0.129,0.14,0.151,0.162,0.151,0.14,0.129,0.119,0.108,0.108,conexion-vial-cercana
V5_2,V5_0,0.122,1.0,0.122,0.122,0.122,0.122,0.122,0.122,0.134,0.146,0.158,0.158,0.146,0.134,0.134,0.134,0.146,0.146,0.158,0.171,0.183,0.171,0.158,0.146,0.134,0.122,0.122,conexion-vial-cercana
V5_2,V46_0,0.122,1.0,0.122,0.122,0.122,0.122,0.122,0.122,0.134,0.146,0.158,0.158,0.146,0.134,0.134,0.134,0.146,0.146,0.158,0.171,0.183,0.171,0.158,0.146,0.134,0.122,0.122,conexion-vial-cercana
V6_0,V6_1,0.127,1.0,0.127,0.127,0.127,0.127,0.127,0.139,0.152,0.177,0.203,0.19,0.165,0.152,0.139,0.152,0.165,0.177,0.19,0.215,0.228,0.203,0.177,0.152,0.139,0.139,0.127,conexion-vial-cercana
V6_0,V6_2,0.258,1.0,0.258,0.258,0.258,0.258,0.258,0.284,0.31,0.362,0.413,0.387,0.336,0.31,0.284,0.31,0.336,0.362,0.387,0.439,0.465,0.413,0.362,0.31,0.284,0.284,0.258,conexion-vial-cercana
V6_0,V1_0,0.489,1.0,0.489,0.489,0.489,0.489,0.489,0.537,0.586,0.684,0.782,0.733,0.635,0.586,0.537,0.586,0.635,0.684,0.733,0.83,0.879,0.782,0.684,0.586,0.537,0.537,0.489,conexion-vial-cercana
V6_0,V1_1,0.725,1.0,0.725,0.725,0.725,0.725,0.725,0.797,0.87,1.015,1.16,1.087,0.942,0.87,0.797,0.87,0.942,1.015,1.087,1.232,1.305,1.16,1.015,0.87,0.797,0.797,0.725,conexion-vial-cercana
V6_0,V1_2,0.778,1.0,0.778,0.778,0.778,0.778,0.778,0.856,0.934,1.089,1.245,1.167,1.012,0.934,0.856,0.934,1.012,1.089,1.167,1.323,1.401,1.245,1.089,0.934,0.856,0.856,0.778,conexion-vial-cercana
V6_0,V0_1,1.034,1.0,1.034,1.034,1.034,1.034,1.034,1.137,1.241,1.448,1.654,1.551,1.344,1.241,1.137,1.241,1.344,1.448,1.551,1.758,1.861,1.654,1.448,1.241,1.137,1.137,1.034,conexion-vial-cercana
V6_0,V0_2,1.058,1.0,1.058,1.058,1.058,1.058,1.058,1.164,1.27,1.482,1.693,1.588,1.376,1.27,1.164,1.27,1.376,1.482,1.588,1.799,1.905,1.693,1.482,1.27,1.164,1.164,1.058,conexion-vial-cercana
V6_0,V67_0,1.108,1.0,1.108,1.108,1.108,1.108,1.108,1.219,1.33,1.551,1.773,1.662,1.44,1.33,1.219,1.33,1.44,1.551,1.662,1.884,1.995,1.773,1.551,1.33,1.219,1.219,1.108,conexion-vial-cercana
V6_1,V6_0,0.127,1.0,0.127,0.127,0.127,0.127,0.127,0.139,0.152,0.177,0.203,0.19,0.165,0.152,0.139,0.152,0.165,0.177,0.19,0.215,0.228,0.203,0.177,0.152,0.139,0.139,0.127,conexion-vial-cercana
V6_1,V6_2,0.132,1.0,0.132,0.132,0.132,0.132,0.132,0.145,0.158,0.184,0.211,0.197,0.171,0.158,0.145,0.158,0.171,0.184,0.197,0.224,0.237,0.211,0.184,0.158,0.145,0.145,0.132,conexion-vial-cercana
V6_1,V1_0,0.6,1.0,0.6,0.6,0.6,0.6,0.6,0.66,0.72,0.84,0.96,0.9,0.78,0.72,0.66,0.72,0.78,0.84,0.9,1.02,1.08,0.96,0.84,0.72,0.66,0.66,0.6,conexion-vial-cercana
V6_1,V1_1,0.805,1.0,0.805,0.805,0.805,0.805,0.805,0.886,0.966,1.127,1.288,1.208,1.047,0.966,0.886,0.966,1.047,1.127,1.208,1.369,1.449,1.288,1.127,0.966,0.886,0.886,0.805,conexion-vial-cercana
V6_1,V1_2,0.854,1.0,0.854,0.854,0.854,0.854,0.854,0.939,1.024,1.195,1.366,1.281,1.11,1.024,0.939,1.024,1.11,1.195,1.281,1.451,1.537,1.366,1.195,1.024,0.939,0.939,0.854,conexion-vial-cercana
V6_1,V0_1,0.913,1.0,0.913,0.913,0.913,0.913,0.913,1.004,1.096,1.278,1.461,1.369,1.187,1.096,1.004,1.096,1.187,1.278,1.369,1.552,1.643,1.461,1.278,1.096,1.004,1.004,0.913,conexion-vial-cercana
V6_1,V0_2,0.932,1.0,0.932,0.932,0.932,0.932,0.932,1.025,1.119,1.305,1.492,1.398,1.212,1.119,1.025,1.119,1.212,1.305,1.398,1.585,1.678,1.492,1.305,1.119,1.025,1.025,0.932,conexion-vial-cercana
V6_1,V67_2,1.059,1.0,1.059,1.059,1.059,1.059,1.059,1.165,1.271,1.483,1.695,1.589,1.377,1.271,1.165,1.271,1.377,1.483,1.589,1.801,1.907,1.695,1.483,1.271,1.165,1.165,1.059,conexion-vial-cercana
V6_2,V6_1,0.132,1.0,0.132,0.132,0.132,0.132,0.132,0.145,0.158,0.184,0.211,0.197,0.171,0.158,0.145,0.158,0.171,0.184,0.197,0.224,0.237,0.211,0.184,0.158,0.145,0.145,0.132,conexion-vial-cercana
V6_2,V6_0,0.258,1.0,0.258,0.258,0.258,0.258,0.258,0.284,0.31,0.362,0.413,0.387,0.336,0.31,0.284,0.31,0.336,0.362,0.387,0.439,0.465,0.413,0.362,0.31,0.284,0.284,0.258,conexion-vial-cercana
V6_2,V1_0,0.721,1.0,0.721,0.721,0.721,0.721,0.721,0.793,0.865,1.01,1.154,1.082,0.937,0.865,0.793,0.865,0.937,1.01,1.082,1.226,1.298,1.154,1.01,0.865,0.793,0.793,0.721,conexion-vial-cercana
V6_2,V0_1,0.789,1.0,0.789,0.789,0.789,0.789,0.789,0.868,0.947,1.105,1.262,1.184,1.026,0.947,0.868,0.947,1.026,1.105,1.184,1.341,1.42,1.262,1.105,0.947,0.868,0.868,0.789,conexion-vial-cercana
V6_2,V0_2,0.801,1.0,0.801,0.801,0.801,0.801,0.801,0.881,0.962,1.122,1.282,1.202,1.042,0.962,0.881,0.962,1.042,1.122,1.202,1.362,1.442,1.282,1.122,0.962,0.881,0.881,0.801,conexion-vial-cercana
V6_2,V1_1,0.9,1.0,0.9,0.9,0.9,0.9,0.9,0.99,1.08,1.26,1.44,1.35,1.17,1.08,0.99,1.08,1.17,1.26,1.35,1.53,1.62,1.44,1.26,1.08,0.99,0.99,0.9,conexion-vial-cercana
V6_2,V1_2,0.944,1.0,0.944,0.944,0.944,0.944,0.944,1.038,1.133,1.321,1.51,1.416,1.227,1.133,1.038,1.133,1.227,1.321,1.416,1.604,1.699,1.51,1.321,1.133,1.038,1.038,0.944,conexion-vial-cercana
V6_2,V0_0,1.009,1.0,1.009,1.009,1.009,1.009,1.009,1.11,1.211,1.413,1.615,1.514,1.312,1.211,1.11,1.211,1.312,1.413,1.514,1.716,1.817,1.615,1.413,1.211,1.11,1.11,1.009,conexion-vial-cercana
V7_0,V7_1,0.532,1.0,0.532,0.532,0.532,0.532,0.532,0.585,0.638,0.745,0.851,0.798,0.692,0.638,0.585,0.638,0.692,0.745,0.798,0.904,0.958,0.851,0.745,0.638,0.585,0.585,0.532,conexion-vial-cercana
V7_0,V19_2,1.019,1.0,1.019,1.019,1.019,1.019,1.019,1.12,1.222,1.426,1.63,1.528,1.324,1.222,1.12,1.222,1.324,1.426,1.528,1.732,1.833,1.63,1.426,1.222,1.12,1.12,1.019,conexion-vial-cercana
V7_0,V11_0,1.09,1.0,1.09,1.09,1.09,1.09,1.09,1.199,1.308,1.526,1.743,1.634,1.417,1.308,1.199,1.308,1.417,1.526,1.634,1.852,1.961,1.743,1.526,1.308,1.199,1.199,1.09,conexion-vial-cercana
V7_0,V16_0,1.09,1.0,1.09,1.09,1.09,1.09,1.09,1.199,1.308,1.526,1.743,1.634,1.417,1.308,1.199,1.308,1.417,1.526,1.634,1.852,1.961,1.743,1.526,1.308,1.199,1.199,1.09,conexion-vial-cercana
V7_0,V16_1,1.109,1.0,1.109,1.109,1.109,1.109,1.109,1.22,1.331,1.552,1.774,1.663,1.441,1.331,1.22,1.331,1.441,1.552,1.663,1.885,1.996,1.774,1.552,1.331,1.22,1.22,1.109,conexion-vial-cercana
V7_0,V16_2,1.117,1.0,1.117,1.117,1.117,1.117,1.117,1.228,1.34,1.563,1.787,1.675,1.452,1.34,1.228,1.34,1.452,1.563,1.675,1.898,2.01,1.787,1.563,1.34,1.228,1.228,1.117,conexion-vial-cercana
V7_0,V17_1,1.117,1.0,1.117,1.117,1.117,1.117,1.117,1.229,1.34,1.564,1.787,1.675,1.452,1.34,1.229,1.34,1.452,1.564,1.675,1.899,2.011,1.787,1.564,1.34,1.229,1.229,1.117,conexion-vial-cercana
V7_0,V17_2,1.119,1.0,1.119,1.119,1.119,1.119,1.119,1.231,1.343,1.567,1.79,1.678,1.455,1.343,1.231,1.343,1.455,1.567,1.678,1.902,2.014,1.79,1.567,1.343,1.231,1.231,1.119,conexion-vial-cercana
V7_1,V7_0,0.532,1.0,0.532,0.532,0.532,0.532,0.532,0.585,0.638,0.745,0.851,0.798,0.692,0.638,0.585,0.638,0.692,0.745,0.798,0.904,0.958,0.851,0.745,0.638,0.585,0.585,0.532,conexion-vial-cercana
V7_1,V11_0,0.632,1.0,0.632,0.632,0.632,0.632,0.632,0.695,0.758,0.885,1.011,0.948,0.822,0.758,0.695,0.758,0.822,0.885,0.948,1.075,1.138,1.011,0.885,0.758,0.695,0.695,0.632,conexion-vial-cercana
V7_1,V16_0,0.632,1.0,0.632,0.632,0.632,0.632,0.632,0.695,0.758,0.885,1.011,0.948,0.822,0.758,0.695,0.758,0.822,0.885,0.948,1.075,1.138,1.011,0.885,0.758,0.695,0.695,0.632,conexion-vial-cercana
V7_1,V16_1,0.657,1.0,0.657,0.657,0.657,0.657,0.657,0.723,0.788,0.92,1.051,0.985,0.854,0.788,0.723,0.788,0.854,0.92,0.985,1.117,1.182,1.051,0.92,0.788,0.723,0.723,0.657,conexion-vial-cercana
V7_1,V17_2,0.661,1.0,0.661,0.661,0.661,0.661,0.661,0.727,0.793,0.926,1.058,0.992,0.86,0.793,0.727,0.793,0.86,0.926,0.992,1.124,1.19,1.058,0.926,0.793,0.727,0.727,0.661,conexion-vial-cercana
V7_1,V17_1,0.663,1.0,0.663,0.663,0.663,0.663,0.663,0.729,0.796,0.928,1.061,0.994,0.862,0.796,0.729,0.796,0.862,0.928,0.994,1.127,1.193,1.061,0.928,0.796,0.729,0.729,0.663,conexion-vial-cercana
V7_1,V16_2,0.671,1.0,0.671,0.671,0.671,0.671,0.671,0.738,0.806,0.94,1.074,1.007,0.873,0.806,0.738,0.806,0.873,0.94,1.007,1.141,1.208,1.074,0.94,0.806,0.738,0.738,0.671,conexion-vial-cercana
V7_1,V17_0,0.676,1.0,0.676,0.676,0.676,0.676,0.676,0.743,0.811,0.946,1.081,1.014,0.879,0.811,0.743,0.811,0.879,0.946,1.014,1.149,1.216,1.081,0.946,0.811,0.743,0.743,0.676,conexion-vial-cercana
V7_2,V22_2,0.142,1.0,0.142,0.142,0.142,0.142,0.142,0.157,0.171,0.199,0.228,0.213,0.185,0.171,0.157,0.171,0.185,0.199,0.213,0.242,0.256,0.228,0.199,0.171,0.157,0.157,0.142,conexion-vial-cercana
V7_2,V23_0,0.142,1.0,0.142,0.142,0.142,0.142,0.142,0.157,0.171,0.199,0.228,0.213,0.185,0.171,0.157,0.171,0.185,0.199,0.213,0.242,0.256,0.228,0.199,0.171,0.157,0.157,0.142,conexion-vial-cercana
V7_2,V22_0,0.147,1.0,0.147,0.147,0.147,0.147,0.147,0.162,0.176,0.206,0.235,0.221,0.191,0.176,0.162,0.176,0.191,0.206,0.221,0.25,0.265,0.235,0.206,0.176,0.162,0.162,0.147,conexion-vial-cercana
V7_2,V22_1,0.147,1.0,0.147,0.147,0.147,0.147,0.147,0.162,0.176,0.206,0.235,0.221,0.191,0.176,0.162,0.176,0.191,0.206,0.221,0.25,0.265,0.235,0.206,0.176,0.162,0.162,0.147,conexion-vial-cercana
V7_2,V8_0,0.15,1.0,0.15,0.15,0.15,0.15,0.15,0.165,0.179,0.209,0.239,0.224,0.194,0.179,0.165,0.179,0.194,0.209,0.224,0.254,0.269,0.239,0.209,0.179,0.165,0.165,0.15,conexion-vial-cercana
V7_2,V24_0,0.157,1.0,0.157,0.157,0.157,0.157,0.157,0.173,0.189,0.22,0.251,0.236,0.204,0.189,0.173,0.189,0.204,0.22,0.236,0.267,0.283,0.251,0.22,0.189,0.173,0.173,0.157,conexion-vial-cercana
V7_2,V18_0,0.161,1.0,0.161,0.161,0.161,0.161,0.161,0.177,0.193,0.225,0.258,0.241,0.209,0.193,0.177,0.193,0.209,0.225,0.241,0.274,0.29,0.258,0.225,0.193,0.177,0.177,0.161,conexion-vial-cercana
V7_2,V21_2,0.161,1.0,0.161,0.161,0.161,0.161,0.161,0.177,0.193,0.225,0.258,0.241,0.209,0.193,0.177,0.193,0.209,0.225,0.241,0.274,0.29,0.258,0.225,0.193,0.177,0.177,0.161,conexion-vial-cercana
V8_0,V22_2,0.012,1.0,0.012,0.012,0.012,0.012,0.012,0.013,0.015,0.017,0.019,0.018,0.016,0.015,0.013,0.015,0.016,0.017,0.018,0.021,0.022,0.019,0.017,0.015,0.013,0.013,0.012,conexion-vial-cercana
V8_0,V23_0,0.012,1.0,0.012,0.012,0.012,0.012,0.012,0.013,0.015,0.017,0.019,0.018,0.016,0.015,0.013,0.015,0.016,0.017,0.018,0.021,0.022,0.019,0.017,0.015,0.013,0.013,0.012,conexion-vial-cercana
V8_0,V18_0,0.013,1.0,0.013,0.013,0.013,0.013,0.013,0.014,0.015,0.018,0.02,0.019,0.016,0.015,0.014,0.015,0.016,0.018,0.019,0.021,0.023,0.02,0.018,0.015,0.014,0.014,0.013,conexion-vial-cercana
V8_0,V21_2,0.013,1.0,0.013,0.013,0.013,0.013,0.013,0.014,0.015,0.018,0.02,0.019,0.016,0.015,0.014,0.015,0.016,0.018,0.019,0.021,0.023,0.02,0.018,0.015,0.014,0.014,0.013,conexion-vial-cercana
V8_0,V22_0,0.025,1.0,0.025,0.025,0.025,0.025,0.025,0.028,0.03,0.035,0.04,0.038,0.033,0.03,0.028,0.03,0.033,0.035,0.038,0.043,0.045,0.04,0.035,0.03,0.028,0.028,0.025,conexion-vial-cercana
V8_0,V22_1,0.025,1.0,0.025,0.025,0.025,0.025,0.025,0.028,0.03,0.035,0.04,0.038,0.033,0.03,0.028,0.03,0.033,0.035,0.038,0.043,0.045,0.04,0.035,0.03,0.028,0.028,0.025,conexion-vial-cercana
V8_0,V9_2,0.04,1.0,0.04,0.04,0.04,0.04,0.04,0.044,0.048,0.056,0.064,0.06,0.052,0.048,0.044,0.048,0.052,0.056,0.06,0.068,0.072,0.064,0.056,0.048,0.044,0.044,0.04,conexion-vial-cercana
V8_0,V21_0,0.04,1.0,0.04,0.04,0.04,0.04,0.04,0.044,0.048,0.056,0.064,0.06,0.052,0.048,0.044,0.048,0.052,0.056,0.06,0.068,0.072,0.064,0.056,0.048,0.044,0.044,0.04,conexion-vial-cercana
V8_1,V10_2,0.086,1.0,0.086,0.086,0.086,0.086,0.086,0.095,0.104,0.121,0.138,0.13,0.112,0.104,0.095,0.104,0.112,0.121,0.13,0.147,0.156,0.138,0.121,0.104,0.095,0.095,0.086,conexion-vial-cercana
V8_1,V9_2,0.091,1.0,0.091,0.091,0.091,0.091,0.091,0.1,0.109,0.127,0.145,0.136,0.118,0.109,0.1,0.109,0.118,0.127,0.136,0.154,0.163,0.145,0.127,0.109,0.1,0.1,0.091,conexion-vial-cercana
V8_1,V21_0,0.091,1.0,0.091,0.091,0.091,0.091,0.091,0.1,0.109,0.127,0.145,0.136,0.118,0.109,0.1,0.109,0.118,0.127,0.136,0.154,0.163,0.145,0.127,0.109,0.1,0.1,0.091,conexion-vial-cercana
V8_1,V21_1,0.091,1.0,0.091,0.091,0.091,0.091,0.091,0.1,0.109,0.127,0.145,0.136,0.118,0.109,0.1,0.109,0.118,0.127,0.136,0.154,0.163,0.145,0.127,0.109,0.1,0.1,0.091,conexion-vial-cercana
V8_1,V22_0,0.115,1.0,0.115,0.115,0.115,0.115,0.115,0.126,0.138,0.161,0.184,0.172,0.149,0.138,0.126,0.138,0.149,0.161,0.172,0.195,0.207,0.184,0.161,0.138,0.126,0.126,0.115,conexion-vial-cercana
V8_1,V22_1,0.115,1.0,0.115,0.115,0.115,0.115,0.115,0.126,0.138,0.161,0.184,0.172,0.149,0.138,0.126,0.138,0.149,0.161,0.172,0.195,0.207,0.184,0.161,0.138,0.126,0.126,0.115,conexion-vial-cercana
V8_1,V18_0,0.116,1.0,0.116,0.116,0.116,0.116,0.116,0.128,0.139,0.163,0.186,0.174,0.151,0.139,0.128,0.139,0.151,0.163,0.174,0.197,0.209,0.186,0.163,0.139,0.128,0.128,0.116,conexion-vial-cercana
V8_1,V21_2,0.116,1.0,0.116,0.116,0.116,0.116,0.116,0.128,0.139,0.163,0.186,0.174,0.151,0.139,0.128,0.139,0.151,0.163,0.174,0.197,0.209,0.186,0.163,0.139,0.128,0.128,0.116,conexion-vial-cercana
V8_2,V8_1,0.202,1.0,0.202,0.202,0.202,0.202,0.202,0.222,0.242,0.283,0.323,0.303,0.262,0.242,0.222,0.242,0.262,0.283,0.303,0.343,0.363,0.323,0.283,0.242,0.222,0.222,0.202,conexion-vial-cercana
V8_2,V9_1,0.231,1.0,0.231,0.231,0.231,0.231,0.231,0.254,0.277,0.323,0.369,0.346,0.3,0.277,0.254,0.277,0.3,0.323,0.346,0.393,0.416,0.369,0.323,0.277,0.254,0.254,0.231,conexion-vial-cercana
V8_2,V9_0,0.24,1.0,0.24,0.24,0.24,0.24,0.24,0.264,0.288,0.336,0.384,0.36,0.312,0.288,0.264,0.288,0.312,0.336,0.36,0.408,0.432,0.384,0.336,0.288,0.264,0.264,0.24,conexion-vial-cercana
V8_2,V10_1,0.251,1.0,0.251,0.251,0.251,0.251,0.251,0.277,0.302,0.352,0.402,0.377,0.327,0.302,0.277,0.302,0.327,0.352,0.377,0.427,0.453,0.402,0.352,0.302,0.277,0.277,0.251,conexion-vial-cercana
V8_2,V10_0,0.255,1.0,0.255,0.255,0.255,0.255,0.255,0.28,0.305,0.356,0.407,0.382,0.331,0.305,0.28,0.305,0.331,0.356,0.382,0.433,0.458,0.407,0.356,0.305,0.28,0.28,0.255,conexion-vial-cercana
V8_2,V10_2,0.285,1.0,0.285,0.285,0.285,0.285,0.285,0.314,0.342,0.399,0.456,0.428,0.371,0.342,0.314,0.342,0.371,0.399,0.428,0.485,0.513,0.456,0.399,0.342,0.314,0.314,0.285,conexion-vial-cercana
V8_2,V9_2,0.291,1.0,0.291,0.291,0.291,0.291,0.291,0.32,0.349,0.407,0.466,0.436,0.378,0.349,0.32,0.349,0.378,0.407,0.436,0.495,0.524,0.466,0.407,0.349,0.32,0.32,0.291,conexion-vial-cercana
V8_2,V21_0,0.291,1.0,0.291,0.291,0.291,0.291,0.291,0.32,0.349,0.407,0.466,0.436,0.378,0.349,0.32,0.349,0.378,0.407,0.436,0.495,0.524,0.466,0.407,0.349,0.32,0.32,0.291,conexion-vial-cercana
V9_0,V10_0,0.015,1.0,0.015,0.018,0.018,0.016,0.016,0.019,0.022,0.027,0.03,0.03,0.027,0.022,0.021,0.022,0.024,0.025,0.028,0.03,0.03,0.028,0.025,0.022,0.021,0.019,0.018,conexion-vial-cercana
V9_0,V9_1,0.043,1.0,0.043,0.051,0.051,0.047,0.047,0.055,0.064,0.077,0.085,0.085,0.077,0.064,0.06,0.064,0.068,0.072,0.081,0.085,0.085,0.081,0.072,0.064,0.06,0.055,0.051,conexion-vial-cercana
V9_0,V10_1,0.09,1.0,0.09,0.108,0.108,0.099,0.099,0.117,0.135,0.162,0.18,0.18,0.162,0.135,0.126,0.135,0.144,0.153,0.171,0.18,0.18,0.171,0.153,0.135,0.126,0.117,0.108,conexion-vial-cercana
V9_0,V13_0,0.11,1.0,0.11,0.132,0.132,0.121,0.121,0.143,0.165,0.198,0.22,0.22,0.198,0.165,0.154,0.165,0.176,0.187,0.209,0.22,0.22,0.209,0.187,0.165,0.154,0.143,0.132,conexion-vial-cercana
V9_0,V12_2,0.142,1.0,0.142,0.171,0.171,0.157,0.157,0.185,0.213,0.256,0.285,0.285,0.256,0.213,0.199,0.213,0.228,0.242,0.27,0.285,0.285,0.27,0.242,0.213,0.199,0.185,0.171,conexion-vial-cercana
V9_0,V12_1,0.159,1.0,0.159,0.191,0.191,0.175,0.175,0.206,0.238,0.286,0.318,0.318,0.286,0.238,0.222,0.238,0.254,0.27,0.302,0.318,0.318,0.302,0.27,0.238,0.222,0.206,0.191,conexion-vial-cercana
V9_0,V11_2,0.165,1.0,0.165,0.198,0.198,0.182,0.182,0.215,0.248,0.297,0.331,0.331,0.297,0.248,0.231,0.248,0.264,0.281,0.314,0.331,0.331,0.314,0.281,0.248,0.231,0.215,0.198,conexion-vial-cercana
V9_0,V12_0,0.174,1.0,0.174,0.208,0.208,0.191,0.191,0.226,0.26,0.313,0.347,0.347,0.313,0.26,0.243,0.26,0.278,0.295,0.33,0.347,0.347,0.33,0.295,0.26,0.243,0.226,0.208,conexion-vial-cercana
V9_1,V9_0,0.043,1.0,0.043,0.051,0.051,0.047,0.047,0.055,0.064,0.077,0.085,0.085,0.077,0.064,0.06,0.064,0.068,0.072,0.081,0.085,0.085,0.081,0.072,0.064,0.06,0.055,0.051,conexion-vial-cercana
V9_1,V10_0,0.048,1.0,0.048,0.058,0.058,0.053,0.053,0.063,0.073,0.087,0.097,0.097,0.087,0.073,0.068,0.073,0.077,0.082,0.092,0.097,0.097,0.092,0.082,0.073,0.068,0.063,0.058,conexion-vial-cercana
V9_1,V10_1,0.05,1.0,0.05,0.06,0.06,0.055,0.055,0.065,0.075,0.09,0.1,0.1,0.09,0.075,0.07,0.075,0.08,0.085,0.095,0.1,0.1,0.095,0.085,0.075,0.07,0.065,0.06,conexion-vial-cercana
V9_1,V13_0,0.146,1.0,0.146,0.175,0.175,0.16,0.16,0.189,0.218,0.262,0.291,0.291,0.262,0.218,0.204,0.218,0.233,0.248,0.277,0.291,0.291,0.277,0.248,0.218,0.204,0.189,0.175,conexion-vial-cercana
V9_1,V8_1,0.147,1.0,0.147,0.177,0.177,0.162,0.162,0.192,0.221,0.265,0.295,0.295,0.265,0.221,0.206,0.221,0.236,0.251,0.28,0.295,0.295,0.28,0.251,0.221,0.206,0.192,0.177,conexion-vial-cercana
V9_1,V10_2,0.158,1.0,0.158,0.19,0.19,0.174,0.174,0.206,0.237,0.285,0.316,0.316,0.285,0.237,0.221,0.237,0.253,0.269,0.301,0.316,0.316,0.301,0.269,0.237,0.221,0.206,0.19,conexion-vial-cercana
V9_1,V9_2,0.168,1.0,0.168,0.202,0.202,0.185,0.185,0.218,0.252,0.302,0.336,0.336,0.302,0.252,0.235,0.252,0.269,0.286,0.319,0.336,0.336,0.319,0.286,0.252,0.235,0.218,0.202,conexion-vial-cercana
V9_1,V21_0,0.168,1.0,0.168,0.202,0.202,0.185,0.185,0.218,0.252,0.302,0.336,0.336,0.302,0.252,0.235,0.252,0.269,0.286,0.319,0.336,0.336,0.319,0.286,0.252,0.235,0.218,0.202,conexion-vial-cercana
V9_2,V21_0,0.0,1.0,0.0,0.0,0.0,0.0,0.0,0.0,0.0,0.0,0.0,0.0,0.0,0.0,0.0,0.0,0.0,0.0,0.0,0.0,0.0,0.0,0.0,0.0,0.0,0.0,0.0,conexion-vial-cercana
V9_2,V21_1,0.0,1.0,0.0,0.0,0.0,0.0,0.0,0.0,0.0,0.0,0.0,0.0,0.0,0.0,0.0,0.0,0.0,0.0,0.0,0.0,0.0,0.0,0.0,0.0,0.0,0.0,0.0,conexion-vial-cercana
V9_2,V10_2,0.01,1.0,0.01,0.012,0.012,0.011,0.011,0.013,0.015,0.018,0.02,0.02,0.018,0.015,0.014,0.015,0.016,0.017,0.019,0.02,0.02,0.019,0.017,0.015,0.014,0.013,0.012,conexion-vial-cercana
V9_2,V22_0,0.024,1.0,0.024,0.029,0.029,0.027,0.027,0.032,0.037,0.044,0.049,0.049,0.044,0.037,0.034,0.037,0.039,0.042,0.046,0.049,0.049,0.046,0.042,0.037,0.034,0.032,0.029,conexion-vial-cercana
V9_2,V22_1,0.024,1.0,0.024,0.029,0.029,0.027,0.027,0.032,0.037,0.044,0.049,0.049,0.044,0.037,0.034,0.037,0.039,0.042,0.046,0.049,0.049,0.046,0.042,0.037,0.034,0.032,0.029,conexion-vial-cercana
V9_2,V8_0,0.04,1.0,0.04,0.048,0.048,0.044,0.044,0.052,0.06,0.072,0.08,0.08,0.072,0.06,0.056,0.06,0.064,0.068,0.076,0.08,0.08,0.076,0.068,0.06,0.056,0.052,0.048,conexion-vial-cercana
V9_2,V18_0,0.042,1.0,0.042,0.051,0.051,0.046,0.046,0.055,0.063,0.076,0.084,0.084,0.076,0.063,0.059,0.063,0.067,0.072,0.08,0.084,0.084,0.08,0.072,0.063,0.059,0.055,0.051,conexion-vial-cercana
V9_2,V21_2,0.042,1.0,0.042,0.051,0.051,0.046,0.046,0.055,0.063,0.076,0.084,0.084,0.076,0.063,0.059,0.063,0.067,0.072,0.08,0.084,0.084,0.08,0.072,0.063,0.059,0.055,0.051,conexion-vial-cercana
V10_0,V9_0,0.015,1.0,0.015,0.015,0.015,0.015,0.015,0.015,0.016,0.018,0.019,0.019,0.018,0.016,0.016,0.016,0.018,0.018,0.019,0.021,0.022,0.021,0.019,0.018,0.016,0.015,0.015,conexion-vial-cercana
V10_0,V9_1,0.048,1.0,0.048,0.048,0.048,0.048,0.048,0.048,0.053,0.058,0.063,0.063,0.058,0.053,0.053,0.053,0.058,0.058,0.063,0.068,0.073,0.068,0.063,0.058,0.053,0.048,0.048,conexion-vial-cercana
V10_0,V10_1,0.091,1.0,0.091,0.091,0.091,0.091,0.091,0.091,0.101,0.11,0.119,0.119,0.11,0.101,0.101,0.101,0.11,0.11,0.119,0.128,0.137,0.128,0.119,0.11,0.101,0.091,0.091,conexion-vial-cercana
V10_0,V13_0,0.099,1.0,0.099,0.099,0.099,0.099,0.099,0.099,0.108,0.118,0.128,0.128,0.118,0.108,0.108,0.108,0.118,0.118,0.128,0.138,0.148,0.138,0.128,0.118,0.108,0.099,0.099,conexion-vial-cercana
V10_0,V12_2,0.13,1.0,0.13,0.13,0.13,0.13,0.13,0.13,0.142,0.155,0.168,0.168,0.155,0.142,0.142,0.142,0.155,0.155,0.168,0.181,0.194,0.181,0.168,0.155,0.142,0.13,0.13,conexion-vial-cercana
V10_0,V12_1,0.146,1.0,0.146,0.146,0.146,0.146,0.146,0.146,0.161,0.176,0.19,0.19,0.176,0.161,0.161,0.161,0.176,0.176,0.19,0.205,0.22,0.205,0.19,0.176,0.161,0.146,0.146,conexion-vial-cercana
V10_0,V11_2,0.152,1.0,0.152,0.152,0.152,0.152,0.152,0.152,0.167,0.182,0.198,0.198,0.182,0.167,0.167,0.167,0.182,0.182,0.198,0.213,0.228,0.213,0.198,0.182,0.167,0.152,0.152,conexion-vial-cercana
V10_0,V12_0,0.162,1.0,0.162,0.162,0.162,0.162,0.162,0.162,0.178,0.194,0.21,0.21,0.194,0.178,0.178,0.178,0.194,0.194,0.21,0.227,0.243,0.227,0.21,0.194,0.178,0.162,0.162,conexion-vial-cercana
V10_1,V9_1,0.05,1.0,0.05,0.05,0.05,0.05,0.05,0.05,0.055,0.06,0.065,0.065,0.06,0.055,0.055,0.055,0.06,0.06,0.065,0.07,0.075,0.07,0.065,0.06,0.055,0.05,0.05,conexion-vial-cercana
V10_1,V9_0,0.09,1.0,0.09,0.09,0.09,0.09,0.09,0.09,0.099,0.108,0.117,0.117,0.108,0.099,0.099,0.099,0.108,0.108,0.117,0.126,0.135,0.126,0.117,0.108,0.099,0.09,0.09,conexion-vial-cercana
V10_1,V10_0,0.091,1.0,0.091,0.091,0.091,0.091,0.091,0.091,0.101,0.11,0.119,0.119,0.11,0.101,0.101,0.101,0.11,0.11,0.119,0.128,0.137,0.128,0.119,0.11,0.101,0.091,0.091,conexion-vial-cercana
V10_1,V10_2,0.111,1.0,0.111,0.111,0.111,0.111,0.111,0.111,0.122,0.133,0.145,0.145,0.133,0.122,0.122,0.122,0.133,0.133,0.145,0.156,0.167,0.156,0.145,0.133,0.122,0.111,0.111,conexion-vial-cercana
V10_1,V8_1,0.121,1.0,0.121,0.121,0.121,0.121,0.121,0.121,0.133,0.145,0.157,0.157,0.145,0.133,0.133,0.133,0.145,0.145,0.157,0.169,0.181,0.169,0.157,0.145,0.133,0.121,0.121,conexion-vial-cercana
V10_1,V9_2,0.121,1.0,0.121,0.121,0.121,0.121,0.121,0.121,0.133,0.145,0.157,0.157,0.145,0.133,0.133,0.133,0.145,0.145,0.157,0.169,0.181,0.169,0.157,0.145,0.133,0.121,0.121,conexion-vial-cercana
V10_1,V21_0,0.121,1.0,0.121,0.121,0.121,0.121,0.121,0.121,0.133,0.145,0.157,0.157,0.145,0.133,0.133,0.133,0.145,0.145,0.157,0.169,0.181,0.169,0.157,0.145,0.133,0.121,0.121,conexion-vial-cercana
V10_1,V21_1,0.121,1.0,0.121,0.121,0.121,0.121,0.121,0.121,0.133,0.145,0.157,0.157,0.145,0.133,0.133,0.133,0.145,0.145,0.157,0.169,0.181,0.169,0.157,0.145,0.133,0.121,0.121,conexion-vial-cercana
V10_2,V9_2,0.01,1.0,0.01,0.01,0.01,0.01,0.01,0.01,0.011,0.012,0.013,0.013,0.012,0.011,0.011,0.011,0.012,0.012,0.013,0.014,0.015,0.014,0.013,0.012,0.011,0.01,0.01,conexion-vial-cercana
V10_2,V21_0,0.01,1.0,0.01,0.01,0.01,0.01,0.01,0.01,0.011,0.012,0.013,0.013,0.012,0.011,0.011,0.011,0.012,0.012,0.013,0.014,0.015,0.014,0.013,0.012,0.011,0.01,0.01,conexion-vial-cercana
V10_2,V21_1,0.01,1.0,0.01,0.01,0.01,0.01,0.01,0.01,0.011,0.012,0.013,0.013,0.012,0.011,0.011,0.011,0.012,0.012,0.013,0.014,0.015,0.014,0.013,0.012,0.011,0.01,0.01,conexion-vial-cercana
V10_2,V22_0,0.031,1.0,0.031,0.031,0.031,0.031,0.031,0.031,0.034,0.037,0.041,0.041,0.037,0.034,0.034,0.034,0.037,0.037,0.041,0.044,0.047,0.044,0.041,0.037,0.034,0.031,0.031,conexion-vial-cercana
V10_2,V22_1,0.031,1.0,0.031,0.031,0.031,0.031,0.031,0.031,0.034,0.037,0.041,0.041,0.037,0.034,0.034,0.034,0.037,0.037,0.041,0.044,0.047,0.044,0.041,0.037,0.034,0.031,0.031,conexion-vial-cercana
V10_2,V8_0,0.049,1.0,0.049,0.049,0.049,0.049,0.049,0.049,0.054,0.059,0.064,0.064,0.059,0.054,0.054,0.054,0.059,0.059,0.064,0.069,0.074,0.069,0.064,0.059,0.054,0.049,0.049,conexion-vial-cercana
V10_2,V18_0,0.052,1.0,0.052,0.052,0.052,0.052,0.052,0.052,0.057,0.062,0.068,0.068,0.062,0.057,0.057,0.057,0.062,0.062,0.068,0.073,0.078,0.073,0.068,0.062,0.057,0.052,0.052,conexion-vial-cercana
V10_2,V21_2,0.052,1.0,0.052,0.052,0.052,0.052,0.052,0.052,0.057,0.062,0.068,0.068,0.062,0.057,0.057,0.057,0.062,0.062,0.068,0.073,0.078,0.073,0.068,0.062,0.057,0.052,0.052,conexion-vial-cercana
V11_0,V16_0,0.0,1.0,0.0,0.0,0.0,0.0,0.0,0.0,0.0,0.0,0.0,0.0,0.0,0.0,0.0,0.0,0.0,0.0,0.0,0.0,0.0,0.0,0.0,0.0,0.0,0.0,0.0,conexion-vial-cercana
V11_0,V16_1,0.028,1.0,0.028,0.028,0.028,0.028,0.028,0.031,0.034,0.039,0.045,0.042,0.037,0.034,0.031,0.034,0.037,0.039,0.042,0.048,0.051,0.045,0.039,0.034,0.031,0.031,0.028,conexion-vial-cercana
V11_0,V17_2,0.03,1.0,0.03,0.03,0.03,0.03,0.03,0.033,0.036,0.041,0.047,0.044,0.039,0.036,0.033,0.036,0.039,0.041,0.044,0.05,0.053,0.047,0.041,0.036,0.033,0.033,0.03,conexion-vial-cercana
V11_0,V17_1,0.031,1.0,0.031,0.031,0.031,0.031,0.031,0.035,0.038,0.044,0.05,0.047,0.041,0.038,0.035,0.038,0.041,0.044,0.047,0.053,0.057,0.05,0.044,0.038,0.035,0.035,0.031,conexion-vial-cercana
V11_0,V17_0,0.045,1.0,0.045,0.045,0.045,0.045,0.045,0.05,0.054,0.063,0.072,0.068,0.059,0.054,0.05,0.054,0.059,0.063,0.068,0.077,0.081,0.072,0.063,0.054,0.05,0.05,0.045,conexion-vial-cercana
V11_0,V16_2,0.05,1.0,0.05,0.05,0.05,0.05,0.05,0.055,0.06,0.07,0.08,0.075,0.065,0.06,0.055,0.06,0.065,0.07,0.075,0.085,0.09,0.08,0.07,0.06,0.055,0.055,0.05,conexion-vial-cercana
V11_0,V11_1,0.231,1.0,0.231,0.231,0.231,0.231,0.231,0.254,0.277,0.323,0.369,0.346,0.3,0.277,0.254,0.277,0.3,0.323,0.346,0.392,0.415,0.369,0.323,0.277,0.254,0.254,0.231,conexion-vial-cercana
V11_0,V15_2,0.286,1.0,0.286,0.286,0.286,0.286,0.286,0.314,0.343,0.4,0.457,0.429,0.372,0.343,0.314,0.343,0.372,0.4,0.429,0.486,0.514,0.457,0.4,0.343,0.314,0.314,0.286,conexion-vial-cercana
V11_1,V15_2,0.056,1.0,0.056,0.056,0.056,0.056,0.056,0.061,0.067,0.078,0.089,0.083,0.072,0.067,0.061,0.067,0.072,0.078,0.083,0.095,0.1,0.089,0.078,0.067,0.061,0.061,0.056,conexion-vial-cercana
V11_1,V14_2,0.103,1.0,0.103,0.103,0.103,0.103,0.103,0.113,0.124,0.144,0.165,0.155,0.134,0.124,0.113,0.124,0.134,0.144,0.155,0.175,0.185,0.165,0.144,0.124,0.113,0.113,0.103,conexion-vial-cercana
V11_1,V13_2,0.103,1.0,0.103,0.103,0.103,0.103,0.103,0.114,0.124,0.145,0.165,0.155,0.134,0.124,0.114,0.124,0.134,0.145,0.155,0.175,0.186,0.165,0.145,0.124,0.114,0.114,0.103,conexion-vial-cercana
V11_1,V14_0,0.111,1.0,0.111,0.111,0.111,0.111,0.111,0.123,0.134,0.156,0.178,0.167,0.145,0.134,0.123,0.134,0.145,0.156,0.167,0.189,0.201,0.178,0.156,0.134,0.123,0.123,0.111,conexion-vial-cercana
V11_1,V14_1,0.111,1.0,0.111,0.111,0.111,0.111,0.111,0.123,0.134,0.156,0.178,0.167,0.145,0.134,0.123,0.134,0.145,0.156,0.167,0.189,0.201,0.178,0.156,0.134,0.123,0.123,0.111,conexion-vial-cercana
V11_1,V15_1,0.124,1.0,0.124,0.124,0.124,0.124,0.124,0.136,0.148,0.173,0.198,0.185,0.161,0.148,0.136,0.148,0.161,0.173,0.185,0.21,0.222,0.198,0.173,0.148,0.136,0.136,0.124,conexion-vial-cercana
V11_1,V13_1,0.131,1.0,0.131,0.131,0.131,0.131,0.131,0.144,0.157,0.183,0.21,0.197,0.17,0.157,0.144,0.157,0.17,0.183,0.197,0.223,0.236,0.21,0.183,0.157,0.144,0.144,0.131,conexion-vial-cercana
V11_1,V11_2,0.133,1.0,0.133,0.133,0.133,0.133,0.133,0.146,0.16,0.186,0.213,0.2,0.173,0.16,0.146,0.16,0.173,0.186,0.2,0.226,0.239,0.213,0.186,0.16,0.146,0.146,0.133,conexion-vial-cercana
V11_2,V12_1,0.02,1.0,0.02,0.02,0.02,0.02,0.02,0.022,0.024,0.028,0.032,0.03,0.026,0.024,0.022,0.024,0.026,0.028,0.03,0.035,0.037,0.032,0.028,0.024,0.022,0.022,0.02,conexion-vial-cercana
V11_2,V12_2,0.025,1.0,0.025,0.025,0.025,0.025,0.025,0.028,0.03,0.035,0.04,0.038,0.033,0.03,0.028,0.03,0.033,0.035,0.038,0.043,0.045,0.04,0.035,0.03,0.028,0.028,0.025,conexion-vial-cercana
V11_2,V13_1,0.029,1.0,0.029,0.029,0.029,0.029,0.029,0.032,0.035,0.041,0.047,0.044,0.038,0.035,0.032,0.035,0.038,0.041,0.044,0.049,0.052,0.047,0.041,0.035,0.032,0.032,0.029,conexion-vial-cercana
V11_2,V14_2,0.032,1.0,0.032,0.032,0.032,0.032,0.032,0.035,0.038,0.044,0.051,0.047,0.041,0.038,0.035,0.038,0.041,0.044,0.047,0.054,0.057,0.051,0.044,0.038,0.035,0.035,0.032,conexion-vial-cercana
V11_2,V12_0,0.034,1.0,0.034,0.034,0.034,0.034,0.034,0.037,0.04,0.047,0.054,0.051,0.044,0.04,0.037,0.04,0.044,0.047,0.051,0.057,0.061,0.054,0.047,0.04,0.037,0.037,0.034,conexion-vial-cercana
V11_2,V14_0,0.034,1.0,0.034,0.034,0.034,0.034,0.034,0.038,0.041,0.048,0.055,0.051,0.045,0.041,0.038,0.041,0.045,0.048,0.051,0.058,0.062,0.055,0.048,0.041,0.038,0.038,0.034,conexion-vial-cercana
V11_2,V14_1,0.034,1.0,0.034,0.034,0.034,0.034,0.034,0.038,0.041,0.048,0.055,0.051,0.045,0.041,0.038,0.041,0.045,0.048,0.051,0.058,0.062,0.055,0.048,0.041,0.038,0.038,0.034,conexion-vial-cercana
V11_2,V13_2,0.049,1.0,0.049,0.049,0.049,0.049,0.049,0.054,0.059,0.068,0.078,0.073,0.064,0.059,0.054,0.059,0.064,0.068,0.073,0.083,0.088,0.078,0.068,0.059,0.054,0.054,0.049,conexion-vial-cercana
V12_0,V13_1,0.011,1.0,0.011,0.011,0.011,0.011,0.011,0.011,0.012,0.013,0.014,0.014,0.013,0.012,0.012,0.012,0.013,0.013,0.014,0.015,0.016,0.015,0.014,0.013,0.012,0.011,0.011,conexion-vial-cercana
V12_0,V12_1,0.019,1.0,0.019,0.019,0.019,0.019,0.019,0.019,0.021,0.023,0.025,0.025,0.023,0.021,0.021,0.021,0.023,0.023,0.025,0.027,0.029,0.027,0.025,0.023,0.021,0.019,0.019,conexion-vial-cercana
V12_0,V14_0,0.03,1.0,0.03,0.03,0.03,0.03,0.03,0.03,0.033,0.036,0.039,0.039,0.036,0.033,0.033,0.033,0.036,0.036,0.039,0.042,0.045,0.042,0.039,0.036,0.033,0.03,0.03,conexion-vial-cercana
V12_0,V14_1,0.03,1.0,0.03,0.03,0.03,0.03,0.03,0.03,0.033,0.036,0.039,0.039,0.036,0.033,0.033,0.033,0.036,0.036,0.039,0.042,0.045,0.042,0.039,0.036,0.033,0.03,0.03,conexion-vial-cercana
V12_0,V11_2,0.034,1.0,0.034,0.034,0.034,0.034,0.034,0.034,0.037,0.04,0.044,0.044,0.04,0.037,0.037,0.037,0.04,0.04,0.044,0.047,0.051,0.047,0.044,0.04,0.037,0.034,0.034,conexion-vial-cercana
V12_0,V12_2,0.037,1.0,0.037,0.037,0.037,0.037,0.037,0.037,0.041,0.045,0.048,0.048,0.045,0.041,0.041,0.041,0.045,0.045,0.048,0.052,0.056,0.052,0.048,0.045,0.041,0.037,0.037,conexion-vial-cercana
V12_0,V13_2,0.04,1.0,0.04,0.04,0.04,0.04,0.04,0.04,0.044,0.048,0.052,0.052,0.048,0.044,0.044,0.044,0.048,0.048,0.052,0.056,0.06,0.056,0.052,0.048,0.044,0.04,0.04,conexion-vial-cercana
V12_0,V15_1,0.048,1.0,0.048,0.048,0.048,0.048,0.048,0.048,0.052,0.057,0.062,0.062,0.057,0.052,0.052,0.052,0.057,0.057,0.062,0.067,0.071,0.067,0.062,0.057,0.052,0.048,0.048,conexion-vial-cercana
V12_1,V12_2,0.018,1.0,0.018,0.018,0.018,0.018,0.018,0.018,0.02,0.022,0.024,0.024,0.022,0.02,0.02,0.02,0.022,0.022,0.024,0.026,0.027,0.026,0.024,0.022,0.02,0.018,0.018,conexion-vial-cercana
V12_1,V12_0,0.019,1.0,0.019,0.019,0.019,0.019,0.019,0.019,0.021,0.023,0.025,0.025,0.023,0.021,0.021,0.021,0.023,0.023,0.025,0.027,0.029,0.027,0.025,0.023,0.021,0.019,0.019,conexion-vial-cercana
V12_1,V11_2,0.02,1.0,0.02,0.02,0.02,0.02,0.02,0.02,0.022,0.024,0.026,0.026,0.024,0.022,0.022,0.022,0.024,0.024,0.026,0.028,0.03,0.028,0.026,0.024,0.022,0.02,0.02,conexion-vial-cercana
V12_1,V13_1,0.022,1.0,0.022,0.022,0.022,0.022,0.022,0.022,0.024,0.026,0.028,0.028,0.026,0.024,0.024,0.024,0.026,0.026,0.028,0.031,0.033,0.031,0.028,0.026,0.024,0.022,0.022,conexion-vial-cercana
V12_1,V14_0,0.038,1.0,0.038,0.038,0.038,0.038,0.038,0.038,0.042,0.045,0.049,0.049,0.045,0.042,0.042,0.042,0.045,0.045,0.049,0.053,0.057,0.053,0.049,0.045,0.042,0.038,0.038,conexion-vial-cercana
V12_1,V14_1,0.038,1.0,0.038,0.038,0.038,0.038,0.038,0.038,0.042,0.045,0.049,0.049,0.045,0.042,0.042,0.042,0.045,0.045,0.049,0.053,0.057,0.053,0.049,0.045,0.042,0.038,0.038,conexion-vial-cercana
V12_1,V14_2,0.05,1.0,0.05,0.05,0.05,0.05,0.05,0.05,0.055,0.059,0.064,0.064,0.059,0.055,0.055,0.055,0.059,0.059,0.064,0.069,0.074,0.069,0.064,0.059,0.055,0.05,0.05,conexion-vial-cercana
V12_1,V13_0,0.05,1.0,0.05,0.05,0.05,0.05,0.05,0.05,0.055,0.06,0.065,0.065,0.06,0.055,0.055,0.055,0.06,0.06,0.065,0.07,0.075,0.07,0.065,0.06,0.055,0.05,0.05,conexion-vial-cercana
V12_2,V12_1,0.018,1.0,0.018,0.018,0.018,0.018,0.018,0.018,0.02,0.022,0.024,0.024,0.022,0.02,0.02,0.02,0.022,0.022,0.024,0.026,0.027,0.026,0.024,0.022,0.02,0.018,0.018,conexion-vial-cercana
V12_2,V11_2,0.025,1.0,0.025,0.025,0.025,0.025,0.025,0.025,0.028,0.03,0.033,0.033,0.03,0.028,0.028,0.028,0.03,0.03,0.033,0.035,0.038,0.035,0.033,0.03,0.028,0.025,0.025,conexion-vial-cercana
V12_2,V13_0,0.037,1.0,0.037,0.037,0.037,0.037,0.037,0.037,0.04,0.044,0.048,0.048,0.044,0.04,0.04,0.04,0.044,0.044,0.048,0.051,0.055,0.051,0.048,0.044,0.04,0.037,0.037,conexion-vial-cercana
V12_2,V12_0,0.037,1.0,0.037,0.037,0.037,0.037,0.037,0.037,0.041,0.045,0.048,0.048,0.045,0.041,0.041,0.041,0.045,0.045,0.048,0.052,0.056,0.052,0.048,0.045,0.041,0.037,0.037,conexion-vial-cercana
V12_2,V13_1,0.04,1.0,0.04,0.04,0.04,0.04,0.04,0.04,0.044,0.048,0.052,0.052,0.048,0.044,0.044,0.044,0.048,0.048,0.052,0.056,0.06,0.056,0.052,0.048,0.044,0.04,0.04,conexion-vial-cercana
V12_2,V14_0,0.054,1.0,0.054,0.054,0.054,0.054,0.054,0.054,0.059,0.065,0.07,0.07,0.065,0.059,0.059,0.059,0.065,0.065,0.07,0.075,0.081,0.075,0.07,0.065,0.059,0.054,0.054,conexion-vial-cercana
V12_2,V14_1,0.054,1.0,0.054,0.054,0.054,0.054,0.054,0.054,0.059,0.065,0.07,0.07,0.065,0.059,0.059,0.059,0.065,0.065,0.07,0.075,0.081,0.075,0.07,0.065,0.059,0.054,0.054,conexion-vial-cercana
V12_2,V14_2,0.056,1.0,0.056,0.056,0.056,0.056,0.056,0.056,0.062,0.068,0.073,0.073,0.068,0.062,0.062,0.062,0.068,0.068,0.073,0.079,0.085,0.079,0.073,0.068,0.062,0.056,0.056,conexion-vial-cercana
V13_0,V12_2,0.037,1.0,0.037,0.037,0.037,0.037,0.037,0.04,0.044,0.051,0.059,0.055,0.048,0.044,0.04,0.044,0.048,0.051,0.055,0.062,0.066,0.059,0.051,0.044,0.04,0.04,0.037,conexion-vial-cercana
V13_0,V12_1,0.05,1.0,0.05,0.05,0.05,0.05,0.05,0.055,0.06,0.07,0.08,0.075,0.065,0.06,0.055,0.06,0.065,0.07,0.075,0.085,0.09,0.08,0.07,0.06,0.055,0.055,0.05,conexion-vial-cercana
V13_0,V11_2,0.062,1.0,0.062,0.062,0.062,0.062,0.062,0.068,0.074,0.086,0.099,0.093,0.08,0.074,0.068,0.074,0.08,0.086,0.093,0.105,0.111,0.099,0.086,0.074,0.068,0.068,0.062,conexion-vial-cercana
V13_0,V12_0,0.064,1.0,0.064,0.064,0.064,0.064,0.064,0.07,0.076,0.089,0.102,0.095,0.083,0.076,0.07,0.076,0.083,0.089,0.095,0.108,0.114,0.102,0.089,0.076,0.07,0.07,0.064,conexion-vial-cercana
V13_0,V13_1,0.071,1.0,0.071,0.071,0.071,0.071,0.071,0.078,0.085,0.099,0.113,0.106,0.092,0.085,0.078,0.085,0.092,0.099,0.106,0.12,0.127,0.113,0.099,0.085,0.078,0.078,0.071,conexion-vial-cercana
V13_0,V14_0,0.088,1.0,0.088,0.088,0.088,0.088,0.088,0.097,0.105,0.123,0.141,0.132,0.114,0.105,0.097,0.105,0.114,0.123,0.132,0.149,0.158,0.141,0.123,0.105,0.097,0.097,0.088,conexion-vial-cercana
V13_0,V14_1,0.088,1.0,0.088,0.088,0.088,0.088,0.088,0.097,0.105,0.123,0.141,0.132,0.114,0.105,0.097,0.105,0.114,0.123,0.132,0.149,0.158,0.141,0.123,0.105,0.097,0.097,0.088,conexion-vial-cercana
V13_0,V14_2,0.093,1.0,0.093,0.093,0.093,0.093,0.093,0.102,0.112,0.13,0.149,0.139,0.121,0.112,0.102,0.112,0.121,0.13,0.139,0.158,0.167,0.149,0.13,0.112,0.102,0.102,0.093,conexion-vial-cercana
V13_1,V12_0,0.011,1.0,0.011,0.011,0.011,0.011,0.011,0.012,0.013,0.015,0.017,0.016,0.014,0.013,0.012,0.013,0.014,0.015,0.016,0.018,0.019,0.017,0.015,0.013,0.012,0.012,0.011,conexion-vial-cercana
V13_1,V14_0,0.02,1.0,0.02,0.02,0.02,0.02,0.02,0.022,0.024,0.027,0.031,0.029,0.025,0.024,0.022,0.024,0.025,0.027,0.029,0.033,0.035,0.031,0.027,0.024,0.022,0.022,0.02,conexion-vial-cercana
V13_1,V14_1,0.02,1.0,0.02,0.02,0.02,0.02,0.02,0.022,0.024,0.027,0.031,0.029,0.025,0.024,0.022,0.024,0.025,0.027,0.029,0.033,0.035,0.031,0.027,0.024,0.022,0.022,0.02,conexion-vial-cercana
V13_1,V12_1,0.022,1.0,0.022,0.022,0.022,0.022,0.022,0.024,0.026,0.031,0.035,0.033,0.028,0.026,0.024,0.026,0.028,0.031,0.033,0.037,0.039,0.035,0.031,0.026,0.024,0.024,0.022,conexion-vial-cercana
V13_1,V11_2,0.029,1.0,0.029,0.029,0.029,0.029,0.029,0.032,0.035,0.041,0.047,0.044,0.038,0.035,0.032,0.035,0.038,0.041,0.044,0.049,0.052,0.047,0.041,0.035,0.032,0.032,0.029,conexion-vial-cercana
V13_1,V13_2,0.031,1.0,0.031,0.031,0.031,0.031,0.031,0.034,0.037,0.043,0.049,0.046,0.04,0.037,0.034,0.037,0.04,0.043,0.046,0.052,0.055,0.049,0.043,0.037,0.034,0.034,0.031,conexion-vial-cercana
V13_1,V12_2,0.04,1.0,0.04,0.04,0.04,0.04,0.04,0.044,0.048,0.056,0.064,0.06,0.052,0.048,0.044,0.048,0.052,0.056,0.06,0.068,0.072,0.064,0.056,0.048,0.044,0.044,0.04,conexion-vial-cercana
V13_1,V14_2,0.045,1.0,0.045,0.045,0.045,0.045,0.045,0.05,0.054,0.063,0.072,0.068,0.059,0.054,0.05,0.054,0.059,0.063,0.068,0.077,0.081,0.072,0.063,0.054,0.05,0.05,0.045,conexion-vial-cercana
V13_2,V14_0,0.015,1.0,0.015,0.015,0.015,0.015,0.015,0.016,0.018,0.021,0.023,0.022,0.019,0.018,0.016,0.018,0.019,0.021,0.022,0.025,0.026,0.023,0.021,0.018,0.016,0.016,0.015,conexion-vial-cercana
V13_2,V14_1,0.015,1.0,0.015,0.015,0.015,0.015,0.015,0.016,0.018,0.021,0.023,0.022,0.019,0.018,0.016,0.018,0.019,0.021,0.022,0.025,0.026,0.023,0.021,0.018,0.016,0.016,0.015,conexion-vial-cercana
V13_2,V13_1,0.031,1.0,0.031,0.031,0.031,0.031,0.031,0.034,0.037,0.043,0.049,0.046,0.04,0.037,0.034,0.037,0.04,0.043,0.046,0.052,0.055,0.049,0.043,0.037,0.034,0.034,0.031,conexion-vial-cercana
V13_2,V15_1,0.034,1.0,0.034,0.034,0.034,0.034,0.034,0.037,0.041,0.047,0.054,0.051,0.044,0.041,0.037,0.041,0.044,0.047,0.051,0.057,0.061,0.054,0.047,0.041,0.037,0.037,0.034,conexion-vial-cercana
V13_2,V12_0,0.04,1.0,0.04,0.04,0.04,0.04,0.04,0.044,0.048,0.056,0.064,0.06,0.052,0.048,0.044,0.048,0.052,0.056,0.06,0.068,0.072,0.064,0.056,0.048,0.044,0.044,0.04,conexion-vial-cercana
V13_2,V14_2,0.043,1.0,0.043,0.043,0.043,0.043,0.043,0.047,0.051,0.06,0.068,0.064,0.056,0.051,0.047,0.051,0.056,0.06,0.064,0.073,0.077,0.068,0.06,0.051,0.047,0.047,0.043,conexion-vial-cercana
V13_2,V11_2,0.049,1.0,0.049,0.049,0.049,0.049,0.049,0.054,0.059,0.068,0.078,0.073,0.064,0.059,0.054,0.059,0.064,0.068,0.073,0.083,0.088,0.078,0.068,0.059,0.054,0.054,0.049,conexion-vial-cercana
V13_2,V15_2,0.05,1.0,0.05,0.05,0.05,0.05,0.05,0.055,0.06,0.069,0.079,0.074,0.064,0.06,0.055,0.06,0.064,0.069,0.074,0.084,0.089,0.079,0.069,0.06,0.055,0.055,0.05,conexion-vial-cercana
V14_0,V14_1,0.0,1.0,0.0,0.0,0.0,0.0,0.0,0.0,0.0,0.0,0.0,0.0,0.0,0.0,0.0,0.0,0.0,0.0,0.0,0.0,0.0,0.0,0.0,0.0,0.0,0.0,0.0,conexion-vial-cercana
V14_0,V13_2,0.015,1.0,0.015,0.015,0.015,0.015,0.015,0.016,0.018,0.021,0.023,0.022,0.019,0.018,0.016,0.018,0.019,0.021,0.022,0.025,0.026,0.023,0.021,0.018,0.016,0.016,0.015,conexion-vial-cercana
V14_0,V13_1,0.02,1.0,0.02,0.02,0.02,0.02,0.02,0.022,0.024,0.027,0.031,0.029,0.025,0.024,0.022,0.024,0.025,0.027,0.029,0.033,0.035,0.031,0.027,0.024,0.022,0.022,0.02,conexion-vial-cercana
V14_0,V12_0,0.03,1.0,0.03,0.03,0.03,0.03,0.03,0.033,0.036,0.042,0.048,0.045,0.039,0.036,0.033,0.036,0.039,0.042,0.045,0.051,0.054,0.048,0.042,0.036,0.033,0.033,0.03,conexion-vial-cercana
V14_0,V14_2,0.034,1.0,0.034,0.034,0.034,0.034,0.034,0.037,0.04,0.047,0.054,0.05,0.044,0.04,0.037,0.04,0.044,0.047,0.05,0.057,0.06,0.054,0.047,0.04,0.037,0.037,0.034,conexion-vial-cercana
V14_0,V11_2,0.034,1.0,0.034,0.034,0.034,0.034,0.034,0.038,0.041,0.048,0.055,0.051,0.045,0.041,0.038,0.041,0.045,0.048,0.051,0.058,0.062,0.055,0.048,0.041,0.038,0.038,0.034,conexion-vial-cercana
V14_0,V12_1,0.038,1.0,0.038,0.038,0.038,0.038,0.038,0.042,0.045,0.053,0.061,0.057,0.049,0.045,0.042,0.045,0.049,0.053,0.057,0.064,0.068,0.061,0.053,0.045,0.042,0.042,0.038,conexion-vial-cercana
V14_0,V15_1,0.043,1.0,0.043,0.043,0.043,0.043,0.043,0.047,0.052,0.06,0.069,0.064,0.056,0.052,0.047,0.052,0.056,0.06,0.064,0.073,0.077,0.069,0.06,0.052,0.047,0.047,0.043,conexion-vial-cercana
V14_1,V14_0,0.0,1.0,0.0,0.0,0.0,0.0,0.0,0.0,0.0,0.0,0.0,0.0,0.0,0.0,0.0,0.0,0.0,0.0,0.0,0.0,0.0,0.0,0.0,0.0,0.0,0.0,0.0,conexion-vial-cercana
V14_1,V13_2,0.015,1.0,0.015,0.015,0.015,0.015,0.015,0.016,0.018,0.021,0.023,0.022,0.019,0.018,0.016,0.018,0.019,0.021,0.022,0.025,0.026,0.023,0.021,0.018,0.016,0.016,0.015,conexion-vial-cercana
V14_1,V13_1,0.02,1.0,0.02,0.02,0.02,0.02,0.02,0.022,0.024,0.027,0.031,0.029,0.025,0.024,0.022,0.024,0.025,0.027,0.029,0.033,0.035,0.031,0.027,0.024,0.022,0.022,0.02,conexion-vial-cercana
V14_1,V12_0,0.03,1.0,0.03,0.03,0.03,0.03,0.03,0.033,0.036,0.042,0.048,0.045,0.039,0.036,0.033,0.036,0.039,0.042,0.045,0.051,0.054,0.048,0.042,0.036,0.033,0.033,0.03,conexion-vial-cercana
V14_1,V14_2,0.034,1.0,0.034,0.034,0.034,0.034,0.034,0.037,0.04,0.047,0.054,0.05,0.044,0.04,0.037,0.04,0.044,0.047,0.05,0.057,0.06,0.054,0.047,0.04,0.037,0.037,0.034,conexion-vial-cercana
V14_1,V11_2,0.034,1.0,0.034,0.034,0.034,0.034,0.034,0.038,0.041,0.048,0.055,0.051,0.045,0.041,0.038,0.041,0.045,0.048,0.051,0.058,0.062,0.055,0.048,0.041,0.038,0.038,0.034,conexion-vial-cercana
V14_1,V12_1,0.038,1.0,0.038,0.038,0.038,0.038,0.038,0.042,0.045,0.053,0.061,0.057,0.049,0.045,0.042,0.045,0.049,0.053,0.057,0.064,0.068,0.061,0.053,0.045,0.042,0.042,0.038,conexion-vial-cercana
V14_1,V15_1,0.043,1.0,0.043,0.043,0.043,0.043,0.043,0.047,0.052,0.06,0.069,0.064,0.056,0.052,0.047,0.052,0.056,0.06,0.064,0.073,0.077,0.069,0.06,0.052,0.047,0.047,0.043,conexion-vial-cercana
V14_2,V11_2,0.032,1.0,0.032,0.032,0.032,0.032,0.032,0.035,0.038,0.044,0.051,0.047,0.041,0.038,0.035,0.038,0.041,0.044,0.047,0.054,0.057,0.051,0.044,0.038,0.035,0.035,0.032,conexion-vial-cercana
V14_2,V14_0,0.034,1.0,0.034,0.034,0.034,0.034,0.034,0.037,0.04,0.047,0.054,0.05,0.044,0.04,0.037,0.04,0.044,0.047,0.05,0.057,0.06,0.054,0.047,0.04,0.037,0.037,0.034,conexion-vial-cercana
V14_2,V14_1,0.034,1.0,0.034,0.034,0.034,0.034,0.034,0.037,0.04,0.047,0.054,0.05,0.044,0.04,0.037,0.04,0.044,0.047,0.05,0.057,0.06,0.054,0.047,0.04,0.037,0.037,0.034,conexion-vial-cercana
V14_2,V13_2,0.043,1.0,0.043,0.043,0.043,0.043,0.043,0.047,0.051,0.06,0.068,0.064,0.056,0.051,0.047,0.051,0.056,0.06,0.064,0.073,0.077,0.068,0.06,0.051,0.047,0.047,0.043,conexion-vial-cercana
V14_2,V13_1,0.045,1.0,0.045,0.045,0.045,0.045,0.045,0.05,0.054,0.063,0.072,0.068,0.059,0.054,0.05,0.054,0.059,0.063,0.068,0.077,0.081,0.072,0.063,0.054,0.05,0.05,0.045,conexion-vial-cercana
V14_2,V12_1,0.05,1.0,0.05,0.05,0.05,0.05,0.05,0.055,0.059,0.069,0.079,0.074,0.064,0.059,0.055,0.059,0.064,0.069,0.074,0.084,0.089,0.079,0.069,0.059,0.055,0.055,0.05,conexion-vial-cercana
V14_2,V12_0,0.055,1.0,0.055,0.055,0.055,0.055,0.055,0.06,0.066,0.077,0.088,0.082,0.071,0.066,0.06,0.066,0.071,0.077,0.082,0.093,0.099,0.088,0.077,0.066,0.06,0.06,0.055,conexion-vial-cercana
V14_2,V12_2,0.056,1.0,0.056,0.056,0.056,0.056,0.056,0.062,0.068,0.079,0.09,0.085,0.073,0.068,0.062,0.068,0.073,0.079,0.085,0.096,0.102,0.09,0.079,0.068,0.062,0.062,0.056,conexion-vial-cercana
V15_0,V15_1,0.131,1.0,0.131,0.131,0.131,0.131,0.131,0.131,0.144,0.158,0.171,0.171,0.158,0.144,0.144,0.144,0.158,0.158,0.171,0.184,0.197,0.184,0.171,0.158,0.144,0.131,0.131,conexion-vial-cercana
V15_0,V12_0,0.163,1.0,0.163,0.163,0.163,0.163,0.163,0.163,0.18,0.196,0.212,0.212,0.196,0.18,0.18,0.18,0.196,0.196,0.212,0.229,0.245,0.229,0.212,0.196,0.18,0.163,0.163,conexion-vial-cercana
V15_0,V13_2,0.165,1.0,0.165,0.165,0.165,0.165,0.165,0.165,0.182,0.198,0.215,0.215,0.198,0.182,0.182,0.182,0.198,0.198,0.215,0.231,0.248,0.231,0.215,0.198,0.182,0.165,0.165,conexion-vial-cercana
V15_0,V13_1,0.168,1.0,0.168,0.168,0.168,0.168,0.168,0.168,0.184,0.201,0.218,0.218,0.201,0.184,0.184,0.184,0.201,0.201,0.218,0.235,0.252,0.235,0.218,0.201,0.184,0.168,0.168,conexion-vial-cercana
V15_0,V14_0,0.173,1.0,0.173,0.173,0.173,0.173,0.173,0.173,0.19,0.208,0.225,0.225,0.208,0.19,0.19,0.19,0.208,0.208,0.225,0.242,0.26,0.242,0.225,0.208,0.19,0.173,0.173,conexion-vial-cercana
V15_0,V14_1,0.173,1.0,0.173,0.173,0.173,0.173,0.173,0.173,0.19,0.208,0.225,0.225,0.208,0.19,0.19,0.19,0.208,0.208,0.225,0.242,0.26,0.242,0.225,0.208,0.19,0.173,0.173,conexion-vial-cercana
V15_0,V12_1,0.181,1.0,0.181,0.181,0.181,0.181,0.181,0.181,0.2,0.218,0.236,0.236,0.218,0.2,0.2,0.2,0.218,0.218,0.236,0.254,0.272,0.254,0.236,0.218,0.2,0.181,0.181,conexion-vial-cercana
V15_0,V15_2,0.186,1.0,0.186,0.186,0.186,0.186,0.186,0.186,0.205,0.223,0.242,0.242,0.223,0.205,0.205,0.205,0.223,0.223,0.242,0.26,0.279,0.26,0.242,0.223,0.205,0.186,0.186,conexion-vial-cercana
V15_1,V13_2,0.034,1.0,0.034,0.034,0.034,0.034,0.034,0.034,0.037,0.041,0.044,0.044,0.041,0.037,0.037,0.037,0.041,0.041,0.044,0.047,0.051,0.047,0.044,0.041,0.037,0.034,0.034,conexion-vial-cercana
V15_1,V14_0,0.043,1.0,0.043,0.043,0.043,0.043,0.043,0.043,0.047,0.052,0.056,0.056,0.052,0.047,0.047,0.047,0.052,0.052,0.056,0.06,0.064,0.06,0.056,0.052,0.047,0.043,0.043,conexion-vial-cercana
V15_1,V14_1,0.043,1.0,0.043,0.043,0.043,0.043,0.043,0.043,0.047,0.052,0.056,0.056,0.052,0.047,0.047,0.047,0.052,0.052,0.056,0.06,0.064,0.06,0.056,0.052,0.047,0.043,0.043,conexion-vial-cercana
V15_1,V13_1,0.045,1.0,0.045,0.045,0.045,0.045,0.045,0.045,0.05,0.054,0.059,0.059,0.054,0.05,0.05,0.05,0.054,0.054,0.059,0.063,0.068,0.063,0.059,0.054,0.05,0.045,0.045,conexion-vial-cercana
V15_1,V12_0,0.048,1.0,0.048,0.048,0.048,0.048,0.048,0.048,0.052,0.057,0.062,0.062,0.057,0.052,0.052,0.052,0.057,0.057,0.062,0.067,0.071,0.067,0.062,0.057,0.052,0.048,0.048,conexion-vial-cercana
V15_1,V12_1,0.066,1.0,0.066,0.066,0.066,0.066,0.066,0.066,0.073,0.079,0.086,0.086,0.079,0.073,0.073,0.073,0.079,0.079,0.086,0.092,0.099,0.092,0.086,0.079,0.073,0.066,0.066,conexion-vial-cercana
V15_1,V15_2,0.068,1.0,0.068,0.068,0.068,0.068,0.068,0.068,0.075,0.082,0.089,0.089,0.082,0.075,0.075,0.075,0.082,0.082,0.089,0.095,0.102,0.095,0.089,0.082,0.075,0.068,0.068,conexion-vial-cercana
V15_1,V11_2,0.073,1.0,0.073,0.073,0.073,0.073,0.073,0.073,0.08,0.088,0.095,0.095,0.088,0.08,0.08,0.08,0.088,0.088,0.095,0.102,0.11,0.102,0.095,0.088,0.08,0.073,0.073,conexion-vial-cercana
V15_2,V13_2,0.05,1.0,0.05,0.05,0.05,0.05,0.05,0.05,0.055,0.06,0.064,0.064,0.06,0.055,0.055,0.055,0.06,0.06,0.064,0.069,0.074,0.069,0.064,0.06,0.055,0.05,0.05,conexion-vial-cercana
V15_2,V11_1,0.056,1.0,0.056,0.056,0.056,0.056,0.056,0.056,0.061,0.067,0.072,0.072,0.067,0.061,0.061,0.061,0.067,0.067,0.072,0.078,0.083,0.078,0.072,0.067,0.061,0.056,0.056,conexion-vial-cercana
V15_2,V14_0,0.06,1.0,0.06,0.06,0.06,0.06,0.06,0.06,0.067,0.073,0.079,0.079,0.073,0.067,0.067,0.067,0.073,0.073,0.079,0.085,0.091,0.085,0.079,0.073,0.067,0.06,0.06,conexion-vial-cercana
V15_2,V14_1,0.06,1.0,0.06,0.06,0.06,0.06,0.06,0.06,0.067,0.073,0.079,0.079,0.073,0.067,0.067,0.067,0.073,0.073,0.079,0.085,0.091,0.085,0.079,0.073,0.067,0.06,0.06,conexion-vial-cercana
V15_2,V14_2,0.065,1.0,0.065,0.065,0.065,0.065,0.065,0.065,0.072,0.078,0.085,0.085,0.078,0.072,0.072,0.072,0.078,0.078,0.085,0.091,0.098,0.091,0.085,0.078,0.072,0.065,0.065,conexion-vial-cercana
V15_2,V15_1,0.068,1.0,0.068,0.068,0.068,0.068,0.068,0.068,0.075,0.082,0.089,0.089,0.082,0.075,0.075,0.075,0.082,0.082,0.089,0.095,0.102,0.095,0.089,0.082,0.075,0.068,0.068,conexion-vial-cercana
V15_2,V13_1,0.08,1.0,0.08,0.08,0.08,0.08,0.08,0.08,0.087,0.095,0.103,0.103,0.095,0.087,0.087,0.087,0.095,0.095,0.103,0.111,0.119,0.111,0.103,0.095,0.087,0.08,0.08,conexion-vial-cercana
V15_2,V11_2,0.089,1.0,0.089,0.089,0.089,0.089,0.089,0.089,0.098,0.107,0.116,0.116,0.107,0.098,0.098,0.098,0.107,0.107,0.116,0.125,0.134,0.125,0.116,0.107,0.098,0.089,0.089,conexion-vial-cercana
V16_0,V11_0,0.0,1.0,0.0,0.0,0.0,0.0,0.0,0.0,0.0,0.0,0.0,0.0,0.0,0.0,0.0,0.0,0.0,0.0,0.0,0.0,0.0,0.0,0.0,0.0,0.0,0.0,0.0,conexion-vial-cercana
V16_0,V16_1,0.028,1.0,0.028,0.028,0.028,0.028,0.028,0.028,0.031,0.034,0.037,0.037,0.034,0.031,0.031,0.031,0.034,0.034,0.037,0.039,0.042,0.039,0.037,0.034,0.031,0.028,0.028,conexion-vial-cercana
V16_0,V17_2,0.03,1.0,0.03,0.03,0.03,0.03,0.03,0.03,0.033,0.036,0.039,0.039,0.036,0.033,0.033,0.033,0.036,0.036,0.039,0.041,0.044,0.041,0.039,0.036,0.033,0.03,0.03,conexion-vial-cercana
V16_0,V17_1,0.031,1.0,0.031,0.031,0.031,0.031,0.031,0.031,0.035,0.038,0.041,0.041,0.038,0.035,0.035,0.035,0.038,0.038,0.041,0.044,0.047,0.044,0.041,0.038,0.035,0.031,0.031,conexion-vial-cercana
V16_0,V17_0,0.045,1.0,0.045,0.045,0.045,0.045,0.045,0.045,0.05,0.054,0.059,0.059,0.054,0.05,0.05,0.05,0.054,0.054,0.059,0.063,0.068,0.063,0.059,0.054,0.05,0.045,0.045,conexion-vial-cercana
V16_0,V16_2,0.05,1.0,0.05,0.05,0.05,0.05,0.05,0.05,0.055,0.06,0.065,0.065,0.06,0.055,0.055,0.055,0.06,0.06,0.065,0.07,0.075,0.07,0.065,0.06,0.055,0.05,0.05,conexion-vial-cercana
V16_0,V11_1,0.231,1.0,0.231,0.231,0.231,0.231,0.231,0.231,0.254,0.277,0.3,0.3,0.277,0.254,0.254,0.254,0.277,0.277,0.3,0.323,0.346,0.323,0.3,0.277,0.254,0.231,0.231,conexion-vial-cercana
V16_0,V15_2,0.286,1.0,0.286,0.286,0.286,0.286,0.286,0.286,0.314,0.343,0.372,0.372,0.343,0.314,0.314,0.314,0.343,0.343,0.372,0.4,0.429,0.4,0.372,0.343,0.314,0.286,0.286,conexion-vial-cercana
V16_1,V17_1,0.01,1.0,0.01,0.01,0.01,0.01,0.01,0.01,0.011,0.012,0.013,0.013,0.012,0.011,0.011,0.011,0.012,0.012,0.013,0.014,0.015,0.014,0.013,0.012,0.011,0.01,0.01,conexion-vial-cercana
V16_1,V17_0,0.019,1.0,0.019,0.019,0.019,0.019,0.019,0.019,0.021,0.023,0.025,0.025,0.023,0.021,0.021,0.021,0.023,0.023,0.025,0.027,0.029,0.027,0.025,0.023,0.021,0.019,0.019,conexion-vial-cercana
V16_1,V17_2,0.02,1.0,0.02,0.02,0.02,0.02,0.02,0.02,0.022,0.024,0.025,0.025,0.024,0.022,0.022,0.022,0.024,0.024,0.025,0.027,0.029,0.027,0.025,0.024,0.022,0.02,0.02,conexion-vial-cercana
V16_1,V16_2,0.023,1.0,0.023,0.023,0.023,0.023,0.023,0.023,0.025,0.028,0.03,0.03,0.028,0.025,0.025,0.025,0.028,0.028,0.03,0.032,0.034,0.032,0.03,0.028,0.025,0.023,0.023,conexion-vial-cercana
V16_1,V11_0,0.028,1.0,0.028,0.028,0.028,0.028,0.028,0.028,0.031,0.034,0.037,0.037,0.034,0.031,0.031,0.031,0.034,0.034,0.037,0.039,0.042,0.039,0.037,0.034,0.031,0.028,0.028,conexion-vial-cercana
V16_1,V16_0,0.028,1.0,0.028,0.028,0.028,0.028,0.028,0.028,0.031,0.034,0.037,0.037,0.034,0.031,0.031,0.031,0.034,0.034,0.037,0.039,0.042,0.039,0.037,0.034,0.031,0.028,0.028,conexion-vial-cercana
V16_1,V11_1,0.224,1.0,0.224,0.224,0.224,0.224,0.224,0.224,0.247,0.269,0.292,0.292,0.269,0.247,0.247,0.247,0.269,0.269,0.292,0.314,0.337,0.314,0.292,0.269,0.247,0.224,0.224,conexion-vial-cercana
V16_1,V15_2,0.278,1.0,0.278,0.278,0.278,0.278,0.278,0.278,0.306,0.334,0.362,0.362,0.334,0.306,0.306,0.306,0.334,0.334,0.362,0.39,0.418,0.39,0.362,0.334,0.306,0.278,0.278,conexion-vial-cercana
V16_2,V17_0,0.021,1.0,0.021,0.021,0.021,0.021,0.021,0.021,0.023,0.025,0.027,0.027,0.025,0.023,0.023,0.023,0.025,0.025,0.027,0.029,0.032,0.029,0.027,0.025,0.023,0.021,0.021,conexion-vial-cercana
V16_2,V16_1,0.023,1.0,0.023,0.023,0.023,0.023,0.023,0.023,0.025,0.028,0.03,0.03,0.028,0.025,0.025,0.025,0.028,0.028,0.03,0.032,0.034,0.032,0.03,0.028,0.025,0.023,0.023,conexion-vial-cercana
V16_2,V17_1,0.027,1.0,0.027,0.027,0.027,0.027,0.027,0.027,0.03,0.032,0.035,0.035,0.032,0.03,0.03,0.03,0.032,0.032,0.035,0.038,0.04,0.038,0.035,0.032,0.03,0.027,0.027,conexion-vial-cercana
V16_2,V17_2,0.039,1.0,0.039,0.039,0.039,0.039,0.039,0.039,0.042,0.046,0.05,0.05,0.046,0.042,0.042,0.042,0.046,0.046,0.05,0.054,0.058,0.054,0.05,0.046,0.042,0.039,0.039,conexion-vial-cercana
V16_2,V11_0,0.05,1.0,0.05,0.05,0.05,0.05,0.05,0.05,0.055,0.06,0.065,0.065,0.06,0.055,0.055,0.055,0.06,0.06,0.065,0.07,0.075,0.07,0.065,0.06,0.055,0.05,0.05,conexion-vial-cercana
V16_2,V16_0,0.05,1.0,0.05,0.05,0.05,0.05,0.05,0.05,0.055,0.06,0.065,0.065,0.06,0.055,0.055,0.055,0.06,0.06,0.065,0.07,0.075,0.07,0.065,0.06,0.055,0.05,0.05,conexion-vial-cercana
V16_2,V11_1,0.231,1.0,0.231,0.231,0.231,0.231,0.231,0.231,0.254,0.277,0.3,0.3,0.277,0.254,0.254,0.254,0.277,0.277,0.3,0.324,0.347,0.324,0.3,0.277,0.254,0.231,0.231,conexion-vial-cercana
V16_2,V15_2,0.284,1.0,0.284,0.284,0.284,0.284,0.284,0.284,0.312,0.341,0.369,0.369,0.341,0.312,0.312,0.312,0.341,0.341,0.369,0.397,0.426,0.397,0.369,0.341,0.312,0.284,0.284,conexion-vial-cercana
V17_0,V17_1,0.014,1.0,0.014,0.014,0.014,0.014,0.014,0.014,0.015,0.017,0.018,0.018,0.017,0.015,0.015,0.015,0.017,0.017,0.018,0.019,0.021,0.019,0.018,0.017,0.015,0.014,0.014,conexion-vial-cercana
V17_0,V16_1,0.019,1.0,0.019,0.019,0.019,0.019,0.019,0.019,0.021,0.023,0.025,0.025,0.023,0.021,0.021,0.021,0.023,0.023,0.025,0.027,0.029,0.027,0.025,0.023,0.021,0.019,0.019,conexion-vial-cercana
V17_0,V16_2,0.021,1.0,0.021,0.021,0.021,0.021,0.021,0.021,0.023,0.025,0.027,0.027,0.025,0.023,0.023,0.023,0.025,0.025,0.027,0.029,0.032,0.029,0.027,0.025,0.023,0.021,0.021,conexion-vial-cercana
V17_0,V17_2,0.022,1.0,0.022,0.022,0.022,0.022,0.022,0.022,0.025,0.027,0.029,0.029,0.027,0.025,0.025,0.025,0.027,0.027,0.029,0.031,0.034,0.031,0.029,0.027,0.025,0.022,0.022,conexion-vial-cercana
V17_0,V11_0,0.045,1.0,0.045,0.045,0.045,0.045,0.045,0.045,0.05,0.054,0.059,0.059,0.054,0.05,0.05,0.05,0.054,0.054,0.059,0.063,0.068,0.063,0.059,0.054,0.05,0.045,0.045,conexion-vial-cercana
V17_0,V16_0,0.045,1.0,0.045,0.045,0.045,0.045,0.045,0.045,0.05,0.054,0.059,0.059,0.054,0.05,0.05,0.05,0.054,0.054,0.059,0.063,0.068,0.063,0.059,0.054,0.05,0.045,0.045,conexion-vial-cercana
V17_0,V11_1,0.211,1.0,0.211,0.211,0.211,0.211,0.211,0.211,0.232,0.254,0.275,0.275,0.254,0.232,0.232,0.232,0.254,0.254,0.275,0.296,0.317,0.296,0.275,0.254,0.232,0.211,0.211,conexion-vial-cercana
V17_0,V15_2,0.264,1.0,0.264,0.264,0.264,0.264,0.264,0.264,0.291,0.317,0.344,0.344,0.317,0.291,0.291,0.291,0.317,0.317,0.344,0.37,0.397,0.37,0.344,0.317,0.291,0.264,0.264,conexion-vial-cercana
V17_1,V16_1,0.01,1.0,0.01,0.01,0.01,0.01,0.01,0.01,0.011,0.012,0.013,0.013,0.012,0.011,0.011,0.011,0.012,0.012,0.013,0.014,0.015,0.014,0.013,0.012,0.011,0.01,0.01,conexion-vial-cercana
V17_1,V17_2,0.012,1.0,0.012,0.012,0.012,0.012,0.012,0.012,0.013,0.014,0.015,0.015,0.014,0.013,0.013,0.013,0.014,0.014,0.015,0.016,0.018,0.016,0.015,0.014,0.013,0.012,0.012,conexion-vial-cercana
V17_1,V17_0,0.014,1.0,0.014,0.014,0.014,0.014,0.014,0.014,0.015,0.017,0.018,0.018,0.017,0.015,0.015,0.015,0.017,0.017,0.018,0.019,0.021,0.019,0.018,0.017,0.015,0.014,0.014,conexion-vial-cercana
V17_1,V16_2,0.027,1.0,0.027,0.027,0.027,0.027,0.027,0.027,0.03,0.032,0.035,0.035,0.032,0.03,0.03,0.03,0.032,0.032,0.035,0.038,0.04,0.038,0.035,0.032,0.03,0.027,0.027,conexion-vial-cercana
V17_1,V11_0,0.031,1.0,0.031,0.031,0.031,0.031,0.031,0.031,0.035,0.038,0.041,0.041,0.038,0.035,0.035,0.035,0.038,0.038,0.041,0.044,0.047,0.044,0.041,0.038,0.035,0.031,0.031,conexion-vial-cercana
V17_1,V16_0,0.031,1.0,0.031,0.031,0.031,0.031,0.031,0.031,0.035,0.038,0.041,0.041,0.038,0.035,0.035,0.035,0.038,0.038,0.041,0.044,0.047,0.044,0.041,0.038,0.035,0.031,0.031,conexion-vial-cercana
V17_1,V11_1,0.215,1.0,0.215,0.215,0.215,0.215,0.215,0.215,0.236,0.258,0.279,0.279,0.258,0.236,0.236,0.236,0.258,0.258,0.279,0.3,0.322,0.3,0.279,0.258,0.236,0.215,0.215,conexion-vial-cercana
V17_1,V15_2,0.269,1.0,0.269,0.269,0.269,0.269,0.269,0.269,0.295,0.322,0.349,0.349,0.322,0.295,0.295,0.295,0.322,0.322,0.349,0.376,0.403,0.376,0.349,0.322,0.295,0.269,0.269,conexion-vial-cercana
V17_2,V17_1,0.012,1.0,0.012,0.012,0.012,0.012,0.012,0.012,0.013,0.014,0.015,0.015,0.014,0.013,0.013,0.013,0.014,0.014,0.015,0.016,0.018,0.016,0.015,0.014,0.013,0.012,0.012,conexion-vial-cercana
V17_2,V16_1,0.02,1.0,0.02,0.02,0.02,0.02,0.02,0.02,0.022,0.024,0.025,0.025,0.024,0.022,0.022,0.022,0.024,0.024,0.025,0.027,0.029,0.027,0.025,0.024,0.022,0.02,0.02,conexion-vial-cercana
V17_2,V17_0,0.022,1.0,0.022,0.022,0.022,0.022,0.022,0.022,0.025,0.027,0.029,0.029,0.027,0.025,0.025,0.025,0.027,0.027,0.029,0.031,0.034,0.031,0.029,0.027,0.025,0.022,0.022,conexion-vial-cercana
V17_2,V11_0,0.03,1.0,0.03,0.03,0.03,0.03,0.03,0.03,0.033,0.036,0.039,0.039,0.036,0.033,0.033,0.033,0.036,0.036,0.039,0.041,0.044,0.041,0.039,0.036,0.033,0.03,0.03,conexion-vial-cercana
V17_2,V16_0,0.03,1.0,0.03,0.03,0.03,0.03,0.03,0.03,0.033,0.036,0.039,0.039,0.036,0.033,0.033,0.033,0.036,0.036,0.039,0.041,0.044,0.041,0.039,0.036,0.033,0.03,0.03,conexion-vial-cercana
V17_2,V16_2,0.039,1.0,0.039,0.039,0.039,0.039,0.039,0.039,0.042,0.046,0.05,0.05,0.046,0.042,0.042,0.042,0.046,0.046,0.05,0.054,0.058,0.054,0.05,0.046,0.042,0.039,0.039,conexion-vial-cercana
V17_2,V11_1,0.207,1.0,0.207,0.207,0.207,0.207,0.207,0.207,0.227,0.248,0.269,0.269,0.248,0.227,0.227,0.227,0.248,0.248,0.269,0.29,0.31,0.29,0.269,0.248,0.227,0.207,0.207,conexion-vial-cercana
V17_2,V15_2,0.261,1.0,0.261,0.261,0.261,0.261,0.261,0.261,0.287,0.314,0.34,0.34,0.314,0.287,0.287,0.287,0.314,0.314,0.34,0.366,0.392,0.366,0.34,0.314,0.287,0.261,0.261,conexion-vial-cercana
V18_0,V21_2,0.0,1.0,0.0,0.0,0.0,0.0,0.0,0.0,0.0,0.0,0.0,0.0,0.0,0.0,0.0,0.0,0.0,0.0,0.0,0.0,0.0,0.0,0.0,0.0,0.0,0.0,0.0,conexion-vial-cercana
V18_0,V8_0,0.013,1.0,0.013,0.015,0.015,0.014,0.014,0.016,0.019,0.023,0.025,0.025,0.023,0.019,0.018,0.019,0.02,0.021,0.024,0.025,0.025,0.024,0.021,0.019,0.018,0.016,0.015,conexion-vial-cercana
V18_0,V22_2,0.019,1.0,0.019,0.023,0.023,0.021,0.021,0.025,0.029,0.035,0.039,0.039,0.035,0.029,0.027,0.029,0.031,0.033,0.037,0.039,0.039,0.037,0.033,0.029,0.027,0.025,0.023,conexion-vial-cercana
V18_0,V23_0,0.019,1.0,0.019,0.023,0.023,0.021,0.021,0.025,0.029,0.035,0.039,0.039,0.035,0.029,0.027,0.029,0.031,0.033,0.037,0.039,0.039,0.037,0.033,0.029,0.027,0.025,0.023,conexion-vial-cercana
V18_0,V22_0,0.034,1.0,0.034,0.041,0.041,0.038,0.038,0.045,0.051,0.062,0.069,0.069,0.062,0.051,0.048,0.051,0.055,0.058,0.065,0.069,0.069,0.065,0.058,0.051,0.048,0.045,0.041,conexion-vial-cercana
V18_0,V22_1,0.034,1.0,0.034,0.041,0.041,0.038,0.038,0.045,0.051,0.062,0.069,0.069,0.062,0.051,0.048,0.051,0.055,0.058,0.065,0.069,0.069,0.065,0.058,0.051,0.048,0.045,0.041,conexion-vial-cercana
V18_0,V9_2,0.042,1.0,0.042,0.051,0.051,0.046,0.046,0.055,0.063,0.076,0.084,0.084,0.076,0.063,0.059,0.063,0.067,0.072,0.08,0.084,0.084,0.08,0.072,0.063,0.059,0.055,0.051,conexion-vial-cercana
V18_0,V21_0,0.042,1.0,0.042,0.051,0.051,0.046,0.046,0.055,0.063,0.076,0.084,0.084,0.076,0.063,0.059,0.063,0.067,0.072,0.08,0.084,0.084,0.08,0.072,0.063,0.059,0.055,0.051,conexion-vial-cercana
V18_1,V18_2,0.274,1.0,0.274,0.329,0.329,0.301,0.301,0.356,0.411,0.493,0.548,0.548,0.493,0.411,0.384,0.411,0.438,0.466,0.521,0.548,0.548,0.521,0.466,0.411,0.384,0.356,0.329,conexion-vial-cercana
V18_1,V23_1,0.283,1.0,0.283,0.34,0.34,0.312,0.312,0.368,0.425,0.51,0.567,0.567,0.51,0.425,0.397,0.425,0.453,0.482,0.538,0.567,0.567,0.538,0.482,0.425,0.397,0.368,0.34,conexion-vial-cercana
V18_1,V24_2,0.32,1.0,0.32,0.383,0.383,0.352,0.352,0.415,0.479,0.575,0.639,0.639,0.575,0.479,0.447,0.479,0.511,0.543,0.607,0.639,0.639,0.607,0.543,0.479,0.447,0.415,0.383,conexion-vial-cercana
V18_1,V24_1,0.359,1.0,0.359,0.43,0.43,0.394,0.394,0.466,0.538,0.645,0.717,0.717,0.645,0.538,0.502,0.538,0.574,0.61,0.681,0.717,0.717,0.681,0.61,0.538,0.502,0.466,0.43,conexion-vial-cercana
V18_1,V24_0,0.375,1.0,0.375,0.451,0.451,0.413,0.413,0.488,0.563,0.676,0.751,0.751,0.676,0.563,0.526,0.563,0.601,0.638,0.713,0.751,0.751,0.713,0.638,0.563,0.526,0.488,0.451,conexion-vial-cercana
V18_1,V22_2,0.449,1.0,0.449,0.538,0.538,0.494,0.494,0.583,0.673,0.808,0.897,0.897,0.808,0.673,0.628,0.673,0.718,0.763,0.853,0.897,0.897,0.853,0.763,0.673,0.628,0.583,0.538,conexion-vial-cercana
V18_1,V23_0,0.449,1.0,0.449,0.538,0.538,0.494,0.494,0.583,0.673,0.808,0.897,0.897,0.808,0.673,0.628,0.673,0.718,0.763,0.853,0.897,0.897,0.853,0.763,0.673,0.628,0.583,0.538,conexion-vial-cercana
V18_1,V18_0,0.455,1.0,0.455,0.546,0.546,0.501,0.501,0.592,0.683,0.82,0.911,0.911,0.82,0.683,0.638,0.683,0.729,0.774,0.865,0.911,0.911,0.865,0.774,0.683,0.638,0.592,0.546,conexion-vial-cercana
V18_2,V23_1,0.013,1.0,0.013,0.016,0.016,0.014,0.014,0.017,0.02,0.023,0.026,0.026,0.023,0.02,0.018,0.02,0.021,0.022,0.025,0.026,0.026,0.025,0.022,0.02,0.018,0.017,0.016,conexion-vial-cercana
V18_2,V18_1,0.274,1.0,0.274,0.329,0.329,0.301,0.301,0.356,0.411,0.493,0.548,0.548,0.493,0.411,0.384,0.411,0.438,0.466,0.521,0.548,0.548,0.521,0.466,0.411,0.384,0.356,0.329,conexion-vial-cercana
V18_2,V60_0,0.381,1.0,0.381,0.457,0.457,0.419,0.419,0.496,0.572,0.686,0.762,0.762,0.686,0.572,0.534,0.572,0.61,0.648,0.724,0.762,0.762,0.724,0.648,0.572,0.534,0.496,0.457,conexion-vial-cercana
V18_2,V60_1,0.402,1.0,0.402,0.482,0.482,0.442,0.442,0.523,0.603,0.724,0.804,0.804,0.724,0.603,0.563,0.603,0.643,0.683,0.764,0.804,0.804,0.764,0.683,0.603,0.563,0.523,0.482,conexion-vial-cercana
V18_2,V60_2,0.423,1.0,0.423,0.508,0.508,0.465,0.465,0.55,0.635,0.762,0.846,0.846,0.762,0.635,0.592,0.635,0.677,0.719,0.804,0.846,0.846,0.804,0.719,0.635,0.592,0.55,0.508,conexion-vial-cercana
V18_2,V24_2,0.567,1.0,0.567,0.681,0.681,0.624,0.624,0.738,0.851,1.021,1.135,1.135,1.021,0.851,0.794,0.851,0.908,0.965,1.078,1.135,1.135,1.078,0.965,0.851,0.794,0.738,0.681,conexion-vial-cercana
V18_2,V24_1,0.603,1.0,0.603,0.723,0.723,0.663,0.663,0.784,0.904,1.085,1.205,1.205,1.085,0.904,0.844,0.904,0.964,1.025,1.145,1.205,1.205,1.145,1.025,0.904,0.844,0.784,0.723,conexion-vial-cercana
V18_2,V24_0,0.617,1.0,0.617,0.741,0.741,0.679,0.679,0.802,0.926,1.111,1.234,1.234,1.111,0.926,0.864,0.926,0.987,1.049,1.173,1.234,1.234,1.173,1.049,0.926,0.864,0.802,0.741,conexion-vial-cercana
V19_0,V23_2,0.021,1.0,0.021,0.023,0.023,0.023,0.023,0.025,0.027,0.033,0.037,0.035,0.031,0.027,0.025,0.027,0.029,0.031,0.035,0.039,0.041,0.037,0.033,0.029,0.027,0.025,0.023,conexion-vial-cercana
V19_0,V68_0,0.024,1.0,0.024,0.027,0.027,0.027,0.027,0.029,0.032,0.039,0.044,0.041,0.036,0.032,0.029,0.032,0.034,0.036,0.041,0.046,0.049,0.044,0.039,0.034,0.032,0.029,0.027,conexion-vial-cercana
V19_0,V20_1,0.048,1.0,0.048,0.053,0.053,0.053,0.053,0.057,0.062,0.076,0.086,0.081,0.072,0.062,0.057,0.062,0.067,0.072,0.081,0.091,0.096,0.086,0.076,0.067,0.062,0.057,0.053,conexion-vial-cercana
V19_0,V20_0,0.075,1.0,0.075,0.082,0.082,0.082,0.082,0.09,0.097,0.12,0.135,0.127,0.112,0.097,0.09,0.097,0.105,0.112,0.127,0.142,0.149,0.135,0.12,0.105,0.097,0.09,0.082,conexion-vial-cercana
V19_0,V20_2,0.093,1.0,0.093,0.103,0.103,0.103,0.103,0.112,0.121,0.149,0.168,0.159,0.14,0.121,0.112,0.121,0.131,0.14,0.159,0.178,0.187,0.168,0.149,0.131,0.121,0.112,0.103,conexion-vial-cercana
V19_0,V19_1,0.163,1.0,0.163,0.18,0.18,0.18,0.18,0.196,0.212,0.261,0.294,0.278,0.245,0.212,0.196,0.212,0.229,0.245,0.278,0.31,0.327,0.294,0.261,0.229,0.212,0.196,0.18,conexion-vial-cercana
V19_0,V68_1,0.232,1.0,0.232,0.256,0.256,0.256,0.256,0.279,0.302,0.372,0.418,0.395,0.349,0.302,0.279,0.302,0.325,0.349,0.395,0.442,0.465,0.418,0.372,0.325,0.302,0.279,0.256,conexion-vial-cercana
V19_0,V60_2,0.299,1.0,0.299,0.329,0.329,0.329,0.329,0.359,0.389,0.479,0.539,0.509,0.449,0.389,0.359,0.389,0.419,0.449,0.509,0.569,0.599,0.539,0.479,0.419,0.389,0.359,0.329,conexion-vial-cercana
V19_1,V20_2,0.07,1.0,0.07,0.077,0.077,0.077,0.077,0.084,0.091,0.112,0.126,0.119,0.105,0.091,0.084,0.091,0.098,0.105,0.119,0.133,0.14,0.126,0.112,0.098,0.091,0.084,0.077,conexion-vial-cercana
V19_1,V19_0,0.163,1.0,0.163,0.18,0.18,0.18,0.18,0.196,0.212,0.261,0.294,0.278,0.245,0.212,0.196,0.212,0.229,0.245,0.278,0.31,0.327,0.294,0.261,0.229,0.212,0.196,0.18,conexion-vial-cercana
V19_1,V20_1,0.175,1.0,0.175,0.192,0.192,0.192,0.192,0.21,0.227,0.28,0.315,0.297,0.262,0.227,0.21,0.227,0.245,0.262,0.297,0.332,0.349,0.315,0.28,0.245,0.227,0.21,0.192,conexion-vial-cercana
V19_1,V23_2,0.18,1.0,0.18,0.197,0.197,0.197,0.197,0.215,0.233,0.287,0.323,0.305,0.269,0.233,0.215,0.233,0.251,0.269,0.305,0.341,0.359,0.323,0.287,0.251,0.233,0.215,0.197,conexion-vial-cercana
V19_1,V68_0,0.183,1.0,0.183,0.202,0.202,0.202,0.202,0.22,0.238,0.293,0.33,0.312,0.275,0.238,0.22,0.238,0.257,0.275,0.312,0.348,0.367,0.33,0.293,0.257,0.238,0.22,0.202,conexion-vial-cercana
V19_1,V20_0,0.221,1.0,0.221,0.243,0.243,0.243,0.243,0.266,0.288,0.354,0.398,0.376,0.332,0.288,0.266,0.288,0.31,0.332,0.376,0.421,0.443,0.398,0.354,0.31,0.288,0.266,0.243,conexion-vial-cercana
V19_1,V68_1,0.231,1.0,0.231,0.254,0.254,0.254,0.254,0.278,0.301,0.37,0.416,0.393,0.347,0.301,0.278,0.301,0.324,0.347,0.393,0.44,0.463,0.416,0.37,0.324,0.301,0.278,0.254,conexion-vial-cercana
V19_1,V19_2,0.271,1.0,0.271,0.298,0.298,0.298,0.298,0.325,0.352,0.433,0.487,0.46,0.406,0.352,0.325,0.352,0.379,0.406,0.46,0.514,0.542,0.487,0.433,0.379,0.352,0.325,0.298,conexion-vial-cercana
V19_2,V19_1,0.271,1.0,0.271,0.298,0.298,0.298,0.298,0.325,0.352,0.433,0.487,0.46,0.406,0.352,0.325,0.352,0.379,0.406,0.46,0.514,0.542,0.487,0.433,0.379,0.352,0.325,0.298,conexion-vial-cercana
V19_2,V20_2,0.339,1.0,0.339,0.373,0.373,0.373,0.373,0.407,0.441,0.542,0.61,0.576,0.509,0.441,0.407,0.441,0.475,0.509,0.576,0.644,0.678,0.61,0.542,0.475,0.441,0.407,0.373,conexion-vial-cercana
V19_2,V68_1,0.368,1.0,0.368,0.405,0.405,0.405,0.405,0.442,0.479,0.59,0.663,0.626,0.553,0.479,0.442,0.479,0.516,0.553,0.626,0.7,0.737,0.663,0.59,0.516,0.479,0.442,0.405,conexion-vial-cercana
V19_2,V19_0,0.43,1.0,0.43,0.473,0.473,0.473,0.473,0.516,0.559,0.688,0.774,0.731,0.645,0.559,0.516,0.559,0.602,0.645,0.731,0.817,0.86,0.774,0.688,0.602,0.559,0.516,0.473,conexion-vial-cercana
V19_2,V23_2,0.443,1.0,0.443,0.488,0.488,0.488,0.488,0.532,0.576,0.709,0.798,0.754,0.665,0.576,0.532,0.576,0.621,0.665,0.754,0.843,0.887,0.798,0.709,0.621,0.576,0.532,0.488,conexion-vial-cercana
V19_2,V20_1,0.446,1.0,0.446,0.49,0.49,0.49,0.49,0.535,0.579,0.713,0.802,0.757,0.668,0.579,0.535,0.579,0.624,0.668,0.757,0.846,0.891,0.802,0.713,0.624,0.579,0.535,0.49,conexion-vial-cercana
V19_2,V68_0,0.447,1.0,0.447,0.492,0.492,0.492,0.492,0.536,0.581,0.715,0.805,0.76,0.67,0.581,0.536,0.581,0.626,0.67,0.76,0.849,0.894,0.805,0.715,0.626,0.581,0.536,0.492,conexion-vial-cercana
V19_2,V20_0,0.492,1.0,0.492,0.541,0.541,0.541,0.541,0.59,0.64,0.787,0.886,0.836,0.738,0.64,0.59,0.64,0.689,0.738,0.836,0.935,0.984,0.886,0.787,0.689,0.64,0.59,0.541,conexion-vial-cercana
V20_0,V20_1,0.047,1.0,0.047,0.047,0.047,0.047,0.047,0.047,0.052,0.056,0.061,0.061,0.056,0.052,0.052,0.052,0.056,0.056,0.061,0.066,0.07,0.066,0.061,0.056,0.052,0.047,0.047,conexion-vial-cercana
V20_0,V19_0,0.075,1.0,0.075,0.075,0.075,0.075,0.075,0.075,0.082,0.09,0.097,0.097,0.09,0.082,0.082,0.082,0.09,0.09,0.097,0.105,0.112,0.105,0.097,0.09,0.082,0.075,0.075,conexion-vial-cercana
V20_0,V68_0,0.076,1.0,0.076,0.076,0.076,0.076,0.076,0.076,0.084,0.091,0.099,0.099,0.091,0.084,0.084,0.084,0.091,0.091,0.099,0.106,0.114,0.106,0.099,0.091,0.084,0.076,0.076,conexion-vial-cercana
V20_0,V23_2,0.077,1.0,0.077,0.077,0.077,0.077,0.077,0.077,0.084,0.092,0.1,0.1,0.092,0.084,0.084,0.084,0.092,0.092,0.1,0.107,0.115,0.107,0.1,0.092,0.084,0.077,0.077,conexion-vial-cercana
V20_0,V20_2,0.154,1.0,0.154,0.154,0.154,0.154,0.154,0.154,0.169,0.184,0.2,0.2,0.184,0.169,0.169,0.169,0.184,0.184,0.2,0.215,0.231,0.215,0.2,0.184,0.169,0.154,0.154,conexion-vial-cercana
V20_0,V19_1,0.221,1.0,0.221,0.221,0.221,0.221,0.221,0.221,0.243,0.266,0.288,0.288,0.266,0.243,0.243,0.243,0.266,0.266,0.288,0.31,0.332,0.31,0.288,0.266,0.243,0.221,0.221,conexion-vial-cercana
V20_0,V60_2,0.228,1.0,0.228,0.228,0.228,0.228,0.228,0.228,0.251,0.274,0.297,0.297,0.274,0.251,0.251,0.251,0.274,0.274,0.297,0.32,0.343,0.32,0.297,0.274,0.251,0.228,0.228,conexion-vial-cercana
V20_0,V60_1,0.25,1.0,0.25,0.25,0.25,0.25,0.25,0.25,0.275,0.3,0.325,0.325,0.3,0.275,0.275,0.275,0.3,0.3,0.325,0.35,0.375,0.35,0.325,0.3,0.275,0.25,0.25,conexion-vial-cercana
V20_1,V20_0,0.047,1.0,0.047,0.047,0.047,0.047,0.047,0.047,0.052,0.056,0.061,0.061,0.056,0.052,0.052,0.052,0.056,0.056,0.061,0.066,0.07,0.066,0.061,0.056,0.052,0.047,0.047,conexion-vial-cercana
V20_1,V19_0,0.048,1.0,0.048,0.048,0.048,0.048,0.048,0.048,0.053,0.057,0.062,0.062,0.057,0.053,0.053,0.053,0.057,0.057,0.062,0.067,0.072,0.067,0.062,0.057,0.053,0.048,0.048,conexion-vial-cercana
V20_1,V23_2,0.062,1.0,0.062,0.062,0.062,0.062,0.062,0.062,0.068,0.074,0.08,0.08,0.074,0.068,0.068,0.068,0.074,0.074,0.08,0.087,0.093,0.087,0.08,0.074,0.068,0.062,0.062,conexion-vial-cercana
V20_1,V68_0,0.064,1.0,0.064,0.064,0.064,0.064,0.064,0.064,0.07,0.077,0.083,0.083,0.077,0.07,0.07,0.07,0.077,0.077,0.083,0.089,0.096,0.089,0.083,0.077,0.07,0.064,0.064,conexion-vial-cercana
V20_1,V20_2,0.108,1.0,0.108,0.108,0.108,0.108,0.108,0.108,0.119,0.13,0.141,0.141,0.13,0.119,0.119,0.119,0.13,0.13,0.141,0.151,0.162,0.151,0.141,0.13,0.119,0.108,0.108,conexion-vial-cercana
V20_1,V19_1,0.175,1.0,0.175,0.175,0.175,0.175,0.175,0.175,0.192,0.21,0.227,0.227,0.21,0.192,0.192,0.192,0.21,0.21,0.227,0.245,0.262,0.245,0.227,0.21,0.192,0.175,0.175,conexion-vial-cercana
V20_1,V60_2,0.256,1.0,0.256,0.256,0.256,0.256,0.256,0.256,0.281,0.307,0.332,0.332,0.307,0.281,0.281,0.281,0.307,0.307,0.332,0.358,0.383,0.358,0.332,0.307,0.281,0.256,0.256,conexion-vial-cercana
V20_1,V60_1,0.277,1.0,0.277,0.277,0.277,0.277,0.277,0.277,0.305,0.333,0.361,0.361,0.333,0.305,0.305,0.305,0.333,0.333,0.361,0.388,0.416,0.388,0.361,0.333,0.305,0.277,0.277,conexion-vial-cercana
V20_2,V19_1,0.07,1.0,0.07,0.07,0.07,0.07,0.07,0.07,0.077,0.084,0.091,0.091,0.084,0.077,0.077,0.077,0.084,0.084,0.091,0.098,0.105,0.098,0.091,0.084,0.077,0.07,0.07,conexion-vial-cercana
V20_2,V19_0,0.093,1.0,0.093,0.093,0.093,0.093,0.093,0.093,0.103,0.112,0.121,0.121,0.112,0.103,0.103,0.103,0.112,0.112,0.121,0.131,0.14,0.131,0.121,0.112,0.103,0.093,0.093,conexion-vial-cercana
V20_2,V20_1,0.108,1.0,0.108,0.108,0.108,0.108,0.108,0.108,0.119,0.13,0.141,0.141,0.13,0.119,0.119,0.119,0.13,0.13,0.141,0.151,0.162,0.151,0.141,0.13,0.119,0.108,0.108,conexion-vial-cercana
V20_2,V23_2,0.11,1.0,0.11,0.11,0.11,0.11,0.11,0.11,0.121,0.132,0.143,0.143,0.132,0.121,0.121,0.121,0.132,0.132,0.143,0.154,0.165,0.154,0.143,0.132,0.121,0.11,0.11,conexion-vial-cercana
V20_2,V68_0,0.114,1.0,0.114,0.114,0.114,0.114,0.114,0.114,0.125,0.137,0.148,0.148,0.137,0.125,0.125,0.125,0.137,0.137,0.148,0.16,0.171,0.16,0.148,0.137,0.125,0.114,0.114,conexion-vial-cercana
V20_2,V20_0,0.154,1.0,0.154,0.154,0.154,0.154,0.154,0.154,0.169,0.184,0.2,0.2,0.184,0.169,0.169,0.169,0.184,0.184,0.2,0.215,0.231,0.215,0.2,0.184,0.169,0.154,0.154,conexion-vial-cercana
V20_2,V68_1,0.219,1.0,0.219,0.219,0.219,0.219,0.219,0.219,0.241,0.263,0.285,0.285,0.263,0.241,0.241,0.241,0.263,0.263,0.285,0.307,0.329,0.307,0.285,0.263,0.241,0.219,0.219,conexion-vial-cercana
V20_2,V19_2,0.339,1.0,0.339,0.339,0.339,0.339,0.339,0.339,0.373,0.407,0.441,0.441,0.407,0.373,0.373,0.373,0.407,0.407,0.441,0.475,0.509,0.475,0.441,0.407,0.373,0.339,0.339,conexion-vial-cercana
V21_0,V9_2,0.0,1.0,0.0,0.0,0.0,0.0,0.0,0.0,0.0,0.0,0.0,0.0,0.0,0.0,0.0,0.0,0.0,0.0,0.0,0.0,0.0,0.0,0.0,0.0,0.0,0.0,0.0,conexion-vial-cercana
V21_0,V21_1,0.0,1.0,0.0,0.0,0.0,0.0,0.0,0.0,0.0,0.0,0.0,0.0,0.0,0.0,0.0,0.0,0.0,0.0,0.0,0.0,0.0,0.0,0.0,0.0,0.0,0.0,0.0,conexion-vial-cercana
V21_0,V10_2,0.01,1.0,0.01,0.012,0.012,0.011,0.011,0.013,0.015,0.018,0.02,0.02,0.018,0.015,0.014,0.015,0.016,0.017,0.019,0.02,0.02,0.019,0.017,0.015,0.014,0.013,0.012,conexion-vial-cercana
V21_0,V22_0,0.024,1.0,0.024,0.029,0.029,0.027,0.027,0.032,0.037,0.044,0.049,0.049,0.044,0.037,0.034,0.037,0.039,0.042,0.046,0.049,0.049,0.046,0.042,0.037,0.034,0.032,0.029,conexion-vial-cercana
V21_0,V22_1,0.024,1.0,0.024,0.029,0.029,0.027,0.027,0.032,0.037,0.044,0.049,0.049,0.044,0.037,0.034,0.037,0.039,0.042,0.046,0.049,0.049,0.046,0.042,0.037,0.034,0.032,0.029,conexion-vial-cercana
V21_0,V8_0,0.04,1.0,0.04,0.048,0.048,0.044,0.044,0.052,0.06,0.072,0.08,0.08,0.072,0.06,0.056,0.06,0.064,0.068,0.076,0.08,0.08,0.076,0.068,0.06,0.056,0.052,0.048,conexion-vial-cercana
V21_0,V18_0,0.042,1.0,0.042,0.051,0.051,0.046,0.046,0.055,0.063,0.076,0.084,0.084,0.076,0.063,0.059,0.063,0.067,0.072,0.08,0.084,0.084,0.08,0.072,0.063,0.059,0.055,0.051,conexion-vial-cercana
V21_0,V21_2,0.042,1.0,0.042,0.051,0.051,0.046,0.046,0.055,0.063,0.076,0.084,0.084,0.076,0.063,0.059,0.063,0.067,0.072,0.08,0.084,0.084,0.08,0.072,0.063,0.059,0.055,0.051,conexion-vial-cercana
V21_1,V9_2,0.0,1.0,0.0,0.0,0.0,0.0,0.0,0.0,0.0,0.0,0.0,0.0,0.0,0.0,0.0,0.0,0.0,0.0,0.0,0.0,0.0,0.0,0.0,0.0,0.0,0.0,0.0,conexion-vial-cercana
V21_1,V21_0,0.0,1.0,0.0,0.0,0.0,0.0,0.0,0.0,0.0,0.0,0.0,0.0,0.0,0.0,0.0,0.0,0.0,0.0,0.0,0.0,0.0,0.0,0.0,0.0,0.0,0.0,0.0,conexion-vial-cercana
V21_1,V10_2,0.01,1.0,0.01,0.012,0.012,0.011,0.011,0.013,0.015,0.018,0.02,0.02,0.018,0.015,0.014,0.015,0.016,0.017,0.019,0.02,0.02,0.019,0.017,0.015,0.014,0.013,0.012,conexion-vial-cercana
V21_1,V22_0,0.024,1.0,0.024,0.029,0.029,0.027,0.027,0.032,0.037,0.044,0.049,0.049,0.044,0.037,0.034,0.037,0.039,0.042,0.046,0.049,0.049,0.046,0.042,0.037,0.034,0.032,0.029,conexion-vial-cercana
V21_1,V22_1,0.024,1.0,0.024,0.029,0.029,0.027,0.027,0.032,0.037,0.044,0.049,0.049,0.044,0.037,0.034,0.037,0.039,0.042,0.046,0.049,0.049,0.046,0.042,0.037,0.034,0.032,0.029,conexion-vial-cercana
V21_1,V8_0,0.04,1.0,0.04,0.048,0.048,0.044,0.044,0.052,0.06,0.072,0.08,0.08,0.072,0.06,0.056,0.06,0.064,0.068,0.076,0.08,0.08,0.076,0.068,0.06,0.056,0.052,0.048,conexion-vial-cercana
V21_1,V18_0,0.042,1.0,0.042,0.051,0.051,0.046,0.046,0.055,0.063,0.076,0.084,0.084,0.076,0.063,0.059,0.063,0.067,0.072,0.08,0.084,0.084,0.08,0.072,0.063,0.059,0.055,0.051,conexion-vial-cercana
V21_1,V21_2,0.042,1.0,0.042,0.051,0.051,0.046,0.046,0.055,0.063,0.076,0.084,0.084,0.076,0.063,0.059,0.063,0.067,0.072,0.08,0.084,0.084,0.08,0.072,0.063,0.059,0.055,0.051,conexion-vial-cercana
V21_2,V18_0,0.0,1.0,0.0,0.0,0.0,0.0,0.0,0.0,0.0,0.0,0.0,0.0,0.0,0.0,0.0,0.0,0.0,0.0,0.0,0.0,0.0,0.0,0.0,0.0,0.0,0.0,0.0,conexion-vial-cercana
V21_2,V8_0,0.013,1.0,0.013,0.015,0.015,0.014,0.014,0.016,0.019,0.023,0.025,0.025,0.023,0.019,0.018,0.019,0.02,0.021,0.024,0.025,0.025,0.024,0.021,0.019,0.018,0.016,0.015,conexion-vial-cercana
V21_2,V22_2,0.019,1.0,0.019,0.023,0.023,0.021,0.021,0.025,0.029,0.035,0.039,0.039,0.035,0.029,0.027,0.029,0.031,0.033,0.037,0.039,0.039,0.037,0.033,0.029,0.027,0.025,0.023,conexion-vial-cercana
V21_2,V23_0,0.019,1.0,0.019,0.023,0.023,0.021,0.021,0.025,0.029,0.035,0.039,0.039,0.035,0.029,0.027,0.029,0.031,0.033,0.037,0.039,0.039,0.037,0.033,0.029,0.027,0.025,0.023,conexion-vial-cercana
V21_2,V22_0,0.034,1.0,0.034,0.041,0.041,0.038,0.038,0.045,0.051,0.062,0.069,0.069,0.062,0.051,0.048,0.051,0.055,0.058,0.065,0.069,0.069,0.065,0.058,0.051,0.048,0.045,0.041,conexion-vial-cercana
V21_2,V22_1,0.034,1.0,0.034,0.041,0.041,0.038,0.038,0.045,0.051,0.062,0.069,0.069,0.062,0.051,0.048,0.051,0.055,0.058,0.065,0.069,0.069,0.065,0.058,0.051,0.048,0.045,0.041,conexion-vial-cercana
V21_2,V9_2,0.042,1.0,0.042,0.051,0.051,0.046,0.046,0.055,0.063,0.076,0.084,0.084,0.076,0.063,0.059,0.063,0.067,0.072,0.08,0.084,0.084,0.08,0.072,0.063,0.059,0.055,0.051,conexion-vial-cercana
V21_2,V21_0,0.042,1.0,0.042,0.051,0.051,0.046,0.046,0.055,0.063,0.076,0.084,0.084,0.076,0.063,0.059,0.063,0.067,0.072,0.08,0.084,0.084,0.08,0.072,0.063,0.059,0.055,0.051,conexion-vial-cercana
V22_0,V22_1,0.0,1.0,0.0,0.0,0.0,0.0,0.0,0.0,0.0,0.0,0.0,0.0,0.0,0.0,0.0,0.0,0.0,0.0,0.0,0.0,0.0,0.0,0.0,0.0,0.0,0.0,0.0,conexion-vial-cercana
V22_0,V9_2,0.024,1.0,0.024,0.024,0.024,0.024,0.024,0.027,0.029,0.034,0.039,0.037,0.032,0.029,0.027,0.029,0.032,0.034,0.037,0.042,0.044,0.039,0.034,0.029,0.027,0.027,0.024,conexion-vial-cercana
V22_0,V21_0,0.024,1.0,0.024,0.024,0.024,0.024,0.024,0.027,0.029,0.034,0.039,0.037,0.032,0.029,0.027,0.029,0.032,0.034,0.037,0.042,0.044,0.039,0.034,0.029,0.027,0.027,0.024,conexion-vial-cercana
V22_0,V21_1,0.024,1.0,0.024,0.024,0.024,0.024,0.024,0.027,0.029,0.034,0.039,0.037,0.032,0.029,0.027,0.029,0.032,0.034,0.037,0.042,0.044,0.039,0.034,0.029,0.027,0.027,0.024,conexion-vial-cercana
V22_0,V8_0,0.025,1.0,0.025,0.025,0.025,0.025,0.025,0.028,0.03,0.035,0.04,0.038,0.033,0.03,0.028,0.03,0.033,0.035,0.038,0.043,0.045,0.04,0.035,0.03,0.028,0.028,0.025,conexion-vial-cercana
V22_0,V10_2,0.031,1.0,0.031,0.031,0.031,0.031,0.031,0.034,0.037,0.044,0.05,0.047,0.041,0.037,0.034,0.037,0.041,0.044,0.047,0.053,0.056,0.05,0.044,0.037,0.034,0.034,0.031,conexion-vial-cercana
V22_0,V18_0,0.034,1.0,0.034,0.034,0.034,0.034,0.034,0.038,0.041,0.048,0.055,0.051,0.045,0.041,0.038,0.041,0.045,0.048,0.051,0.058,0.062,0.055,0.048,0.041,0.038,0.038,0.034,conexion-vial-cercana
V22_0,V21_2,0.034,1.0,0.034,0.034,0.034,0.034,0.034,0.038,0.041,0.048,0.055,0.051,0.045,0.041,0.038,0.041,0.045,0.048,0.051,0.058,0.062,0.055,0.048,0.041,0.038,0.038,0.034,conexion-vial-cercana
V22_1,V22_0,0.0,1.0,0.0,0.0,0.0,0.0,0.0,0.0,0.0,0.0,0.0,0.0,0.0,0.0,0.0,0.0,0.0,0.0,0.0,0.0,0.0,0.0,0.0,0.0,0.0,0.0,0.0,conexion-vial-cercana
V22_1,V9_2,0.024,1.0,0.024,0.024,0.024,0.024,0.024,0.027,0.029,0.034,0.039,0.037,0.032,0.029,0.027,0.029,0.032,0.034,0.037,0.042,0.044,0.039,0.034,0.029,0.027,0.027,0.024,conexion-vial-cercana
V22_1,V21_0,0.024,1.0,0.024,0.024,0.024,0.024,0.024,0.027,0.029,0.034,0.039,0.037,0.032,0.029,0.027,0.029,0.032,0.034,0.037,0.042,0.044,0.039,0.034,0.029,0.027,0.027,0.024,conexion-vial-cercana
V22_1,V21_1,0.024,1.0,0.024,0.024,0.024,0.024,0.024,0.027,0.029,0.034,0.039,0.037,0.032,0.029,0.027,0.029,0.032,0.034,0.037,0.042,0.044,0.039,0.034,0.029,0.027,0.027,0.024,conexion-vial-cercana
V22_1,V8_0,0.025,1.0,0.025,0.025,0.025,0.025,0.025,0.028,0.03,0.035,0.04,0.038,0.033,0.03,0.028,0.03,0.033,0.035,0.038,0.043,0.045,0.04,0.035,0.03,0.028,0.028,0.025,conexion-vial-cercana
V22_1,V10_2,0.031,1.0,0.031,0.031,0.031,0.031,0.031,0.034,0.037,0.044,0.05,0.047,0.041,0.037,0.034,0.037,0.041,0.044,0.047,0.053,0.056,0.05,0.044,0.037,0.034,0.034,0.031,conexion-vial-cercana
V22_1,V18_0,0.034,1.0,0.034,0.034,0.034,0.034,0.034,0.038,0.041,0.048,0.055,0.051,0.045,0.041,0.038,0.041,0.045,0.048,0.051,0.058,0.062,0.055,0.048,0.041,0.038,0.038,0.034,conexion-vial-cercana
V22_1,V21_2,0.034,1.0,0.034,0.034,0.034,0.034,0.034,0.038,0.041,0.048,0.055,0.051,0.045,0.041,0.038,0.041,0.045,0.048,0.051,0.058,0.062,0.055,0.048,0.041,0.038,0.038,0.034,conexion-vial-cercana
V22_2,V23_0,0.0,1.0,0.0,0.0,0.0,0.0,0.0,0.0,0.0,0.0,0.0,0.0,0.0,0.0,0.0,0.0,0.0,0.0,0.0,0.0,0.0,0.0,0.0,0.0,0.0,0.0,0.0,conexion-vial-cercana
V22_2,V8_0,0.012,1.0,0.012,0.012,0.012,0.012,0.012,0.013,0.015,0.017,0.019,0.018,0.016,0.015,0.013,0.015,0.016,0.017,0.018,0.021,0.022,0.019,0.017,0.015,0.013,0.013,0.012,conexion-vial-cercana
V22_2,V18_0,0.019,1.0,0.019,0.019,0.019,0.019,0.019,0.021,0.023,0.027,0.031,0.029,0.025,0.023,0.021,0.023,0.025,0.027,0.029,0.033,0.035,0.031,0.027,0.023,0.021,0.021,0.019,conexion-vial-cercana
V22_2,V21_2,0.019,1.0,0.019,0.019,0.019,0.019,0.019,0.021,0.023,0.027,0.031,0.029,0.025,0.023,0.021,0.023,0.025,0.027,0.029,0.033,0.035,0.031,0.027,0.023,0.021,0.021,0.019,conexion-vial-cercana
V22_2,V22_0,0.034,1.0,0.034,0.034,0.034,0.034,0.034,0.038,0.041,0.048,0.055,0.052,0.045,0.041,0.038,0.041,0.045,0.048,0.052,0.059,0.062,0.055,0.048,0.041,0.038,0.038,0.034,conexion-vial-cercana
V22_2,V22_1,0.034,1.0,0.034,0.034,0.034,0.034,0.034,0.038,0.041,0.048,0.055,0.052,0.045,0.041,0.038,0.041,0.045,0.048,0.052,0.059,0.062,0.055,0.048,0.041,0.038,0.038,0.034,conexion-vial-cercana
V22_2,V9_2,0.052,1.0,0.052,0.052,0.052,0.052,0.052,0.057,0.062,0.073,0.083,0.078,0.067,0.062,0.057,0.062,0.067,0.073,0.078,0.088,0.093,0.083,0.073,0.062,0.057,0.057,0.052,conexion-vial-cercana
V22_2,V21_0,0.052,1.0,0.052,0.052,0.052,0.052,0.052,0.057,0.062,0.073,0.083,0.078,0.067,0.062,0.057,0.062,0.067,0.073,0.078,0.088,0.093,0.083,0.073,0.062,0.057,0.057,0.052,conexion-vial-cercana
V23_0,V22_2,0.0,1.0,0.0,0.0,0.0,0.0,0.0,0.0,0.0,0.0,0.0,0.0,0.0,0.0,0.0,0.0,0.0,0.0,0.0,0.0,0.0,0.0,0.0,0.0,0.0,0.0,0.0,conexion-vial-cercana
V23_0,V8_0,0.012,1.0,0.012,0.012,0.012,0.012,0.012,0.013,0.015,0.017,0.019,0.018,0.016,0.015,0.013,0.015,0.016,0.017,0.018,0.021,0.022,0.019,0.017,0.015,0.013,0.013,0.012,conexion-vial-cercana
V23_0,V18_0,0.019,1.0,0.019,0.019,0.019,0.019,0.019,0.021,0.023,0.027,0.031,0.029,0.025,0.023,0.021,0.023,0.025,0.027,0.029,0.033,0.035,0.031,0.027,0.023,0.021,0.021,0.019,conexion-vial-cercana
V23_0,V21_2,0.019,1.0,0.019,0.019,0.019,0.019,0.019,0.021,0.023,0.027,0.031,0.029,0.025,0.023,0.021,0.023,0.025,0.027,0.029,0.033,0.035,0.031,0.027,0.023,0.021,0.021,0.019,conexion-vial-cercana
V23_0,V22_0,0.034,1.0,0.034,0.034,0.034,0.034,0.034,0.038,0.041,0.048,0.055,0.052,0.045,0.041,0.038,0.041,0.045,0.048,0.052,0.059,0.062,0.055,0.048,0.041,0.038,0.038,0.034,conexion-vial-cercana
V23_0,V22_1,0.034,1.0,0.034,0.034,0.034,0.034,0.034,0.038,0.041,0.048,0.055,0.052,0.045,0.041,0.038,0.041,0.045,0.048,0.052,0.059,0.062,0.055,0.048,0.041,0.038,0.038,0.034,conexion-vial-cercana
V23_0,V9_2,0.052,1.0,0.052,0.052,0.052,0.052,0.052,0.057,0.062,0.073,0.083,0.078,0.067,0.062,0.057,0.062,0.067,0.073,0.078,0.088,0.093,0.083,0.073,0.062,0.057,0.057,0.052,conexion-vial-cercana
V23_0,V21_0,0.052,1.0,0.052,0.052,0.052,0.052,0.052,0.057,0.062,0.073,0.083,0.078,0.067,0.062,0.057,0.062,0.067,0.073,0.078,0.088,0.093,0.083,0.073,0.062,0.057,0.057,0.052,conexion-vial-cercana
V23_1,V18_2,0.013,1.0,0.013,0.013,0.013,0.013,0.013,0.014,0.016,0.018,0.021,0.02,0.017,0.016,0.014,0.016,0.017,0.018,0.02,0.022,0.023,0.021,0.018,0.016,0.014,0.014,0.013,conexion-vial-cercana
V23_1,V18_1,0.283,1.0,0.283,0.283,0.283,0.283,0.283,0.312,0.34,0.397,0.453,0.425,0.368,0.34,0.312,0.34,0.368,0.397,0.425,0.482,0.51,0.453,0.397,0.34,0.312,0.312,0.283,conexion-vial-cercana
V23_1,V60_0,0.372,1.0,0.372,0.372,0.372,0.372,0.372,0.41,0.447,0.521,0.596,0.558,0.484,0.447,0.41,0.447,0.484,0.521,0.558,0.633,0.67,0.596,0.521,0.447,0.41,0.41,0.372,conexion-vial-cercana
V23_1,V60_1,0.393,1.0,0.393,0.393,0.393,0.393,0.393,0.432,0.472,0.55,0.629,0.59,0.511,0.472,0.432,0.472,0.511,0.55,0.59,0.668,0.707,0.629,0.55,0.472,0.432,0.432,0.393,conexion-vial-cercana
V23_1,V60_2,0.414,1.0,0.414,0.414,0.414,0.414,0.414,0.455,0.497,0.58,0.662,0.621,0.538,0.497,0.455,0.497,0.538,0.58,0.621,0.704,0.745,0.662,0.58,0.497,0.455,0.455,0.414,conexion-vial-cercana
V23_1,V24_2,0.573,1.0,0.573,0.573,0.573,0.573,0.573,0.631,0.688,0.803,0.917,0.86,0.745,0.688,0.631,0.688,0.745,0.803,0.86,0.975,1.032,0.917,0.803,0.688,0.631,0.631,0.573,conexion-vial-cercana
V23_1,V24_1,0.608,1.0,0.608,0.608,0.608,0.608,0.608,0.669,0.73,0.852,0.973,0.912,0.791,0.73,0.669,0.73,0.791,0.852,0.912,1.034,1.095,0.973,0.852,0.73,0.669,0.669,0.608,conexion-vial-cercana
V23_1,V24_0,0.622,1.0,0.622,0.622,0.622,0.622,0.622,0.685,0.747,0.871,0.996,0.934,0.809,0.747,0.685,0.747,0.809,0.871,0.934,1.058,1.12,0.996,0.871,0.747,0.685,0.685,0.622,conexion-vial-cercana
V23_2,V68_0,0.004,1.0,0.004,0.004,0.004,0.004,0.004,0.004,0.005,0.006,0.006,0.006,0.005,0.005,0.004,0.005,0.005,0.006,0.006,0.007,0.007,0.006,0.006,0.005,0.004,0.004,0.004,conexion-vial-cercana
V23_2,V19_0,0.021,1.0,0.021,0.021,0.021,0.021,0.021,0.023,0.025,0.029,0.033,0.031,0.027,0.025,0.023,0.025,0.027,0.029,0.031,0.035,0.037,0.033,0.029,0.025,0.023,0.023,0.021,conexion-vial-cercana
V23_2,V20_1,0.062,1.0,0.062,0.062,0.062,0.062,0.062,0.068,0.074,0.087,0.099,0.093,0.08,0.074,0.068,0.074,0.08,0.087,0.093,0.105,0.111,0.099,0.087,0.074,0.068,0.068,0.062,conexion-vial-cercana
V23_2,V20_0,0.077,1.0,0.077,0.077,0.077,0.077,0.077,0.084,0.092,0.107,0.123,0.115,0.1,0.092,0.084,0.092,0.1,0.107,0.115,0.13,0.138,0.123,0.107,0.092,0.084,0.084,0.077,conexion-vial-cercana
V23_2,V20_2,0.11,1.0,0.11,0.11,0.11,0.11,0.11,0.121,0.132,0.154,0.176,0.165,0.143,0.132,0.121,0.132,0.143,0.154,0.165,0.187,0.198,0.176,0.154,0.132,0.121,0.121,0.11,conexion-vial-cercana
V23_2,V19_1,0.18,1.0,0.18,0.18,0.18,0.18,0.18,0.197,0.215,0.251,0.287,0.269,0.233,0.215,0.197,0.215,0.233,0.251,0.269,0.305,0.323,0.287,0.251,0.215,0.197,0.197,0.18,conexion-vial-cercana
V23_2,V68_1,0.226,1.0,0.226,0.226,0.226,0.226,0.226,0.249,0.272,0.317,0.362,0.34,0.294,0.272,0.249,0.272,0.294,0.317,0.34,0.385,0.407,0.362,0.317,0.272,0.249,0.249,0.226,conexion-vial-cercana
V23_2,V60_2,0.305,1.0,0.305,0.305,0.305,0.305,0.305,0.335,0.366,0.427,0.488,0.457,0.396,0.366,0.335,0.366,0.396,0.427,0.457,0.518,0.549,0.488,0.427,0.366,0.335,0.335,0.305,conexion-vial-cercana
V24_0,V24_1,0.018,1.0,0.018,0.018,0.018,0.018,0.018,0.018,0.02,0.022,0.024,0.024,0.022,0.02,0.02,0.02,0.022,0.022,0.024,0.026,0.028,0.026,0.024,0.022,0.02,0.018,0.018,conexion-vial-cercana
V24_0,V24_2,0.058,1.0,0.058,0.058,0.058,0.058,0.058,0.058,0.064,0.07,0.075,0.075,0.07,0.064,0.064,0.064,0.07,0.07,0.075,0.081,0.087,0.081,0.075,0.07,0.064,0.058,0.058,conexion-vial-cercana
V24_0,V22_2,0.073,1.0,0.073,0.073,0.073,0.073,0.073,0.073,0.081,0.088,0.095,0.095,0.088,0.081,0.081,0.081,0.088,0.088,0.095,0.103,0.11,0.103,0.095,0.088,0.081,0.073,0.073,conexion-vial-cercana
V24_0,V23_0,0.073,1.0,0.073,0.073,0.073,0.073,0.073,0.073,0.081,0.088,0.095,0.095,0.088,0.081,0.081,0.081,0.088,0.088,0.095,0.103,0.11,0.103,0.095,0.088,0.081,0.073,0.073,conexion-vial-cercana
V24_0,V18_0,0.081,1.0,0.081,0.081,0.081,0.081,0.081,0.081,0.089,0.098,0.106,0.106,0.098,0.089,0.089,0.089,0.098,0.098,0.106,0.114,0.122,0.114,0.106,0.098,0.089,0.081,0.081,conexion-vial-cercana
V24_0,V21_2,0.081,1.0,0.081,0.081,0.081,0.081,0.081,0.081,0.089,0.098,0.106,0.106,0.098,0.089,0.089,0.089,0.098,0.098,0.106,0.114,0.122,0.114,0.106,0.098,0.089,0.081,0.081,conexion-vial-cercana
V24_0,V8_0,0.084,1.0,0.084,0.084,0.084,0.084,0.084,0.084,0.092,0.1,0.109,0.109,0.1,0.092,0.092,0.092,0.1,0.1,0.109,0.117,0.126,0.117,0.109,0.1,0.092,0.084,0.084,conexion-vial-cercana
V24_0,V22_0,0.108,1.0,0.108,0.108,0.108,0.108,0.108,0.108,0.118,0.129,0.14,0.14,0.129,0.118,0.118,0.118,0.129,0.129,0.14,0.151,0.162,0.151,0.14,0.129,0.118,0.108,0.108,conexion-vial-cercana
V24_1,V24_0,0.018,1.0,0.018,0.018,0.018,0.018,0.018,0.018,0.02,0.022,0.024,0.024,0.022,0.02,0.02,0.02,0.022,0.022,0.024,0.026,0.028,0.026,0.024,0.022,0.02,0.018,0.018,conexion-vial-cercana
V24_1,V24_2,0.04,1.0,0.04,0.04,0.04,0.04,0.04,0.04,0.044,0.048,0.052,0.052,0.048,0.044,0.044,0.044,0.048,0.048,0.052,0.056,0.06,0.056,0.052,0.048,0.044,0.04,0.04,conexion-vial-cercana
V24_1,V22_2,0.091,1.0,0.091,0.091,0.091,0.091,0.091,0.091,0.1,0.109,0.118,0.118,0.109,0.1,0.1,0.1,0.109,0.109,0.118,0.127,0.136,0.127,0.118,0.109,0.1,0.091,0.091,conexion-vial-cercana
V24_1,V23_0,0.091,1.0,0.091,0.091,0.091,0.091,0.091,0.091,0.1,0.109,0.118,0.118,0.109,0.1,0.1,0.1,0.109,0.109,0.118,0.127,0.136,0.127,0.118,0.109,0.1,0.091,0.091,conexion-vial-cercana
V24_1,V18_0,0.097,1.0,0.097,0.097,0.097,0.097,0.097,0.097,0.107,0.116,0.126,0.126,0.116,0.107,0.107,0.107,0.116,0.116,0.126,0.136,0.146,0.136,0.126,0.116,0.107,0.097,0.097,conexion-vial-cercana
V24_1,V21_2,0.097,1.0,0.097,0.097,0.097,0.097,0.097,0.097,0.107,0.116,0.126,0.126,0.116,0.107,0.107,0.107,0.116,0.116,0.126,0.136,0.146,0.136,0.126,0.116,0.107,0.097,0.097,conexion-vial-cercana
V24_1,V8_0,0.101,1.0,0.101,0.101,0.101,0.101,0.101,0.101,0.111,0.121,0.131,0.131,0.121,0.111,0.111,0.111,0.121,0.121,0.131,0.141,0.151,0.141,0.131,0.121,0.111,0.101,0.101,conexion-vial-cercana
V24_1,V22_0,0.125,1.0,0.125,0.125,0.125,0.125,0.125,0.125,0.138,0.15,0.163,0.163,0.15,0.138,0.138,0.138,0.15,0.15,0.163,0.175,0.188,0.175,0.163,0.15,0.138,0.125,0.125,conexion-vial-cercana
V24_2,V24_1,0.04,1.0,0.04,0.04,0.04,0.04,0.04,0.04,0.044,0.048,0.052,0.052,0.048,0.044,0.044,0.044,0.048,0.048,0.052,0.056,0.06,0.056,0.052,0.048,0.044,0.04,0.04,conexion-vial-cercana
V24_2,V24_0,0.058,1.0,0.058,0.058,0.058,0.058,0.058,0.058,0.064,0.07,0.075,0.075,0.07,0.064,0.064,0.064,0.07,0.07,0.075,0.081,0.087,0.081,0.075,0.07,0.064,0.058,0.058,conexion-vial-cercana
V24_2,V22_2,0.13,1.0,0.13,0.13,0.13,0.13,0.13,0.13,0.143,0.156,0.17,0.17,0.156,0.143,0.143,0.143,0.156,0.156,0.17,0.183,0.196,0.183,0.17,0.156,0.143,0.13,0.13,conexion-vial-cercana
V24_2,V23_0,0.13,1.0,0.13,0.13,0.13,0.13,0.13,0.13,0.143,0.156,0.17,0.17,0.156,0.143,0.143,0.143,0.156,0.156,0.17,0.183,0.196,0.183,0.17,0.156,0.143,0.13,0.13,conexion-vial-cercana
V24_2,V18_0,0.136,1.0,0.136,0.136,0.136,0.136,0.136,0.136,0.149,0.163,0.177,0.177,0.163,0.149,0.149,0.149,0.163,0.163,0.177,0.19,0.204,0.19,0.177,0.163,0.149,0.136,0.136,conexion-vial-cercana
V24_2,V21_2,0.136,1.0,0.136,0.136,0.136,0.136,0.136,0.136,0.149,0.163,0.177,0.177,0.163,0.149,0.149,0.149,0.163,0.163,0.177,0.19,0.204,0.19,0.177,0.163,0.149,0.136,0.136,conexion-vial-cercana
V24_2,V8_0,0.14,1.0,0.14,0.14,0.14,0.14,0.14,0.14,0.154,0.168,0.182,0.182,0.168,0.154,0.154,0.154,0.168,0.168,0.182,0.196,0.21,0.196,0.182,0.168,0.154,0.14,0.14,conexion-vial-cercana
V24_2,V22_0,0.165,1.0,0.165,0.165,0.165,0.165,0.165,0.165,0.181,0.198,0.214,0.214,0.198,0.181,0.181,0.181,0.198,0.198,0.214,0.231,0.247,0.231,0.214,0.198,0.181,0.165,0.165,conexion-vial-cercana
V25_0,V4_0,0.051,1.0,0.051,0.061,0.061,0.056,0.056,0.066,0.076,0.091,0.101,0.101,0.091,0.076,0.071,0.076,0.081,0.086,0.096,0.101,0.101,0.096,0.086,0.076,0.071,0.066,0.061,conexion-vial-cercana
V25_0,V25_1,0.1,1.0,0.1,0.12,0.12,0.11,0.11,0.13,0.15,0.18,0.2,0.2,0.18,0.15,0.14,0.15,0.16,0.17,0.19,0.2,0.2,0.19,0.17,0.15,0.14,0.13,0.12,conexion-vial-cercana
V25_0,V25_2,0.141,1.0,0.141,0.169,0.169,0.155,0.155,0.183,0.211,0.254,0.282,0.282,0.254,0.211,0.197,0.211,0.225,0.239,0.268,0.282,0.282,0.268,0.239,0.211,0.197,0.183,0.169,conexion-vial-cercana
V25_0,V4_1,0.147,1.0,0.147,0.176,0.176,0.161,0.161,0.191,0.22,0.264,0.293,0.293,0.264,0.22,0.205,0.22,0.235,0.249,0.279,0.293,0.293,0.279,0.249,0.22,0.205,0.191,0.176,conexion-vial-cercana
V25_0,V4_2,0.276,1.0,0.276,0.331,0.331,0.304,0.304,0.359,0.414,0.497,0.552,0.552,0.497,0.414,0.386,0.414,0.442,0.469,0.524,0.552,0.552,0.524,0.469,0.414,0.386,0.359,0.331,conexion-vial-cercana
V25_0,V0_2,1.018,1.0,1.018,1.221,1.221,1.119,1.119,1.323,1.526,1.832,2.035,2.035,1.832,1.526,1.425,1.526,1.628,1.73,1.933,2.035,2.035,1.933,1.73,1.526,1.425,1.323,1.221,conexion-vial-cercana
V25_0,V0_1,1.221,1.0,1.221,1.466,1.466,1.343,1.343,1.588,1.832,2.198,2.443,2.443,2.198,1.832,1.71,1.832,1.954,2.076,2.32,2.443,2.443,2.32,2.076,1.832,1.71,1.588,1.466,conexion-vial-cercana
V25_0,V6_2,1.38,1.0,1.38,1.656,1.656,1.518,1.518,1.794,2.07,2.483,2.759,2.759,2.483,2.07,1.932,2.07,2.207,2.345,2.621,2.759,2.759,2.621,2.345,2.07,1.932,1.794,1.656,conexion-vial-cercana
V25_1,V25_2,0.041,1.0,0.041,0.049,0.049,0.045,0.045,0.053,0.061,0.074,0.082,0.082,0.074,0.061,0.057,0.061,0.065,0.07,0.078,0.082,0.082,0.078,0.07,0.061,0.057,0.053,0.049,conexion-vial-cercana
V25_1,V4_1,0.047,1.0,0.047,0.056,0.056,0.052,0.052,0.061,0.071,0.085,0.094,0.094,0.085,0.071,0.066,0.071,0.075,0.08,0.089,0.094,0.094,0.089,0.08,0.071,0.066,0.061,0.056,conexion-vial-cercana
V25_1,V25_0,0.1,1.0,0.1,0.12,0.12,0.11,0.11,0.13,0.15,0.18,0.2,0.2,0.18,0.15,0.14,0.15,0.16,0.17,0.19,0.2,0.2,0.19,0.17,0.15,0.14,0.13,0.12,conexion-vial-cercana
V25_1,V4_0,0.151,1.0,0.151,0.181,0.181,0.166,0.166,0.196,0.226,0.271,0.301,0.301,0.271,0.226,0.211,0.226,0.241,0.256,0.286,0.301,0.301,0.286,0.256,0.226,0.211,0.196,0.181,conexion-vial-cercana
V25_1,V4_2,0.177,1.0,0.177,0.212,0.212,0.195,0.195,0.23,0.265,0.318,0.354,0.354,0.318,0.265,0.248,0.265,0.283,0.301,0.336,0.354,0.354,0.336,0.301,0.265,0.248,0.23,0.212,conexion-vial-cercana
V25_1,V0_2,1.086,1.0,1.086,1.303,1.303,1.194,1.194,1.412,1.629,1.955,2.172,2.172,1.955,1.629,1.52,1.629,1.737,1.846,2.063,2.172,2.172,2.063,1.846,1.629,1.52,1.412,1.303,conexion-vial-cercana
V25_1,V0_1,1.289,1.0,1.289,1.546,1.546,1.417,1.417,1.675,1.933,2.319,2.577,2.577,2.319,1.933,1.804,1.933,2.062,2.191,2.448,2.577,2.577,2.448,2.191,1.933,1.804,1.675,1.546,conexion-vial-cercana
V25_1,V6_2,1.394,1.0,1.394,1.672,1.672,1.533,1.533,1.812,2.09,2.508,2.787,2.787,2.508,2.09,1.951,2.09,2.23,2.369,2.648,2.787,2.787,2.648,2.369,2.09,1.951,1.812,1.672,conexion-vial-cercana
V25_2,V4_1,0.015,1.0,0.015,0.018,0.018,0.016,0.016,0.019,0.022,0.026,0.029,0.029,0.026,0.022,0.021,0.022,0.023,0.025,0.028,0.029,0.029,0.028,0.025,0.022,0.021,0.019,0.018,conexion-vial-cercana
V25_2,V25_1,0.041,1.0,0.041,0.049,0.049,0.045,0.045,0.053,0.061,0.074,0.082,0.082,0.074,0.061,0.057,0.061,0.065,0.07,0.078,0.082,0.082,0.078,0.07,0.061,0.057,0.053,0.049,conexion-vial-cercana
V25_2,V4_2,0.136,1.0,0.136,0.163,0.163,0.15,0.15,0.177,0.204,0.245,0.272,0.272,0.245,0.204,0.191,0.204,0.218,0.232,0.259,0.272,0.272,0.259,0.232,0.204,0.191,0.177,0.163,conexion-vial-cercana
V25_2,V25_0,0.141,1.0,0.141,0.169,0.169,0.155,0.155,0.183,0.211,0.254,0.282,0.282,0.254,0.211,0.197,0.211,0.225,0.239,0.268,0.282,0.282,0.268,0.239,0.211,0.197,0.183,0.169,conexion-vial-cercana
V25_2,V4_0,0.191,1.0,0.191,0.23,0.23,0.211,0.211,0.249,0.287,0.345,0.383,0.383,0.345,0.287,0.268,0.287,0.306,0.325,0.364,0.383,0.383,0.364,0.325,0.287,0.268,0.249,0.23,conexion-vial-cercana
V25_2,V0_2,1.118,1.0,1.118,1.342,1.342,1.23,1.23,1.454,1.677,2.013,2.237,2.237,2.013,1.677,1.566,1.677,1.789,1.901,2.125,2.237,2.237,2.125,1.901,1.677,1.566,1.454,1.342,conexion-vial-cercana
V25_2,V0_1,1.32,1.0,1.32,1.585,1.585,1.453,1.453,1.717,1.981,2.377,2.641,2.641,2.377,1.981,1.849,1.981,2.113,2.245,2.509,2.641,2.641,2.509,2.245,1.981,1.849,1.717,1.585,conexion-vial-cercana
V25_2,V6_2,1.406,1.0,1.406,1.687,1.687,1.546,1.546,1.828,2.109,2.531,2.812,2.812,2.531,2.109,1.968,2.109,2.249,2.39,2.671,2.812,2.812,2.671,2.39,2.109,1.968,1.828,1.687,conexion-vial-cercana
V26_0,V27_2,0.0,1.0,0.0,0.0,0.0,0.0,0.0,0.0,0.0,0.0,0.0,0.0,0.0,0.0,0.0,0.0,0.0,0.0,0.0,0.0,0.0,0.0,0.0,0.0,0.0,0.0,0.0,conexion-vial-cercana
V26_0,V38_2,0.016,1.0,0.016,0.019,0.019,0.017,0.017,0.021,0.024,0.029,0.032,0.032,0.029,0.024,0.022,0.024,0.025,0.027,0.03,0.032,0.032,0.03,0.027,0.024,0.022,0.021,0.019,conexion-vial-cercana
V26_0,V26_1,0.053,1.0,0.053,0.064,0.064,0.058,0.058,0.069,0.08,0.095,0.106,0.106,0.095,0.08,0.074,0.08,0.085,0.09,0.101,0.106,0.106,0.101,0.09,0.08,0.074,0.069,0.064,conexion-vial-cercana
V26_0,V38_0,0.074,1.0,0.074,0.089,0.089,0.081,0.081,0.096,0.111,0.133,0.148,0.148,0.133,0.111,0.103,0.111,0.118,0.126,0.14,0.148,0.148,0.14,0.126,0.111,0.103,0.096,0.089,conexion-vial-cercana
V26_0,V38_1,0.074,1.0,0.074,0.089,0.089,0.081,0.081,0.096,0.111,0.133,0.148,0.148,0.133,0.111,0.103,0.111,0.118,0.126,0.14,0.148,0.148,0.14,0.126,0.111,0.103,0.096,0.089,conexion-vial-cercana
V26_0,V27_0,0.076,1.0,0.076,0.091,0.091,0.084,0.084,0.099,0.114,0.137,0.152,0.152,0.137,0.114,0.106,0.114,0.122,0.129,0.144,0.152,0.152,0.144,0.129,0.114,0.106,0.099,0.091,conexion-vial-cercana
V26_0,V27_1,0.076,1.0,0.076,0.091,0.091,0.084,0.084,0.099,0.114,0.137,0.152,0.152,0.137,0.114,0.106,0.114,0.122,0.129,0.144,0.152,0.152,0.144,0.129,0.114,0.106,0.099,0.091,conexion-vial-cercana
V26_0,V40_1,0.079,1.0,0.079,0.095,0.095,0.087,0.087,0.102,0.118,0.142,0.158,0.158,0.142,0.118,0.11,0.118,0.126,0.134,0.15,0.158,0.158,0.15,0.134,0.118,0.11,0.102,0.095,conexion-vial-cercana
V26_1,V26_2,0.03,1.0,0.03,0.036,0.036,0.033,0.033,0.039,0.045,0.055,0.061,0.061,0.055,0.045,0.042,0.045,0.048,0.052,0.058,0.061,0.061,0.058,0.052,0.045,0.042,0.039,0.036,conexion-vial-cercana
V26_1,V42_0,0.03,1.0,0.03,0.036,0.036,0.033,0.033,0.039,0.045,0.055,0.061,0.061,0.055,0.045,0.042,0.045,0.048,0.052,0.058,0.061,0.061,0.058,0.052,0.045,0.042,0.039,0.036,conexion-vial-cercana
V26_1,V43_0,0.036,1.0,0.036,0.043,0.043,0.039,0.039,0.047,0.054,0.065,0.072,0.072,0.065,0.054,0.05,0.054,0.057,0.061,0.068,0.072,0.072,0.068,0.061,0.054,0.05,0.047,0.043,conexion-vial-cercana
V26_1,V43_2,0.052,1.0,0.052,0.063,0.063,0.058,0.058,0.068,0.078,0.094,0.105,0.105,0.094,0.078,0.073,0.078,0.084,0.089,0.099,0.105,0.105,0.099,0.089,0.078,0.073,0.068,0.063,conexion-vial-cercana
V26_1,V26_0,0.053,1.0,0.053,0.064,0.064,0.058,0.058,0.069,0.08,0.095,0.106,0.106,0.095,0.08,0.074,0.08,0.085,0.09,0.101,0.106,0.106,0.101,0.09,0.08,0.074,0.069,0.064,conexion-vial-cercana
V26_1,V27_2,0.053,1.0,0.053,0.064,0.064,0.058,0.058,0.069,0.08,0.095,0.106,0.106,0.095,0.08,0.074,0.08,0.085,0.09,0.101,0.106,0.106,0.101,0.09,0.08,0.074,0.069,0.064,conexion-vial-cercana
V26_1,V38_2,0.055,1.0,0.055,0.066,0.066,0.06,0.06,0.071,0.082,0.099,0.11,0.11,0.099,0.082,0.077,0.082,0.088,0.093,0.104,0.11,0.11,0.104,0.093,0.082,0.077,0.071,0.066,conexion-vial-cercana
V26_1,V42_1,0.055,1.0,0.055,0.067,0.067,0.061,0.061,0.072,0.083,0.1,0.111,0.111,0.1,0.083,0.078,0.083,0.089,0.094,0.105,0.111,0.111,0.105,0.094,0.083,0.078,0.072,0.067,conexion-vial-cercana
V26_2,V42_0,0.0,1.0,0.0,0.0,0.0,0.0,0.0,0.0,0.0,0.0,0.0,0.0,0.0,0.0,0.0,0.0,0.0,0.0,0.0,0.0,0.0,0.0,0.0,0.0,0.0,0.0,0.0,conexion-vial-cercana
V26_2,V43_0,0.016,1.0,0.016,0.019,0.019,0.017,0.017,0.02,0.023,0.028,0.031,0.031,0.028,0.023,0.022,0.023,0.025,0.026,0.03,0.031,0.031,0.03,0.026,0.023,0.022,0.02,0.019,conexion-vial-cercana
V26_2,V42_1,0.025,1.0,0.025,0.03,0.03,0.028,0.028,0.033,0.038,0.045,0.05,0.05,0.045,0.038,0.035,0.038,0.04,0.043,0.048,0.05,0.05,0.048,0.043,0.038,0.035,0.033,0.03,conexion-vial-cercana
V26_2,V43_1,0.027,1.0,0.027,0.033,0.033,0.03,0.03,0.036,0.041,0.049,0.055,0.055,0.049,0.041,0.038,0.041,0.044,0.047,0.052,0.055,0.055,0.052,0.047,0.041,0.038,0.036,0.033,conexion-vial-cercana
V26_2,V26_1,0.03,1.0,0.03,0.036,0.036,0.033,0.033,0.039,0.045,0.055,0.061,0.061,0.055,0.045,0.042,0.045,0.048,0.052,0.058,0.061,0.061,0.058,0.052,0.045,0.042,0.039,0.036,conexion-vial-cercana
V26_2,V43_2,0.043,1.0,0.043,0.052,0.052,0.048,0.048,0.056,0.065,0.078,0.087,0.087,0.078,0.065,0.061,0.065,0.069,0.074,0.082,0.087,0.087,0.082,0.074,0.065,0.061,0.056,0.052,conexion-vial-cercana
V26_2,V44_1,0.045,1.0,0.045,0.054,0.054,0.049,0.049,0.058,0.067,0.081,0.09,0.09,0.081,0.067,0.063,0.067,0.072,0.076,0.085,0.09,0.09,0.085,0.076,0.067,0.063,0.058,0.054,conexion-vial-cercana
V26_2,V41_0,0.055,1.0,0.055,0.066,0.066,0.06,0.06,0.071,0.082,0.099,0.11,0.11,0.099,0.082,0.077,0.082,0.088,0.093,0.104,0.11,0.11,0.104,0.093,0.082,0.077,0.071,0.066,conexion-vial-cercana
V27_0,V27_1,0.0,1.0,0.0,0.0,0.0,0.0,0.0,0.0,0.0,0.0,0.0,0.0,0.0,0.0,0.0,0.0,0.0,0.0,0.0,0.0,0.0,0.0,0.0,0.0,0.0,0.0,0.0,conexion-vial-cercana
V27_0,V38_0,0.017,1.0,0.017,0.02,0.02,0.019,0.019,0.022,0.025,0.03,0.034,0.034,0.03,0.025,0.024,0.025,0.027,0.029,0.032,0.034,0.034,0.032,0.029,0.025,0.024,0.022,0.02,conexion-vial-cercana
V27_0,V38_1,0.017,1.0,0.017,0.02,0.02,0.019,0.019,0.022,0.025,0.03,0.034,0.034,0.03,0.025,0.024,0.025,0.027,0.029,0.032,0.034,0.034,0.032,0.029,0.025,0.024,0.022,0.02,conexion-vial-cercana
V27_0,V26_0,0.076,1.0,0.076,0.091,0.091,0.084,0.084,0.099,0.114,0.137,0.152,0.152,0.137,0.114,0.106,0.114,0.122,0.129,0.144,0.152,0.152,0.144,0.129,0.114,0.106,0.099,0.091,conexion-vial-cercana
V27_0,V27_2,0.076,1.0,0.076,0.091,0.091,0.084,0.084,0.099,0.114,0.137,0.152,0.152,0.137,0.114,0.106,0.114,0.122,0.129,0.144,0.152,0.152,0.144,0.129,0.114,0.106,0.099,0.091,conexion-vial-cercana
V27_0,V38_2,0.078,1.0,0.078,0.094,0.094,0.086,0.086,0.101,0.117,0.14,0.156,0.156,0.14,0.117,0.109,0.117,0.125,0.133,0.148,0.156,0.156,0.148,0.133,0.117,0.109,0.101,0.094,conexion-vial-cercana
V27_0,V40_1,0.128,1.0,0.128,0.154,0.154,0.141,0.141,0.166,0.192,0.23,0.256,0.256,0.23,0.192,0.179,0.192,0.205,0.218,0.243,0.256,0.256,0.243,0.218,0.192,0.179,0.166,0.154,conexion-vial-cercana
V27_0,V26_1,0.129,1.0,0.129,0.155,0.155,0.142,0.142,0.168,0.193,0.232,0.258,0.258,0.232,0.193,0.181,0.193,0.206,0.219,0.245,0.258,0.258,0.245,0.219,0.193,0.181,0.168,0.155,conexion-vial-cercana
V27_1,V27_0,0.0,1.0,0.0,0.0,0.0,0.0,0.0,0.0,0.0,0.0,0.0,0.0,0.0,0.0,0.0,0.0,0.0,0.0,0.0,0.0,0.0,0.0,0.0,0.0,0.0,0.0,0.0,conexion-vial-cercana
V27_1,V38_0,0.017,1.0,0.017,0.02,0.02,0.019,0.019,0.022,0.025,0.03,0.034,0.034,0.03,0.025,0.024,0.025,0.027,0.029,0.032,0.034,0.034,0.032,0.029,0.025,0.024,0.022,0.02,conexion-vial-cercana
V27_1,V38_1,0.017,1.0,0.017,0.02,0.02,0.019,0.019,0.022,0.025,0.03,0.034,0.034,0.03,0.025,0.024,0.025,0.027,0.029,0.032,0.034,0.034,0.032,0.029,0.025,0.024,0.022,0.02,conexion-vial-cercana
V27_1,V26_0,0.076,1.0,0.076,0.091,0.091,0.084,0.084,0.099,0.114,0.137,0.152,0.152,0.137,0.114,0.106,0.114,0.122,0.129,0.144,0.152,0.152,0.144,0.129,0.114,0.106,0.099,0.091,conexion-vial-cercana
V27_1,V27_2,0.076,1.0,0.076,0.091,0.091,0.084,0.084,0.099,0.114,0.137,0.152,0.152,0.137,0.114,0.106,0.114,0.122,0.129,0.144,0.152,0.152,0.144,0.129,0.114,0.106,0.099,0.091,conexion-vial-cercana
V27_1,V38_2,0.078,1.0,0.078,0.094,0.094,0.086,0.086,0.101,0.117,0.14,0.156,0.156,0.14,0.117,0.109,0.117,0.125,0.133,0.148,0.156,0.156,0.148,0.133,0.117,0.109,0.101,0.094,conexion-vial-cercana
V27_1,V40_1,0.128,1.0,0.128,0.154,0.154,0.141,0.141,0.166,0.192,0.23,0.256,0.256,0.23,0.192,0.179,0.192,0.205,0.218,0.243,0.256,0.256,0.243,0.218,0.192,0.179,0.166,0.154,conexion-vial-cercana
V27_1,V26_1,0.129,1.0,0.129,0.155,0.155,0.142,0.142,0.168,0.193,0.232,0.258,0.258,0.232,0.193,0.181,0.193,0.206,0.219,0.245,0.258,0.258,0.245,0.219,0.193,0.181,0.168,0.155,conexion-vial-cercana
V27_2,V26_0,0.0,1.0,0.0,0.0,0.0,0.0,0.0,0.0,0.0,0.0,0.0,0.0,0.0,0.0,0.0,0.0,0.0,0.0,0.0,0.0,0.0,0.0,0.0,0.0,0.0,0.0,0.0,conexion-vial-cercana
V27_2,V38_2,0.016,1.0,0.016,0.019,0.019,0.017,0.017,0.021,0.024,0.029,0.032,0.032,0.029,0.024,0.022,0.024,0.025,0.027,0.03,0.032,0.032,0.03,0.027,0.024,0.022,0.021,0.019,conexion-vial-cercana
V27_2,V26_1,0.053,1.0,0.053,0.064,0.064,0.058,0.058,0.069,0.08,0.095,0.106,0.106,0.095,0.08,0.074,0.08,0.085,0.09,0.101,0.106,0.106,0.101,0.09,0.08,0.074,0.069,0.064,conexion-vial-cercana
V27_2,V38_0,0.074,1.0,0.074,0.089,0.089,0.081,0.081,0.096,0.111,0.133,0.148,0.148,0.133,0.111,0.103,0.111,0.118,0.126,0.14,0.148,0.148,0.14,0.126,0.111,0.103,0.096,0.089,conexion-vial-cercana
V27_2,V38_1,0.074,1.0,0.074,0.089,0.089,0.081,0.081,0.096,0.111,0.133,0.148,0.148,0.133,0.111,0.103,0.111,0.118,0.126,0.14,0.148,0.148,0.14,0.126,0.111,0.103,0.096,0.089,conexion-vial-cercana
V27_2,V27_0,0.076,1.0,0.076,0.091,0.091,0.084,0.084,0.099,0.114,0.137,0.152,0.152,0.137,0.114,0.106,0.114,0.122,0.129,0.144,0.152,0.152,0.144,0.129,0.114,0.106,0.099,0.091,conexion-vial-cercana
V27_2,V27_1,0.076,1.0,0.076,0.091,0.091,0.084,0.084,0.099,0.114,0.137,0.152,0.152,0.137,0.114,0.106,0.114,0.122,0.129,0.144,0.152,0.152,0.144,0.129,0.114,0.106,0.099,0.091,conexion-vial-cercana
V27_2,V40_1,0.079,1.0,0.079,0.095,0.095,0.087,0.087,0.102,0.118,0.142,0.158,0.158,0.142,0.118,0.11,0.118,0.126,0.134,0.15,0.158,0.158,0.15,0.134,0.118,0.11,0.102,0.095,conexion-vial-cercana
V28_0,V35_0,0.08,1.0,0.08,0.096,0.096,0.088,0.088,0.104,0.12,0.144,0.16,0.16,0.144,0.12,0.112,0.12,0.128,0.136,0.152,0.16,0.16,0.152,0.136,0.12,0.112,0.104,0.096,conexion-vial-cercana
V28_0,V28_1,0.124,1.0,0.124,0.148,0.148,0.136,0.136,0.161,0.186,0.223,0.247,0.247,0.223,0.186,0.173,0.186,0.198,0.21,0.235,0.247,0.247,0.235,0.21,0.186,0.173,0.161,0.148,conexion-vial-cercana
V28_0,V39_1,0.199,1.0,0.199,0.239,0.239,0.219,0.219,0.259,0.299,0.358,0.398,0.398,0.358,0.299,0.279,0.299,0.319,0.339,0.378,0.398,0.398,0.378,0.339,0.299,0.279,0.259,0.239,conexion-vial-cercana
V28_0,V34_0,0.364,1.0,0.364,0.436,0.436,0.4,0.4,0.473,0.545,0.654,0.727,0.727,0.654,0.545,0.509,0.545,0.582,0.618,0.691,0.727,0.727,0.691,0.618,0.545,0.509,0.473,0.436,conexion-vial-cercana
V28_0,V34_1,0.372,1.0,0.372,0.446,0.446,0.409,0.409,0.483,0.558,0.669,0.744,0.744,0.669,0.558,0.521,0.558,0.595,0.632,0.706,0.744,0.744,0.706,0.632,0.558,0.521,0.483,0.446,conexion-vial-cercana
V28_0,V34_2,0.456,1.0,0.456,0.547,0.547,0.501,0.501,0.593,0.684,0.821,0.912,0.912,0.821,0.684,0.638,0.684,0.729,0.775,0.866,0.912,0.912,0.866,0.775,0.684,0.638,0.593,0.547,conexion-vial-cercana
V28_0,V32_1,0.468,1.0,0.468,0.561,0.561,0.514,0.514,0.608,0.702,0.842,0.935,0.935,0.842,0.702,0.655,0.702,0.748,0.795,0.889,0.935,0.935,0.889,0.795,0.702,0.655,0.608,0.561,conexion-vial-cercana
V28_0,V32_0,0.476,1.0,0.476,0.571,0.571,0.523,0.523,0.618,0.713,0.856,0.951,0.951,0.856,0.713,0.666,0.713,0.761,0.809,0.904,0.951,0.951,0.904,0.809,0.713,0.666,0.618,0.571,conexion-vial-cercana
V28_1,V39_1,0.082,1.0,0.082,0.099,0.099,0.091,0.091,0.107,0.124,0.148,0.165,0.165,0.148,0.124,0.115,0.124,0.132,0.14,0.157,0.165,0.165,0.157,0.14,0.124,0.115,0.107,0.099,conexion-vial-cercana
V28_1,V28_0,0.124,1.0,0.124,0.148,0.148,0.136,0.136,0.161,0.186,0.223,0.247,0.247,0.223,0.186,0.173,0.186,0.198,0.21,0.235,0.247,0.247,0.235,0.21,0.186,0.173,0.161,0.148,conexion-vial-cercana
V28_1,V35_0,0.198,1.0,0.198,0.237,0.237,0.218,0.218,0.257,0.297,0.356,0.395,0.395,0.356,0.297,0.277,0.297,0.316,0.336,0.376,0.395,0.395,0.376,0.336,0.297,0.277,0.257,0.237,conexion-vial-cercana
V28_1,V34_0,0.241,1.0,0.241,0.289,0.289,0.265,0.265,0.313,0.361,0.433,0.481,0.481,0.433,0.361,0.337,0.361,0.385,0.409,0.457,0.481,0.481,0.457,0.409,0.361,0.337,0.313,0.289,conexion-vial-cercana
V28_1,V34_1,0.248,1.0,0.248,0.298,0.298,0.273,0.273,0.323,0.372,0.447,0.496,0.496,0.447,0.372,0.347,0.372,0.397,0.422,0.471,0.496,0.496,0.471,0.422,0.372,0.347,0.323,0.298,conexion-vial-cercana
V28_1,V34_2,0.336,1.0,0.336,0.403,0.403,0.369,0.369,0.436,0.504,0.604,0.671,0.671,0.604,0.504,0.47,0.504,0.537,0.571,0.638,0.671,0.671,0.638,0.571,0.504,0.47,0.436,0.403,conexion-vial-cercana
V28_1,V32_0,0.364,1.0,0.364,0.437,0.437,0.4,0.4,0.473,0.546,0.655,0.728,0.728,0.655,0.546,0.509,0.546,0.582,0.618,0.691,0.728,0.728,0.691,0.618,0.546,0.509,0.473,0.437,conexion-vial-cercana
V28_1,V32_1,0.364,1.0,0.364,0.437,0.437,0.401,0.401,0.474,0.547,0.656,0.729,0.729,0.656,0.547,0.51,0.547,0.583,0.619,0.692,0.729,0.729,0.692,0.619,0.547,0.51,0.474,0.437,conexion-vial-cercana
V28_2,V31_2,0.037,1.0,0.037,0.044,0.044,0.041,0.041,0.048,0.055,0.067,0.074,0.074,0.067,0.055,0.052,0.055,0.059,0.063,0.07,0.074,0.074,0.07,0.063,0.055,0.052,0.048,0.044,conexion-vial-cercana
V28_2,V33_0,0.037,1.0,0.037,0.044,0.044,0.041,0.041,0.048,0.055,0.067,0.074,0.074,0.067,0.055,0.052,0.055,0.059,0.063,0.07,0.074,0.074,0.07,0.063,0.055,0.052,0.048,0.044,conexion-vial-cercana
V28_2,V33_1,0.037,1.0,0.037,0.044,0.044,0.041,0.041,0.048,0.055,0.067,0.074,0.074,0.067,0.055,0.052,0.055,0.059,0.063,0.07,0.074,0.074,0.07,0.063,0.055,0.052,0.048,0.044,conexion-vial-cercana
V28_2,V39_2,0.173,1.0,0.173,0.207,0.207,0.19,0.19,0.225,0.259,0.311,0.346,0.346,0.311,0.259,0.242,0.259,0.277,0.294,0.328,0.346,0.346,0.328,0.294,0.259,0.242,0.225,0.207,conexion-vial-cercana
V28_2,V33_2,0.212,1.0,0.212,0.255,0.255,0.234,0.234,0.276,0.319,0.382,0.425,0.425,0.382,0.319,0.297,0.319,0.34,0.361,0.404,0.425,0.425,0.404,0.361,0.319,0.297,0.276,0.255,conexion-vial-cercana
V28_2,V31_1,0.229,1.0,0.229,0.275,0.275,0.252,0.252,0.298,0.344,0.413,0.459,0.459,0.413,0.344,0.321,0.344,0.367,0.39,0.436,0.459,0.459,0.436,0.39,0.344,0.321,0.298,0.275,conexion-vial-cercana
V28_2,V31_0,0.334,1.0,0.334,0.401,0.401,0.367,0.367,0.434,0.501,0.601,0.668,0.668,0.601,0.501,0.468,0.501,0.535,0.568,0.635,0.668,0.668,0.635,0.568,0.501,0.468,0.434,0.401,conexion-vial-cercana
V28_2,V34_2,0.372,1.0,0.372,0.447,0.447,0.41,0.41,0.484,0.558,0.67,0.745,0.745,0.67,0.558,0.521,0.558,0.596,0.633,0.707,0.745,0.745,0.707,0.633,0.558,0.521,0.484,0.447,conexion-vial-cercana
V29_0,V29_1,0.0,1.0,0.0,0.0,0.0,0.0,0.0,0.0,0.0,0.0,0.0,0.0,0.0,0.0,0.0,0.0,0.0,0.0,0.0,0.0,0.0,0.0,0.0,0.0,0.0,0.0,0.0,conexion-vial-cercana
V29_0,V36_0,0.029,1.0,0.029,0.035,0.035,0.032,0.032,0.038,0.044,0.053,0.058,0.058,0.053,0.044,0.041,0.044,0.047,0.05,0.056,0.058,0.058,0.056,0.05,0.044,0.041,0.038,0.035,conexion-vial-cercana
V29_0,V37_2,0.029,1.0,0.029,0.035,0.035,0.032,0.032,0.038,0.044,0.053,0.058,0.058,0.053,0.044,0.041,0.044,0.047,0.05,0.056,0.058,0.058,0.056,0.05,0.044,0.041,0.038,0.035,conexion-vial-cercana
V29_0,V37_1,0.041,1.0,0.041,0.05,0.05,0.045,0.045,0.054,0.062,0.074,0.083,0.083,0.074,0.062,0.058,0.062,0.066,0.07,0.079,0.083,0.083,0.079,0.07,0.062,0.058,0.054,0.05,conexion-vial-cercana
V29_0,V29_2,0.068,1.0,0.068,0.082,0.082,0.075,0.075,0.089,0.102,0.123,0.136,0.136,0.123,0.102,0.096,0.102,0.109,0.116,0.13,0.136,0.136,0.13,0.116,0.102,0.096,0.089,0.082,conexion-vial-cercana
V29_0,V37_0,0.077,1.0,0.077,0.092,0.092,0.085,0.085,0.1,0.115,0.138,0.154,0.154,0.138,0.115,0.108,0.115,0.123,0.131,0.146,0.154,0.154,0.146,0.131,0.115,0.108,0.1,0.092,conexion-vial-cercana
V29_0,V35_2,0.109,1.0,0.109,0.131,0.131,0.12,0.12,0.142,0.164,0.197,0.219,0.219,0.197,0.164,0.153,0.164,0.175,0.186,0.208,0.219,0.219,0.208,0.186,0.164,0.153,0.142,0.131,conexion-vial-cercana
V29_0,V36_1,0.246,1.0,0.246,0.295,0.295,0.271,0.271,0.32,0.369,0.443,0.492,0.492,0.443,0.369,0.344,0.369,0.394,0.418,0.467,0.492,0.492,0.467,0.418,0.369,0.344,0.32,0.295,conexion-vial-cercana
V29_1,V29_0,0.0,1.0,0.0,0.0,0.0,0.0,0.0,0.0,0.0,0.0,0.0,0.0,0.0,0.0,0.0,0.0,0.0,0.0,0.0,0.0,0.0,0.0,0.0,0.0,0.0,0.0,0.0,conexion-vial-cercana
V29_1,V36_0,0.029,1.0,0.029,0.035,0.035,0.032,0.032,0.038,0.044,0.053,0.058,0.058,0.053,0.044,0.041,0.044,0.047,0.05,0.056,0.058,0.058,0.056,0.05,0.044,0.041,0.038,0.035,conexion-vial-cercana
V29_1,V37_2,0.029,1.0,0.029,0.035,0.035,0.032,0.032,0.038,0.044,0.053,0.058,0.058,0.053,0.044,0.041,0.044,0.047,0.05,0.056,0.058,0.058,0.056,0.05,0.044,0.041,0.038,0.035,conexion-vial-cercana
V29_1,V37_1,0.041,1.0,0.041,0.05,0.05,0.045,0.045,0.054,0.062,0.074,0.083,0.083,0.074,0.062,0.058,0.062,0.066,0.07,0.079,0.083,0.083,0.079,0.07,0.062,0.058,0.054,0.05,conexion-vial-cercana
V29_1,V29_2,0.068,1.0,0.068,0.082,0.082,0.075,0.075,0.089,0.102,0.123,0.136,0.136,0.123,0.102,0.096,0.102,0.109,0.116,0.13,0.136,0.136,0.13,0.116,0.102,0.096,0.089,0.082,conexion-vial-cercana
V29_1,V37_0,0.077,1.0,0.077,0.092,0.092,0.085,0.085,0.1,0.115,0.138,0.154,0.154,0.138,0.115,0.108,0.115,0.123,0.131,0.146,0.154,0.154,0.146,0.131,0.115,0.108,0.1,0.092,conexion-vial-cercana
V29_1,V35_2,0.109,1.0,0.109,0.131,0.131,0.12,0.12,0.142,0.164,0.197,0.219,0.219,0.197,0.164,0.153,0.164,0.175,0.186,0.208,0.219,0.219,0.208,0.186,0.164,0.153,0.142,0.131,conexion-vial-cercana
V29_1,V36_1,0.246,1.0,0.246,0.295,0.295,0.271,0.271,0.32,0.369,0.443,0.492,0.492,0.443,0.369,0.344,0.369,0.394,0.418,0.467,0.492,0.492,0.467,0.418,0.369,0.344,0.32,0.295,conexion-vial-cercana
V29_2,V37_0,0.022,1.0,0.022,0.027,0.027,0.024,0.024,0.029,0.033,0.04,0.044,0.044,0.04,0.033,0.031,0.033,0.035,0.038,0.042,0.044,0.044,0.042,0.038,0.033,0.031,0.029,0.027,conexion-vial-cercana
V29_2,V37_1,0.042,1.0,0.042,0.05,0.05,0.046,0.046,0.054,0.063,0.075,0.084,0.084,0.075,0.063,0.059,0.063,0.067,0.071,0.08,0.084,0.084,0.08,0.071,0.063,0.059,0.054,0.05,conexion-vial-cercana
V29_2,V35_2,0.055,1.0,0.055,0.067,0.067,0.061,0.061,0.072,0.083,0.1,0.111,0.111,0.1,0.083,0.078,0.083,0.089,0.094,0.105,0.111,0.111,0.105,0.094,0.083,0.078,0.072,0.067,conexion-vial-cercana
V29_2,V29_0,0.068,1.0,0.068,0.082,0.082,0.075,0.075,0.089,0.102,0.123,0.136,0.136,0.123,0.102,0.096,0.102,0.109,0.116,0.13,0.136,0.136,0.13,0.116,0.102,0.096,0.089,0.082,conexion-vial-cercana
V29_2,V29_1,0.068,1.0,0.068,0.082,0.082,0.075,0.075,0.089,0.102,0.123,0.136,0.136,0.123,0.102,0.096,0.102,0.109,0.116,0.13,0.136,0.136,0.13,0.116,0.102,0.096,0.089,0.082,conexion-vial-cercana
V29_2,V36_0,0.072,1.0,0.072,0.086,0.086,0.079,0.079,0.093,0.107,0.129,0.143,0.143,0.129,0.107,0.1,0.107,0.114,0.122,0.136,0.143,0.143,0.136,0.122,0.107,0.1,0.093,0.086,conexion-vial-cercana
V29_2,V37_2,0.072,1.0,0.072,0.086,0.086,0.079,0.079,0.093,0.107,0.129,0.143,0.143,0.129,0.107,0.1,0.107,0.114,0.122,0.136,0.143,0.143,0.136,0.122,0.107,0.1,0.093,0.086,conexion-vial-cercana
V29_2,V35_1,0.228,1.0,0.228,0.273,0.273,0.251,0.251,0.296,0.342,0.41,0.456,0.456,0.41,0.342,0.319,0.342,0.365,0.387,0.433,0.456,0.456,0.433,0.387,0.342,0.319,0.296,0.273,conexion-vial-cercana
V30_0,V30_1,0.037,1.0,0.037,0.044,0.044,0.041,0.041,0.048,0.055,0.066,0.074,0.074,0.066,0.055,0.052,0.055,0.059,0.063,0.07,0.074,0.074,0.07,0.063,0.055,0.052,0.048,0.044,conexion-vial-cercana
V30_0,V30_2,0.087,1.0,0.087,0.104,0.104,0.095,0.095,0.113,0.13,0.156,0.173,0.173,0.156,0.13,0.121,0.13,0.139,0.147,0.165,0.173,0.173,0.165,0.147,0.13,0.121,0.113,0.104,conexion-vial-cercana
V30_0,V31_0,0.348,1.0,0.348,0.418,0.418,0.383,0.383,0.452,0.522,0.626,0.696,0.696,0.626,0.522,0.487,0.522,0.557,0.592,0.661,0.696,0.696,0.661,0.592,0.522,0.487,0.452,0.418,conexion-vial-cercana
V30_0,V31_1,0.443,1.0,0.443,0.531,0.531,0.487,0.487,0.575,0.664,0.797,0.885,0.885,0.797,0.664,0.62,0.664,0.708,0.753,0.841,0.885,0.885,0.841,0.753,0.664,0.62,0.575,0.531,conexion-vial-cercana
V30_0,V5_0,0.639,1.0,0.639,0.766,0.766,0.703,0.703,0.83,0.958,1.15,1.277,1.277,1.15,0.958,0.894,0.958,1.022,1.086,1.213,1.277,1.277,1.213,1.086,0.958,0.894,0.83,0.766,conexion-vial-cercana
V30_0,V46_0,0.639,1.0,0.639,0.766,0.766,0.703,0.703,0.83,0.958,1.15,1.277,1.277,1.15,0.958,0.894,0.958,1.022,1.086,1.213,1.277,1.277,1.213,1.086,0.958,0.894,0.83,0.766,conexion-vial-cercana
V30_0,V48_0,0.655,1.0,0.655,0.787,0.787,0.721,0.721,0.852,0.983,1.18,1.311,1.311,1.18,0.983,0.918,0.983,1.049,1.114,1.245,1.311,1.311,1.245,1.114,0.983,0.918,0.852,0.787,conexion-vial-cercana
V30_0,V46_1,0.657,1.0,0.657,0.789,0.789,0.723,0.723,0.854,0.986,1.183,1.314,1.314,1.183,0.986,0.92,0.986,1.051,1.117,1.249,1.314,1.314,1.249,1.117,0.986,0.92,0.854,0.789,conexion-vial-cercana
V30_1,V30_0,0.037,1.0,0.037,0.044,0.044,0.041,0.041,0.048,0.055,0.066,0.074,0.074,0.066,0.055,0.052,0.055,0.059,0.063,0.07,0.074,0.074,0.07,0.063,0.055,0.052,0.048,0.044,conexion-vial-cercana
V30_1,V30_2,0.051,1.0,0.051,0.062,0.062,0.057,0.057,0.067,0.077,0.093,0.103,0.103,0.093,0.077,0.072,0.077,0.082,0.087,0.098,0.103,0.103,0.098,0.087,0.077,0.072,0.067,0.062,conexion-vial-cercana
V30_1,V31_0,0.315,1.0,0.315,0.378,0.378,0.347,0.347,0.41,0.473,0.568,0.631,0.631,0.568,0.473,0.441,0.473,0.504,0.536,0.599,0.631,0.631,0.599,0.536,0.473,0.441,0.41,0.378,conexion-vial-cercana
V30_1,V31_1,0.408,1.0,0.408,0.49,0.49,0.449,0.449,0.53,0.612,0.734,0.816,0.816,0.734,0.612,0.571,0.612,0.653,0.693,0.775,0.816,0.816,0.775,0.693,0.612,0.571,0.53,0.49,conexion-vial-cercana
V30_1,V28_2,0.634,1.0,0.634,0.76,0.76,0.697,0.697,0.824,0.95,1.14,1.267,1.267,1.14,0.95,0.887,0.95,1.014,1.077,1.204,1.267,1.267,1.204,1.077,0.95,0.887,0.824,0.76,conexion-vial-cercana
V30_1,V31_2,0.664,1.0,0.664,0.797,0.797,0.73,0.73,0.863,0.996,1.195,1.328,1.328,1.195,0.996,0.93,0.996,1.062,1.129,1.262,1.328,1.328,1.262,1.129,0.996,0.93,0.863,0.797,conexion-vial-cercana
V30_1,V33_0,0.664,1.0,0.664,0.797,0.797,0.73,0.73,0.863,0.996,1.195,1.328,1.328,1.195,0.996,0.93,0.996,1.062,1.129,1.262,1.328,1.328,1.262,1.129,0.996,0.93,0.863,0.797,conexion-vial-cercana
V30_1,V33_1,0.664,1.0,0.664,0.797,0.797,0.73,0.73,0.863,0.996,1.195,1.328,1.328,1.195,0.996,0.93,0.996,1.062,1.129,1.262,1.328,1.328,1.262,1.129,0.996,0.93,0.863,0.797,conexion-vial-cercana
V30_2,V30_1,0.051,1.0,0.051,0.062,0.062,0.057,0.057,0.067,0.077,0.093,0.103,0.103,0.093,0.077,0.072,0.077,0.082,0.087,0.098,0.103,0.103,0.098,0.087,0.077,0.072,0.067,0.062,conexion-vial-cercana
V30_2,V30_0,0.087,1.0,0.087,0.104,0.104,0.095,0.095,0.113,0.13,0.156,0.173,0.173,0.156,0.13,0.121,0.13,0.139,0.147,0.165,0.173,0.173,0.165,0.147,0.13,0.121,0.113,0.104,conexion-vial-cercana
V30_2,V31_0,0.264,1.0,0.264,0.317,0.317,0.291,0.291,0.343,0.396,0.476,0.528,0.528,0.476,0.396,0.37,0.396,0.423,0.449,0.502,0.528,0.528,0.502,0.449,0.396,0.37,0.343,0.317,conexion-vial-cercana
V30_2,V31_1,0.357,1.0,0.357,0.428,0.428,0.392,0.392,0.464,0.535,0.642,0.713,0.713,0.642,0.535,0.499,0.535,0.57,0.606,0.677,0.713,0.713,0.677,0.606,0.535,0.499,0.464,0.428,conexion-vial-cercana
V30_2,V28_2,0.582,1.0,0.582,0.699,0.699,0.641,0.641,0.757,0.874,1.048,1.165,1.165,1.048,0.874,0.815,0.874,0.932,0.99,1.107,1.165,1.165,1.107,0.99,0.874,0.815,0.757,0.699,conexion-vial-cercana
V30_2,V31_2,0.613,1.0,0.613,0.736,0.736,0.675,0.675,0.797,0.92,1.104,1.227,1.227,1.104,0.92,0.859,0.92,0.981,1.043,1.165,1.227,1.227,1.165,1.043,0.92,0.859,0.797,0.736,conexion-vial-cercana
V30_2,V33_0,0.613,1.0,0.613,0.736,0.736,0.675,0.675,0.797,0.92,1.104,1.227,1.227,1.104,0.92,0.859,0.92,0.981,1.043,1.165,1.227,1.227,1.165,1.043,0.92,0.859,0.797,0.736,conexion-vial-cercana
V30_2,V33_1,0.613,1.0,0.613,0.736,0.736,0.675,0.675,0.797,0.92,1.104,1.227,1.227,1.104,0.92,0.859,0.92,0.981,1.043,1.165,1.227,1.227,1.165,1.043,0.92,0.859,0.797,0.736,conexion-vial-cercana
V31_0,V31_1,0.106,1.0,0.106,0.128,0.128,0.117,0.117,0.138,0.16,0.192,0.213,0.213,0.192,0.16,0.149,0.16,0.17,0.181,0.202,0.213,0.213,0.202,0.181,0.16,0.149,0.138,0.128,conexion-vial-cercana
V31_0,V30_2,0.264,1.0,0.264,0.317,0.317,0.291,0.291,0.343,0.396,0.476,0.528,0.528,0.476,0.396,0.37,0.396,0.423,0.449,0.502,0.528,0.528,0.502,0.449,0.396,0.37,0.343,0.317,conexion-vial-cercana
V31_0,V30_1,0.315,1.0,0.315,0.378,0.378,0.347,0.347,0.41,0.473,0.568,0.631,0.631,0.568,0.473,0.441,0.473,0.504,0.536,0.599,0.631,0.631,0.599,0.536,0.473,0.441,0.41,0.378,conexion-vial-cercana
V31_0,V28_2,0.334,1.0,0.334,0.401,0.401,0.367,0.367,0.434,0.501,0.601,0.668,0.668,0.601,0.501,0.468,0.501,0.535,0.568,0.635,0.668,0.668,0.635,0.568,0.501,0.468,0.434,0.401,conexion-vial-cercana
V31_0,V30_0,0.348,1.0,0.348,0.418,0.418,0.383,0.383,0.452,0.522,0.626,0.696,0.696,0.626,0.522,0.487,0.522,0.557,0.592,0.661,0.696,0.696,0.661,0.592,0.522,0.487,0.452,0.418,conexion-vial-cercana
V31_0,V31_2,0.368,1.0,0.368,0.442,0.442,0.405,0.405,0.479,0.553,0.663,0.737,0.737,0.663,0.553,0.516,0.553,0.589,0.626,0.7,0.737,0.737,0.7,0.626,0.553,0.516,0.479,0.442,conexion-vial-cercana
V31_0,V33_0,0.368,1.0,0.368,0.442,0.442,0.405,0.405,0.479,0.553,0.663,0.737,0.737,0.663,0.553,0.516,0.553,0.589,0.626,0.7,0.737,0.737,0.7,0.626,0.553,0.516,0.479,0.442,conexion-vial-cercana
V31_0,V33_1,0.368,1.0,0.368,0.442,0.442,0.405,0.405,0.479,0.553,0.663,0.737,0.737,0.663,0.553,0.516,0.553,0.589,0.626,0.7,0.737,0.737,0.7,0.626,0.553,0.516,0.479,0.442,conexion-vial-cercana
V31_1,V31_0,0.106,1.0,0.106,0.128,0.128,0.117,0.117,0.138,0.16,0.192,0.213,0.213,0.192,0.16,0.149,0.16,0.17,0.181,0.202,0.213,0.213,0.202,0.181,0.16,0.149,0.138,0.128,conexion-vial-cercana
V31_1,V28_2,0.229,1.0,0.229,0.275,0.275,0.252,0.252,0.298,0.344,0.413,0.459,0.459,0.413,0.344,0.321,0.344,0.367,0.39,0.436,0.459,0.459,0.436,0.39,0.344,0.321,0.298,0.275,conexion-vial-cercana
V31_1,V31_2,0.263,1.0,0.263,0.315,0.315,0.289,0.289,0.342,0.394,0.473,0.526,0.526,0.473,0.394,0.368,0.394,0.421,0.447,0.499,0.526,0.526,0.499,0.447,0.394,0.368,0.342,0.315,conexion-vial-cercana
V31_1,V33_0,0.263,1.0,0.263,0.315,0.315,0.289,0.289,0.342,0.394,0.473,0.526,0.526,0.473,0.394,0.368,0.394,0.421,0.447,0.499,0.526,0.526,0.499,0.447,0.394,0.368,0.342,0.315,conexion-vial-cercana
V31_1,V33_1,0.263,1.0,0.263,0.315,0.315,0.289,0.289,0.342,0.394,0.473,0.526,0.526,0.473,0.394,0.368,0.394,0.421,0.447,0.499,0.526,0.526,0.499,0.447,0.394,0.368,0.342,0.315,conexion-vial-cercana
V31_1,V30_2,0.357,1.0,0.357,0.428,0.428,0.392,0.392,0.464,0.535,0.642,0.713,0.713,0.642,0.535,0.499,0.535,0.57,0.606,0.677,0.713,0.713,0.677,0.606,0.535,0.499,0.464,0.428,conexion-vial-cercana
V31_1,V39_2,0.402,1.0,0.402,0.483,0.483,0.442,0.442,0.523,0.603,0.724,0.804,0.804,0.724,0.603,0.563,0.603,0.643,0.684,0.764,0.804,0.804,0.764,0.684,0.603,0.563,0.523,0.483,conexion-vial-cercana
V31_1,V30_1,0.408,1.0,0.408,0.49,0.49,0.449,0.449,0.53,0.612,0.734,0.816,0.816,0.734,0.612,0.571,0.612,0.653,0.693,0.775,0.816,0.816,0.775,0.693,0.612,0.571,0.53,0.49,conexion-vial-cercana
V31_2,V33_0,0.0,1.0,0.0,0.0,0.0,0.0,0.0,0.0,0.0,0.0,0.0,0.0,0.0,0.0,0.0,0.0,0.0,0.0,0.0,0.0,0.0,0.0,0.0,0.0,0.0,0.0,0.0,conexion-vial-cercana
V31_2,V33_1,0.0,1.0,0.0,0.0,0.0,0.0,0.0,0.0,0.0,0.0,0.0,0.0,0.0,0.0,0.0,0.0,0.0,0.0,0.0,0.0,0.0,0.0,0.0,0.0,0.0,0.0,0.0,conexion-vial-cercana
V31_2,V28_2,0.037,1.0,0.037,0.044,0.044,0.041,0.041,0.048,0.055,0.067,0.074,0.074,0.067,0.055,0.052,0.055,0.059,0.063,0.07,0.074,0.074,0.07,0.063,0.055,0.052,0.048,0.044,conexion-vial-cercana
V31_2,V39_2,0.142,1.0,0.142,0.17,0.17,0.156,0.156,0.184,0.212,0.255,0.283,0.283,0.255,0.212,0.198,0.212,0.226,0.241,0.269,0.283,0.283,0.269,0.241,0.212,0.198,0.184,0.17,conexion-vial-cercana
V31_2,V33_2,0.176,1.0,0.176,0.212,0.212,0.194,0.194,0.229,0.265,0.317,0.353,0.353,0.317,0.265,0.247,0.265,0.282,0.3,0.335,0.353,0.353,0.335,0.3,0.265,0.247,0.229,0.212,conexion-vial-cercana
V31_2,V31_1,0.263,1.0,0.263,0.315,0.315,0.289,0.289,0.342,0.394,0.473,0.526,0.526,0.473,0.394,0.368,0.394,0.421,0.447,0.499,0.526,0.526,0.499,0.447,0.394,0.368,0.342,0.315,conexion-vial-cercana
V31_2,V34_2,0.346,1.0,0.346,0.415,0.415,0.38,0.38,0.449,0.518,0.622,0.691,0.691,0.622,0.518,0.484,0.518,0.553,0.588,0.657,0.691,0.691,0.657,0.588,0.518,0.484,0.449,0.415,conexion-vial-cercana
V31_2,V31_0,0.368,1.0,0.368,0.442,0.442,0.405,0.405,0.479,0.553,0.663,0.737,0.737,0.663,0.553,0.516,0.553,0.589,0.626,0.7,0.737,0.737,0.7,0.626,0.553,0.516,0.479,0.442,conexion-vial-cercana
V32_0,V32_1,0.058,1.0,0.058,0.058,0.058,0.058,0.058,0.058,0.064,0.07,0.076,0.076,0.07,0.064,0.064,0.064,0.07,0.07,0.076,0.082,0.087,0.082,0.076,0.07,0.064,0.058,0.058,conexion-vial-cercana
V32_0,V34_2,0.085,1.0,0.085,0.085,0.085,0.085,0.085,0.085,0.093,0.102,0.11,0.11,0.102,0.093,0.093,0.093,0.102,0.102,0.11,0.119,0.127,0.119,0.11,0.102,0.093,0.085,0.085,conexion-vial-cercana
V32_0,V32_2,0.107,1.0,0.107,0.107,0.107,0.107,0.107,0.107,0.118,0.129,0.14,0.14,0.129,0.118,0.118,0.118,0.129,0.129,0.14,0.15,0.161,0.15,0.14,0.129,0.118,0.107,0.107,conexion-vial-cercana
V32_0,V45_0,0.156,1.0,0.156,0.156,0.156,0.156,0.156,0.156,0.171,0.187,0.202,0.202,0.187,0.171,0.171,0.171,0.187,0.187,0.202,0.218,0.234,0.218,0.202,0.187,0.171,0.156,0.156,conexion-vial-cercana
V32_0,V45_2,0.167,1.0,0.167,0.167,0.167,0.167,0.167,0.167,0.184,0.201,0.217,0.217,0.201,0.184,0.184,0.184,0.201,0.201,0.217,0.234,0.251,0.234,0.217,0.201,0.184,0.167,0.167,conexion-vial-cercana
V32_0,V34_1,0.183,1.0,0.183,0.183,0.183,0.183,0.183,0.183,0.201,0.219,0.238,0.238,0.219,0.201,0.201,0.201,0.219,0.219,0.238,0.256,0.274,0.256,0.238,0.219,0.201,0.183,0.183,conexion-vial-cercana
V32_0,V45_1,0.186,1.0,0.186,0.186,0.186,0.186,0.186,0.186,0.204,0.223,0.241,0.241,0.223,0.204,0.204,0.204,0.223,0.223,0.241,0.26,0.279,0.26,0.241,0.223,0.204,0.186,0.186,conexion-vial-cercana
V32_0,V34_0,0.227,1.0,0.227,0.227,0.227,0.227,0.227,0.227,0.249,0.272,0.295,0.295,0.272,0.249,0.249,0.249,0.272,0.272,0.295,0.317,0.34,0.317,0.295,0.272,0.249,0.227,0.227,conexion-vial-cercana
V32_1,V32_2,0.052,1.0,0.052,0.052,0.052,0.052,0.052,0.052,0.057,0.062,0.068,0.068,0.062,0.057,0.057,0.057,0.062,0.062,0.068,0.073,0.078,0.073,0.068,0.062,0.057,0.052,0.052,conexion-vial-cercana
V32_1,V32_0,0.058,1.0,0.058,0.058,0.058,0.058,0.058,0.058,0.064,0.07,0.076,0.076,0.07,0.064,0.064,0.064,0.07,0.07,0.076,0.082,0.087,0.082,0.076,0.07,0.064,0.058,0.058,conexion-vial-cercana
V32_1,V45_0,0.099,1.0,0.099,0.099,0.099,0.099,0.099,0.099,0.109,0.119,0.129,0.129,0.119,0.109,0.109,0.109,0.119,0.119,0.129,0.139,0.149,0.139,0.129,0.119,0.109,0.099,0.099,conexion-vial-cercana
V32_1,V45_2,0.13,1.0,0.13,0.13,0.13,0.13,0.13,0.13,0.143,0.156,0.169,0.169,0.156,0.143,0.143,0.143,0.156,0.156,0.169,0.182,0.196,0.182,0.169,0.156,0.143,0.13,0.13,conexion-vial-cercana
V32_1,V45_1,0.135,1.0,0.135,0.135,0.135,0.135,0.135,0.135,0.149,0.162,0.176,0.176,0.162,0.149,0.149,0.149,0.162,0.162,0.176,0.189,0.203,0.189,0.176,0.162,0.149,0.135,0.135,conexion-vial-cercana
V32_1,V34_2,0.138,1.0,0.138,0.138,0.138,0.138,0.138,0.138,0.152,0.166,0.18,0.18,0.166,0.152,0.152,0.152,0.166,0.166,0.18,0.194,0.207,0.194,0.18,0.166,0.152,0.138,0.138,conexion-vial-cercana
V32_1,V34_1,0.221,1.0,0.221,0.221,0.221,0.221,0.221,0.221,0.243,0.265,0.287,0.287,0.265,0.243,0.243,0.243,0.265,0.265,0.287,0.31,0.332,0.31,0.287,0.265,0.243,0.221,0.221,conexion-vial-cercana
V32_1,V34_0,0.265,1.0,0.265,0.265,0.265,0.265,0.265,0.265,0.292,0.318,0.345,0.345,0.318,0.292,0.292,0.292,0.318,0.318,0.345,0.371,0.398,0.371,0.345,0.318,0.292,0.265,0.265,conexion-vial-cercana
V32_2,V45_0,0.048,1.0,0.048,0.048,0.048,0.048,0.048,0.048,0.053,0.058,0.063,0.063,0.058,0.053,0.053,0.053,0.058,0.058,0.063,0.068,0.073,0.068,0.063,0.058,0.053,0.048,0.048,conexion-vial-cercana
V32_2,V32_1,0.052,1.0,0.052,0.052,0.052,0.052,0.052,0.052,0.057,0.062,0.068,0.068,0.062,0.057,0.057,0.057,0.062,0.062,0.068,0.073,0.078,0.073,0.068,0.062,0.057,0.052,0.052,conexion-vial-cercana
V32_2,V45_1,0.084,1.0,0.084,0.084,0.084,0.084,0.084,0.084,0.093,0.101,0.11,0.11,0.101,0.093,0.093,0.093,0.101,0.101,0.11,0.118,0.126,0.118,0.11,0.101,0.093,0.084,0.084,conexion-vial-cercana
V32_2,V45_2,0.092,1.0,0.092,0.092,0.092,0.092,0.092,0.092,0.101,0.11,0.119,0.119,0.11,0.101,0.101,0.101,0.11,0.11,0.119,0.128,0.138,0.128,0.119,0.11,0.101,0.092,0.092,conexion-vial-cercana
V32_2,V32_0,0.107,1.0,0.107,0.107,0.107,0.107,0.107,0.107,0.118,0.129,0.14,0.14,0.129,0.118,0.118,0.118,0.129,0.129,0.14,0.15,0.161,0.15,0.14,0.129,0.118,0.107,0.107,conexion-vial-cercana
V32_2,V34_2,0.19,1.0,0.19,0.19,0.19,0.19,0.19,0.19,0.209,0.228,0.247,0.247,0.228,0.209,0.209,0.209,0.228,0.228,0.247,0.266,0.285,0.266,0.247,0.228,0.209,0.19,0.19,conexion-vial-cercana
V32_2,V34_1,0.271,1.0,0.271,0.271,0.271,0.271,0.271,0.271,0.299,0.326,0.353,0.353,0.326,0.299,0.299,0.299,0.326,0.326,0.353,0.38,0.407,0.38,0.353,0.326,0.299,0.271,0.271,conexion-vial-cercana
V32_2,V39_1,0.315,1.0,0.315,0.315,0.315,0.315,0.315,0.315,0.346,0.378,0.409,0.409,0.378,0.346,0.346,0.346,0.378,0.378,0.409,0.441,0.472,0.441,0.409,0.378,0.346,0.315,0.315,conexion-vial-cercana
V33_0,V31_2,0.0,1.0,0.0,0.0,0.0,0.0,0.0,0.0,0.0,0.0,0.0,0.0,0.0,0.0,0.0,0.0,0.0,0.0,0.0,0.0,0.0,0.0,0.0,0.0,0.0,0.0,0.0,conexion-vial-cercana
V33_0,V33_1,0.0,1.0,0.0,0.0,0.0,0.0,0.0,0.0,0.0,0.0,0.0,0.0,0.0,0.0,0.0,0.0,0.0,0.0,0.0,0.0,0.0,0.0,0.0,0.0,0.0,0.0,0.0,conexion-vial-cercana
V33_0,V28_2,0.037,1.0,0.037,0.037,0.037,0.037,0.037,0.037,0.041,0.044,0.048,0.048,0.044,0.041,0.041,0.041,0.044,0.044,0.048,0.052,0.055,0.052,0.048,0.044,0.041,0.037,0.037,conexion-vial-cercana
V33_0,V39_2,0.142,1.0,0.142,0.142,0.142,0.142,0.142,0.142,0.156,0.17,0.184,0.184,0.17,0.156,0.156,0.156,0.17,0.17,0.184,0.198,0.212,0.198,0.184,0.17,0.156,0.142,0.142,conexion-vial-cercana
V33_0,V33_2,0.176,1.0,0.176,0.176,0.176,0.176,0.176,0.176,0.194,0.212,0.229,0.229,0.212,0.194,0.194,0.194,0.212,0.212,0.229,0.247,0.265,0.247,0.229,0.212,0.194,0.176,0.176,conexion-vial-cercana
V33_0,V31_1,0.263,1.0,0.263,0.263,0.263,0.263,0.263,0.263,0.289,0.315,0.342,0.342,0.315,0.289,0.289,0.289,0.315,0.315,0.342,0.368,0.394,0.368,0.342,0.315,0.289,0.263,0.263,conexion-vial-cercana
V33_0,V34_2,0.346,1.0,0.346,0.346,0.346,0.346,0.346,0.346,0.38,0.415,0.449,0.449,0.415,0.38,0.38,0.38,0.415,0.415,0.449,0.484,0.518,0.484,0.449,0.415,0.38,0.346,0.346,conexion-vial-cercana
V33_0,V31_0,0.368,1.0,0.368,0.368,0.368,0.368,0.368,0.368,0.405,0.442,0.479,0.479,0.442,0.405,0.405,0.405,0.442,0.442,0.479,0.516,0.553,0.516,0.479,0.442,0.405,0.368,0.368,conexion-vial-cercana
V33_1,V31_2,0.0,1.0,0.0,0.0,0.0,0.0,0.0,0.0,0.0,0.0,0.0,0.0,0.0,0.0,0.0,0.0,0.0,0.0,0.0,0.0,0.0,0.0,0.0,0.0,0.0,0.0,0.0,conexion-vial-cercana
V33_1,V33_0,0.0,1.0,0.0,0.0,0.0,0.0,0.0,0.0,0.0,0.0,0.0,0.0,0.0,0.0,0.0,0.0,0.0,0.0,0.0,0.0,0.0,0.0,0.0,0.0,0.0,0.0,0.0,conexion-vial-cercana
V33_1,V28_2,0.037,1.0,0.037,0.037,0.037,0.037,0.037,0.037,0.041,0.044,0.048,0.048,0.044,0.041,0.041,0.041,0.044,0.044,0.048,0.052,0.055,0.052,0.048,0.044,0.041,0.037,0.037,conexion-vial-cercana
V33_1,V39_2,0.142,1.0,0.142,0.142,0.142,0.142,0.142,0.142,0.156,0.17,0.184,0.184,0.17,0.156,0.156,0.156,0.17,0.17,0.184,0.198,0.212,0.198,0.184,0.17,0.156,0.142,0.142,conexion-vial-cercana
V33_1,V33_2,0.176,1.0,0.176,0.176,0.176,0.176,0.176,0.176,0.194,0.212,0.229,0.229,0.212,0.194,0.194,0.194,0.212,0.212,0.229,0.247,0.265,0.247,0.229,0.212,0.194,0.176,0.176,conexion-vial-cercana
V33_1,V31_1,0.263,1.0,0.263,0.263,0.263,0.263,0.263,0.263,0.289,0.315,0.342,0.342,0.315,0.289,0.289,0.289,0.315,0.315,0.342,0.368,0.394,0.368,0.342,0.315,0.289,0.263,0.263,conexion-vial-cercana
V33_1,V34_2,0.346,1.0,0.346,0.346,0.346,0.346,0.346,0.346,0.38,0.415,0.449,0.449,0.415,0.38,0.38,0.38,0.415,0.415,0.449,0.484,0.518,0.484,0.449,0.415,0.38,0.346,0.346,conexion-vial-cercana
V33_1,V31_0,0.368,1.0,0.368,0.368,0.368,0.368,0.368,0.368,0.405,0.442,0.479,0.479,0.442,0.405,0.405,0.405,0.442,0.442,0.479,0.516,0.553,0.516,0.479,0.442,0.405,0.368,0.368,conexion-vial-cercana
V33_2,V39_2,0.069,1.0,0.069,0.069,0.069,0.069,0.069,0.069,0.076,0.083,0.09,0.09,0.083,0.076,0.076,0.076,0.083,0.083,0.09,0.096,0.103,0.096,0.09,0.083,0.076,0.069,0.069,conexion-vial-cercana
V33_2,V31_2,0.176,1.0,0.176,0.176,0.176,0.176,0.176,0.176,0.194,0.212,0.229,0.229,0.212,0.194,0.194,0.194,0.212,0.212,0.229,0.247,0.265,0.247,0.229,0.212,0.194,0.176,0.176,conexion-vial-cercana
V33_2,V33_0,0.176,1.0,0.176,0.176,0.176,0.176,0.176,0.176,0.194,0.212,0.229,0.229,0.212,0.194,0.194,0.194,0.212,0.212,0.229,0.247,0.265,0.247,0.229,0.212,0.194,0.176,0.176,conexion-vial-cercana
V33_2,V33_1,0.176,1.0,0.176,0.176,0.176,0.176,0.176,0.176,0.194,0.212,0.229,0.229,0.212,0.194,0.194,0.194,0.212,0.212,0.229,0.247,0.265,0.247,0.229,0.212,0.194,0.176,0.176,conexion-vial-cercana
V33_2,V28_2,0.212,1.0,0.212,0.212,0.212,0.212,0.212,0.212,0.234,0.255,0.276,0.276,0.255,0.234,0.234,0.234,0.255,0.255,0.276,0.297,0.319,0.297,0.276,0.255,0.234,0.212,0.212,conexion-vial-cercana
V33_2,V34_2,0.216,1.0,0.216,0.216,0.216,0.216,0.216,0.216,0.238,0.259,0.281,0.281,0.259,0.238,0.238,0.238,0.259,0.259,0.281,0.302,0.324,0.302,0.281,0.259,0.238,0.216,0.216,conexion-vial-cercana
V33_2,V34_1,0.234,1.0,0.234,0.234,0.234,0.234,0.234,0.234,0.258,0.281,0.304,0.304,0.281,0.258,0.258,0.258,0.281,0.281,0.304,0.328,0.351,0.328,0.304,0.281,0.258,0.234,0.234,conexion-vial-cercana
V33_2,V34_0,0.234,1.0,0.234,0.234,0.234,0.234,0.234,0.234,0.258,0.281,0.305,0.305,0.281,0.258,0.258,0.258,0.281,0.281,0.305,0.328,0.351,0.328,0.305,0.281,0.258,0.234,0.234,conexion-vial-cercana
V34_0,V34_1,0.044,1.0,0.044,0.044,0.044,0.044,0.044,0.044,0.049,0.053,0.057,0.057,0.053,0.049,0.049,0.049,0.053,0.053,0.057,0.062,0.066,0.062,0.057,0.053,0.049,0.044,0.044,conexion-vial-cercana
V34_0,V34_2,0.153,1.0,0.153,0.153,0.153,0.153,0.153,0.153,0.168,0.184,0.199,0.199,0.184,0.168,0.168,0.168,0.184,0.184,0.199,0.214,0.23,0.214,0.199,0.184,0.168,0.153,0.153,conexion-vial-cercana
V34_0,V39_1,0.184,1.0,0.184,0.184,0.184,0.184,0.184,0.184,0.202,0.221,0.239,0.239,0.221,0.202,0.202,0.202,0.221,0.221,0.239,0.258,0.276,0.258,0.239,0.221,0.202,0.184,0.184,conexion-vial-cercana
V34_0,V32_0,0.227,1.0,0.227,0.227,0.227,0.227,0.227,0.227,0.249,0.272,0.295,0.295,0.272,0.249,0.249,0.249,0.272,0.272,0.295,0.317,0.34,0.317,0.295,0.272,0.249,0.227,0.227,conexion-vial-cercana
V34_0,V33_2,0.234,1.0,0.234,0.234,0.234,0.234,0.234,0.234,0.258,0.281,0.305,0.305,0.281,0.258,0.258,0.258,0.281,0.281,0.305,0.328,0.351,0.328,0.305,0.281,0.258,0.234,0.234,conexion-vial-cercana
V34_0,V28_1,0.241,1.0,0.241,0.241,0.241,0.241,0.241,0.241,0.265,0.289,0.313,0.313,0.289,0.265,0.265,0.265,0.289,0.289,0.313,0.337,0.361,0.337,0.313,0.289,0.265,0.241,0.241,conexion-vial-cercana
V34_0,V32_1,0.265,1.0,0.265,0.265,0.265,0.265,0.265,0.265,0.292,0.318,0.345,0.345,0.318,0.292,0.292,0.292,0.318,0.318,0.345,0.371,0.398,0.371,0.345,0.318,0.292,0.265,0.265,conexion-vial-cercana
V34_0,V39_2,0.269,1.0,0.269,0.269,0.269,0.269,0.269,0.269,0.296,0.323,0.35,0.35,0.323,0.296,0.296,0.296,0.323,0.323,0.35,0.377,0.404,0.377,0.35,0.323,0.296,0.269,0.269,conexion-vial-cercana
V34_1,V34_0,0.044,1.0,0.044,0.044,0.044,0.044,0.044,0.044,0.049,0.053,0.057,0.057,0.053,0.049,0.049,0.049,0.053,0.053,0.057,0.062,0.066,0.062,0.057,0.053,0.049,0.044,0.044,conexion-vial-cercana
V34_1,V34_2,0.113,1.0,0.113,0.113,0.113,0.113,0.113,0.113,0.124,0.135,0.147,0.147,0.135,0.124,0.124,0.124,0.135,0.135,0.147,0.158,0.169,0.158,0.147,0.135,0.124,0.113,0.113,conexion-vial-cercana
V34_1,V39_1,0.18,1.0,0.18,0.18,0.18,0.18,0.18,0.18,0.198,0.216,0.234,0.234,0.216,0.198,0.198,0.198,0.216,0.216,0.234,0.252,0.27,0.252,0.234,0.216,0.198,0.18,0.18,conexion-vial-cercana
V34_1,V32_0,0.183,1.0,0.183,0.183,0.183,0.183,0.183,0.183,0.201,0.219,0.238,0.238,0.219,0.201,0.201,0.201,0.219,0.219,0.238,0.256,0.274,0.256,0.238,0.219,0.201,0.183,0.183,conexion-vial-cercana
V34_1,V32_1,0.221,1.0,0.221,0.221,0.221,0.221,0.221,0.221,0.243,0.265,0.287,0.287,0.265,0.243,0.243,0.243,0.265,0.265,0.287,0.31,0.332,0.31,0.287,0.265,0.243,0.221,0.221,conexion-vial-cercana
V34_1,V33_2,0.234,1.0,0.234,0.234,0.234,0.234,0.234,0.234,0.258,0.281,0.304,0.304,0.281,0.258,0.258,0.258,0.281,0.281,0.304,0.328,0.351,0.328,0.304,0.281,0.258,0.234,0.234,conexion-vial-cercana
V34_1,V28_1,0.248,1.0,0.248,0.248,0.248,0.248,0.248,0.248,0.273,0.298,0.323,0.323,0.298,0.273,0.273,0.273,0.298,0.298,0.323,0.347,0.372,0.347,0.323,0.298,0.273,0.248,0.248,conexion-vial-cercana
V34_1,V39_2,0.258,1.0,0.258,0.258,0.258,0.258,0.258,0.258,0.284,0.31,0.335,0.335,0.31,0.284,0.284,0.284,0.31,0.31,0.335,0.361,0.387,0.361,0.335,0.31,0.284,0.258,0.258,conexion-vial-cercana
V34_2,V32_0,0.085,1.0,0.085,0.085,0.085,0.085,0.085,0.085,0.093,0.102,0.11,0.11,0.102,0.093,0.093,0.093,0.102,0.102,0.11,0.119,0.127,0.119,0.11,0.102,0.093,0.085,0.085,conexion-vial-cercana
V34_2,V34_1,0.113,1.0,0.113,0.113,0.113,0.113,0.113,0.113,0.124,0.135,0.147,0.147,0.135,0.124,0.124,0.124,0.135,0.135,0.147,0.158,0.169,0.158,0.147,0.135,0.124,0.113,0.113,conexion-vial-cercana
V34_2,V32_1,0.138,1.0,0.138,0.138,0.138,0.138,0.138,0.138,0.152,0.166,0.18,0.18,0.166,0.152,0.152,0.152,0.166,0.166,0.18,0.194,0.207,0.194,0.18,0.166,0.152,0.138,0.138,conexion-vial-cercana
V34_2,V34_0,0.153,1.0,0.153,0.153,0.153,0.153,0.153,0.153,0.168,0.184,0.199,0.199,0.184,0.168,0.168,0.168,0.184,0.184,0.199,0.214,0.23,0.214,0.199,0.184,0.168,0.153,0.153,conexion-vial-cercana
V34_2,V32_2,0.19,1.0,0.19,0.19,0.19,0.19,0.19,0.19,0.209,0.228,0.247,0.247,0.228,0.209,0.209,0.209,0.228,0.228,0.247,0.266,0.285,0.266,0.247,0.228,0.209,0.19,0.19,conexion-vial-cercana
V34_2,V39_2,0.208,1.0,0.208,0.208,0.208,0.208,0.208,0.208,0.228,0.249,0.27,0.27,0.249,0.228,0.228,0.228,0.249,0.249,0.27,0.291,0.311,0.291,0.27,0.249,0.228,0.208,0.208,conexion-vial-cercana
V34_2,V33_2,0.216,1.0,0.216,0.216,0.216,0.216,0.216,0.216,0.238,0.259,0.281,0.281,0.259,0.238,0.238,0.238,0.259,0.259,0.281,0.302,0.324,0.302,0.281,0.259,0.238,0.216,0.216,conexion-vial-cercana
V34_2,V45_0,0.237,1.0,0.237,0.237,0.237,0.237,0.237,0.237,0.261,0.285,0.309,0.309,0.285,0.261,0.261,0.261,0.285,0.285,0.309,0.332,0.356,0.332,0.309,0.285,0.261,0.237,0.237,conexion-vial-cercana
V35_0,V28_0,0.08,1.0,0.08,0.08,0.08,0.08,0.08,0.088,0.096,0.112,0.128,0.12,0.104,0.096,0.088,0.096,0.104,0.112,0.12,0.136,0.144,0.128,0.112,0.096,0.088,0.088,0.08,conexion-vial-cercana
V35_0,V28_1,0.198,1.0,0.198,0.198,0.198,0.198,0.198,0.218,0.237,0.277,0.316,0.297,0.257,0.237,0.218,0.237,0.257,0.277,0.297,0.336,0.356,0.316,0.277,0.237,0.218,0.218,0.198,conexion-vial-cercana
V35_0,V39_1,0.277,1.0,0.277,0.277,0.277,0.277,0.277,0.305,0.332,0.388,0.443,0.415,0.36,0.332,0.305,0.332,0.36,0.388,0.415,0.471,0.498,0.443,0.388,0.332,0.305,0.305,0.277,conexion-vial-cercana
V35_0,V34_0,0.432,1.0,0.432,0.432,0.432,0.432,0.432,0.476,0.519,0.605,0.692,0.648,0.562,0.519,0.476,0.519,0.562,0.605,0.648,0.735,0.778,0.692,0.605,0.519,0.476,0.476,0.432,conexion-vial-cercana
V35_0,V34_1,0.444,1.0,0.444,0.444,0.444,0.444,0.444,0.489,0.533,0.622,0.711,0.667,0.578,0.533,0.489,0.533,0.578,0.622,0.667,0.756,0.8,0.711,0.622,0.533,0.489,0.489,0.444,conexion-vial-cercana
V35_0,V39_0,0.507,1.0,0.507,0.507,0.507,0.507,0.507,0.558,0.609,0.71,0.812,0.761,0.659,0.609,0.558,0.609,0.659,0.71,0.761,0.862,0.913,0.812,0.71,0.609,0.558,0.558,0.507,conexion-vial-cercana
V35_0,V34_2,0.533,1.0,0.533,0.533,0.533,0.533,0.533,0.586,0.64,0.746,0.853,0.799,0.693,0.64,0.586,0.64,0.693,0.746,0.799,0.906,0.959,0.853,0.746,0.64,0.586,0.586,0.533,conexion-vial-cercana
V35_0,V32_1,0.548,1.0,0.548,0.548,0.548,0.548,0.548,0.602,0.657,0.767,0.876,0.822,0.712,0.657,0.602,0.657,0.712,0.767,0.822,0.931,0.986,0.876,0.767,0.657,0.602,0.602,0.548,conexion-vial-cercana
V35_1,V39_0,0.068,1.0,0.068,0.068,0.068,0.068,0.068,0.075,0.081,0.095,0.108,0.102,0.088,0.081,0.075,0.081,0.088,0.095,0.102,0.115,0.122,0.108,0.095,0.081,0.075,0.075,0.068,conexion-vial-cercana
V35_1,V35_2,0.195,1.0,0.195,0.195,0.195,0.195,0.195,0.214,0.234,0.273,0.312,0.292,0.253,0.234,0.214,0.234,0.253,0.273,0.292,0.331,0.351,0.312,0.273,0.234,0.214,0.214,0.195,conexion-vial-cercana
V35_1,V37_0,0.22,1.0,0.22,0.22,0.22,0.22,0.22,0.242,0.264,0.308,0.352,0.33,0.286,0.264,0.242,0.264,0.286,0.308,0.33,0.374,0.396,0.352,0.308,0.264,0.242,0.242,0.22,conexion-vial-cercana
V35_1,V29_2,0.228,1.0,0.228,0.228,0.228,0.228,0.228,0.251,0.273,0.319,0.365,0.342,0.296,0.273,0.251,0.273,0.296,0.319,0.342,0.387,0.41,0.365,0.319,0.273,0.251,0.251,0.228,conexion-vial-cercana
V35_1,V37_1,0.26,1.0,0.26,0.26,0.26,0.26,0.26,0.286,0.312,0.364,0.416,0.39,0.338,0.312,0.286,0.312,0.338,0.364,0.39,0.442,0.468,0.416,0.364,0.312,0.286,0.286,0.26,conexion-vial-cercana
V35_1,V36_0,0.291,1.0,0.291,0.291,0.291,0.291,0.291,0.32,0.349,0.407,0.465,0.436,0.378,0.349,0.32,0.349,0.378,0.407,0.436,0.494,0.523,0.465,0.407,0.349,0.32,0.32,0.291,conexion-vial-cercana
V35_1,V37_2,0.291,1.0,0.291,0.291,0.291,0.291,0.291,0.32,0.349,0.407,0.465,0.436,0.378,0.349,0.32,0.349,0.378,0.407,0.436,0.494,0.523,0.465,0.407,0.349,0.32,0.32,0.291,conexion-vial-cercana
V35_1,V29_0,0.296,1.0,0.296,0.296,0.296,0.296,0.296,0.325,0.355,0.414,0.473,0.443,0.384,0.355,0.325,0.355,0.384,0.414,0.443,0.502,0.532,0.473,0.414,0.355,0.325,0.325,0.296,conexion-vial-cercana
V35_2,V37_0,0.035,1.0,0.035,0.035,0.035,0.035,0.035,0.039,0.042,0.049,0.056,0.053,0.046,0.042,0.039,0.042,0.046,0.049,0.053,0.06,0.063,0.056,0.049,0.042,0.039,0.039,0.035,conexion-vial-cercana
V35_2,V29_2,0.055,1.0,0.055,0.055,0.055,0.055,0.055,0.061,0.067,0.078,0.089,0.083,0.072,0.067,0.061,0.067,0.072,0.078,0.083,0.094,0.1,0.089,0.078,0.067,0.061,0.061,0.055,conexion-vial-cercana
V35_2,V37_1,0.069,1.0,0.069,0.069,0.069,0.069,0.069,0.076,0.083,0.097,0.11,0.103,0.09,0.083,0.076,0.083,0.09,0.097,0.103,0.117,0.124,0.11,0.097,0.083,0.076,0.076,0.069,conexion-vial-cercana
V35_2,V36_0,0.098,1.0,0.098,0.098,0.098,0.098,0.098,0.107,0.117,0.137,0.156,0.147,0.127,0.117,0.107,0.117,0.127,0.137,0.147,0.166,0.176,0.156,0.137,0.117,0.107,0.107,0.098,conexion-vial-cercana
V35_2,V37_2,0.098,1.0,0.098,0.098,0.098,0.098,0.098,0.107,0.117,0.137,0.156,0.147,0.127,0.117,0.107,0.117,0.127,0.137,0.147,0.166,0.176,0.156,0.137,0.117,0.107,0.107,0.098,conexion-vial-cercana
V35_2,V29_0,0.109,1.0,0.109,0.109,0.109,0.109,0.109,0.12,0.131,0.153,0.175,0.164,0.142,0.131,0.12,0.131,0.142,0.153,0.164,0.186,0.197,0.175,0.153,0.131,0.12,0.12,0.109,conexion-vial-cercana
V35_2,V29_1,0.109,1.0,0.109,0.109,0.109,0.109,0.109,0.12,0.131,0.153,0.175,0.164,0.142,0.131,0.12,0.131,0.142,0.153,0.164,0.186,0.197,0.175,0.153,0.131,0.12,0.12,0.109,conexion-vial-cercana
V35_2,V35_1,0.195,1.0,0.195,0.195,0.195,0.195,0.195,0.214,0.234,0.273,0.312,0.292,0.253,0.234,0.214,0.234,0.253,0.273,0.292,0.331,0.351,0.312,0.273,0.234,0.214,0.214,0.195,conexion-vial-cercana
V36_0,V37_2,0.0,1.0,0.0,0.0,0.0,0.0,0.0,0.0,0.0,0.0,0.0,0.0,0.0,0.0,0.0,0.0,0.0,0.0,0.0,0.0,0.0,0.0,0.0,0.0,0.0,0.0,0.0,conexion-vial-cercana
V36_0,V29_0,0.029,1.0,0.029,0.035,0.035,0.032,0.032,0.038,0.044,0.053,0.058,0.058,0.053,0.044,0.041,0.044,0.047,0.05,0.056,0.058,0.058,0.056,0.05,0.044,0.041,0.038,0.035,conexion-vial-cercana
V36_0,V29_1,0.029,1.0,0.029,0.035,0.035,0.032,0.032,0.038,0.044,0.053,0.058,0.058,0.053,0.044,0.041,0.044,0.047,0.05,0.056,0.058,0.058,0.056,0.05,0.044,0.041,0.038,0.035,conexion-vial-cercana
V36_0,V37_1,0.031,1.0,0.031,0.038,0.038,0.034,0.034,0.041,0.047,0.056,0.063,0.063,0.056,0.047,0.044,0.047,0.05,0.053,0.06,0.063,0.063,0.06,0.053,0.047,0.044,0.041,0.038,conexion-vial-cercana
V36_0,V37_0,0.071,1.0,0.071,0.086,0.086,0.079,0.079,0.093,0.107,0.129,0.143,0.143,0.129,0.107,0.1,0.107,0.114,0.121,0.136,0.143,0.143,0.136,0.121,0.107,0.1,0.093,0.086,conexion-vial-cercana
V36_0,V29_2,0.072,1.0,0.072,0.086,0.086,0.079,0.079,0.093,0.107,0.129,0.143,0.143,0.129,0.107,0.1,0.107,0.114,0.122,0.136,0.143,0.143,0.136,0.122,0.107,0.1,0.093,0.086,conexion-vial-cercana
V36_0,V35_2,0.098,1.0,0.098,0.117,0.117,0.107,0.107,0.127,0.147,0.176,0.195,0.195,0.176,0.147,0.137,0.147,0.156,0.166,0.186,0.195,0.195,0.186,0.166,0.147,0.137,0.127,0.117,conexion-vial-cercana
V36_0,V36_1,0.241,1.0,0.241,0.289,0.289,0.265,0.265,0.313,0.362,0.434,0.482,0.482,0.434,0.362,0.337,0.362,0.386,0.41,0.458,0.482,0.482,0.458,0.41,0.362,0.337,0.313,0.289,conexion-vial-cercana
V36_1,V36_0,0.241,1.0,0.241,0.289,0.289,0.265,0.265,0.313,0.362,0.434,0.482,0.482,0.434,0.362,0.337,0.362,0.386,0.41,0.458,0.482,0.482,0.458,0.41,0.362,0.337,0.313,0.289,conexion-vial-cercana
V36_1,V37_2,0.241,1.0,0.241,0.289,0.289,0.265,0.265,0.313,0.362,0.434,0.482,0.482,0.434,0.362,0.337,0.362,0.386,0.41,0.458,0.482,0.482,0.458,0.41,0.362,0.337,0.313,0.289,conexion-vial-cercana
V36_1,V29_0,0.246,1.0,0.246,0.295,0.295,0.271,0.271,0.32,0.369,0.443,0.492,0.492,0.443,0.369,0.344,0.369,0.394,0.418,0.467,0.492,0.492,0.467,0.418,0.369,0.344,0.32,0.295,conexion-vial-cercana
V36_1,V29_1,0.246,1.0,0.246,0.295,0.295,0.271,0.271,0.32,0.369,0.443,0.492,0.492,0.443,0.369,0.344,0.369,0.394,0.418,0.467,0.492,0.492,0.467,0.418,0.369,0.344,0.32,0.295,conexion-vial-cercana
V36_1,V37_1,0.272,1.0,0.272,0.327,0.327,0.3,0.3,0.354,0.409,0.49,0.545,0.545,0.49,0.409,0.381,0.409,0.436,0.463,0.518,0.545,0.545,0.518,0.463,0.409,0.381,0.354,0.327,conexion-vial-cercana
V36_1,V29_2,0.311,1.0,0.311,0.374,0.374,0.343,0.343,0.405,0.467,0.56,0.623,0.623,0.56,0.467,0.436,0.467,0.498,0.529,0.592,0.623,0.623,0.592,0.529,0.467,0.436,0.405,0.374,conexion-vial-cercana
V36_1,V37_0,0.312,1.0,0.312,0.375,0.375,0.343,0.343,0.406,0.468,0.562,0.624,0.624,0.562,0.468,0.437,0.468,0.5,0.531,0.593,0.624,0.624,0.593,0.531,0.468,0.437,0.406,0.375,conexion-vial-cercana
V36_1,V41_2,0.333,1.0,0.333,0.4,0.4,0.367,0.367,0.433,0.5,0.6,0.666,0.666,0.6,0.5,0.467,0.5,0.533,0.566,0.633,0.666,0.666,0.633,0.566,0.5,0.467,0.433,0.4,conexion-vial-cercana
V36_2,V41_2,0.088,1.0,0.088,0.106,0.106,0.097,0.097,0.115,0.132,0.159,0.176,0.176,0.159,0.132,0.123,0.132,0.141,0.15,0.167,0.176,0.176,0.167,0.15,0.132,0.123,0.115,0.106,conexion-vial-cercana
V36_2,V41_1,0.288,1.0,0.288,0.346,0.346,0.317,0.317,0.375,0.432,0.519,0.576,0.576,0.519,0.432,0.403,0.432,0.461,0.49,0.548,0.576,0.576,0.548,0.49,0.432,0.403,0.375,0.346,conexion-vial-cercana
V36_2,V40_2,0.296,1.0,0.296,0.355,0.355,0.325,0.325,0.384,0.444,0.532,0.591,0.591,0.532,0.444,0.414,0.444,0.473,0.503,0.562,0.591,0.591,0.562,0.503,0.444,0.414,0.384,0.355,conexion-vial-cercana
V36_2,V44_0,0.35,1.0,0.35,0.42,0.42,0.385,0.385,0.455,0.525,0.63,0.7,0.7,0.63,0.525,0.49,0.525,0.56,0.595,0.665,0.7,0.7,0.665,0.595,0.525,0.49,0.455,0.42,conexion-vial-cercana
V36_2,V44_2,0.375,1.0,0.375,0.449,0.449,0.412,0.412,0.487,0.562,0.674,0.749,0.749,0.674,0.562,0.524,0.562,0.599,0.637,0.712,0.749,0.749,0.712,0.637,0.562,0.524,0.487,0.449,conexion-vial-cercana
V36_2,V41_0,0.384,1.0,0.384,0.46,0.46,0.422,0.422,0.499,0.576,0.691,0.767,0.767,0.691,0.576,0.537,0.576,0.614,0.652,0.729,0.767,0.767,0.729,0.652,0.576,0.537,0.499,0.46,conexion-vial-cercana
V36_2,V42_2,0.384,1.0,0.384,0.46,0.46,0.422,0.422,0.499,0.576,0.691,0.767,0.767,0.691,0.576,0.537,0.576,0.614,0.652,0.729,0.767,0.767,0.729,0.652,0.576,0.537,0.499,0.46,conexion-vial-cercana
V36_2,V42_1,0.413,1.0,0.413,0.495,0.495,0.454,0.454,0.536,0.619,0.743,0.825,0.825,0.743,0.619,0.578,0.619,0.66,0.701,0.784,0.825,0.825,0.784,0.701,0.619,0.578,0.536,0.495,conexion-vial-cercana
V37_0,V29_2,0.022,1.0,0.022,0.027,0.027,0.024,0.024,0.029,0.033,0.04,0.044,0.044,0.04,0.033,0.031,0.033,0.035,0.038,0.042,0.044,0.044,0.042,0.038,0.033,0.031,0.029,0.027,conexion-vial-cercana
V37_0,V35_2,0.035,1.0,0.035,0.042,0.042,0.039,0.039,0.046,0.053,0.063,0.07,0.07,0.063,0.053,0.049,0.053,0.056,0.06,0.067,0.07,0.07,0.067,0.06,0.053,0.049,0.046,0.042,conexion-vial-cercana
V37_0,V37_1,0.04,1.0,0.04,0.048,0.048,0.044,0.044,0.052,0.06,0.072,0.08,0.08,0.072,0.06,0.056,0.06,0.064,0.068,0.076,0.08,0.08,0.076,0.068,0.06,0.056,0.052,0.048,conexion-vial-cercana
V37_0,V36_0,0.071,1.0,0.071,0.086,0.086,0.079,0.079,0.093,0.107,0.129,0.143,0.143,0.129,0.107,0.1,0.107,0.114,0.121,0.136,0.143,0.143,0.136,0.121,0.107,0.1,0.093,0.086,conexion-vial-cercana
V37_0,V37_2,0.071,1.0,0.071,0.086,0.086,0.079,0.079,0.093,0.107,0.129,0.143,0.143,0.129,0.107,0.1,0.107,0.114,0.121,0.136,0.143,0.143,0.136,0.121,0.107,0.1,0.093,0.086,conexion-vial-cercana
V37_0,V29_0,0.077,1.0,0.077,0.092,0.092,0.085,0.085,0.1,0.115,0.138,0.154,0.154,0.138,0.115,0.108,0.115,0.123,0.131,0.146,0.154,0.154,0.146,0.131,0.115,0.108,0.1,0.092,conexion-vial-cercana
V37_0,V29_1,0.077,1.0,0.077,0.092,0.092,0.085,0.085,0.1,0.115,0.138,0.154,0.154,0.138,0.115,0.108,0.115,0.123,0.131,0.146,0.154,0.154,0.146,0.131,0.115,0.108,0.1,0.092,conexion-vial-cercana
V37_0,V35_1,0.22,1.0,0.22,0.264,0.264,0.242,0.242,0.286,0.33,0.396,0.44,0.44,0.396,0.33,0.308,0.33,0.352,0.374,0.418,0.44,0.44,0.418,0.374,0.33,0.308,0.286,0.264,conexion-vial-cercana
V37_1,V36_0,0.031,1.0,0.031,0.038,0.038,0.034,0.034,0.041,0.047,0.056,0.063,0.063,0.056,0.047,0.044,0.047,0.05,0.053,0.06,0.063,0.063,0.06,0.053,0.047,0.044,0.041,0.038,conexion-vial-cercana
V37_1,V37_2,0.031,1.0,0.031,0.038,0.038,0.034,0.034,0.041,0.047,0.056,0.063,0.063,0.056,0.047,0.044,0.047,0.05,0.053,0.06,0.063,0.063,0.06,0.053,0.047,0.044,0.041,0.038,conexion-vial-cercana
V37_1,V37_0,0.04,1.0,0.04,0.048,0.048,0.044,0.044,0.052,0.06,0.072,0.08,0.08,0.072,0.06,0.056,0.06,0.064,0.068,0.076,0.08,0.08,0.076,0.068,0.06,0.056,0.052,0.048,conexion-vial-cercana
V37_1,V29_0,0.041,1.0,0.041,0.05,0.05,0.045,0.045,0.054,0.062,0.074,0.083,0.083,0.074,0.062,0.058,0.062,0.066,0.07,0.079,0.083,0.083,0.079,0.07,0.062,0.058,0.054,0.05,conexion-vial-cercana
V37_1,V29_1,0.041,1.0,0.041,0.05,0.05,0.045,0.045,0.054,0.062,0.074,0.083,0.083,0.074,0.062,0.058,0.062,0.066,0.07,0.079,0.083,0.083,0.079,0.07,0.062,0.058,0.054,0.05,conexion-vial-cercana
V37_1,V29_2,0.042,1.0,0.042,0.05,0.05,0.046,0.046,0.054,0.063,0.075,0.084,0.084,0.075,0.063,0.059,0.063,0.067,0.071,0.08,0.084,0.084,0.08,0.071,0.063,0.059,0.054,0.05,conexion-vial-cercana
V37_1,V35_2,0.069,1.0,0.069,0.083,0.083,0.076,0.076,0.09,0.103,0.124,0.138,0.138,0.124,0.103,0.097,0.103,0.11,0.117,0.131,0.138,0.138,0.131,0.117,0.103,0.097,0.09,0.083,conexion-vial-cercana
V37_1,V35_1,0.26,1.0,0.26,0.312,0.312,0.286,0.286,0.338,0.39,0.468,0.52,0.52,0.468,0.39,0.364,0.39,0.416,0.442,0.494,0.52,0.52,0.494,0.442,0.39,0.364,0.338,0.312,conexion-vial-cercana
V37_2,V36_0,0.0,1.0,0.0,0.0,0.0,0.0,0.0,0.0,0.0,0.0,0.0,0.0,0.0,0.0,0.0,0.0,0.0,0.0,0.0,0.0,0.0,0.0,0.0,0.0,0.0,0.0,0.0,conexion-vial-cercana
V37_2,V29_0,0.029,1.0,0.029,0.035,0.035,0.032,0.032,0.038,0.044,0.053,0.058,0.058,0.053,0.044,0.041,0.044,0.047,0.05,0.056,0.058,0.058,0.056,0.05,0.044,0.041,0.038,0.035,conexion-vial-cercana
V37_2,V29_1,0.029,1.0,0.029,0.035,0.035,0.032,0.032,0.038,0.044,0.053,0.058,0.058,0.053,0.044,0.041,0.044,0.047,0.05,0.056,0.058,0.058,0.056,0.05,0.044,0.041,0.038,0.035,conexion-vial-cercana
V37_2,V37_1,0.031,1.0,0.031,0.038,0.038,0.034,0.034,0.041,0.047,0.056,0.063,0.063,0.056,0.047,0.044,0.047,0.05,0.053,0.06,0.063,0.063,0.06,0.053,0.047,0.044,0.041,0.038,conexion-vial-cercana
V37_2,V37_0,0.071,1.0,0.071,0.086,0.086,0.079,0.079,0.093,0.107,0.129,0.143,0.143,0.129,0.107,0.1,0.107,0.114,0.121,0.136,0.143,0.143,0.136,0.121,0.107,0.1,0.093,0.086,conexion-vial-cercana
V37_2,V29_2,0.072,1.0,0.072,0.086,0.086,0.079,0.079,0.093,0.107,0.129,0.143,0.143,0.129,0.107,0.1,0.107,0.114,0.122,0.136,0.143,0.143,0.136,0.122,0.107,0.1,0.093,0.086,conexion-vial-cercana
V37_2,V35_2,0.098,1.0,0.098,0.117,0.117,0.107,0.107,0.127,0.147,0.176,0.195,0.195,0.176,0.147,0.137,0.147,0.156,0.166,0.186,0.195,0.195,0.186,0.166,0.147,0.137,0.127,0.117,conexion-vial-cercana
V37_2,V36_1,0.241,1.0,0.241,0.289,0.289,0.265,0.265,0.313,0.362,0.434,0.482,0.482,0.434,0.362,0.337,0.362,0.386,0.41,0.458,0.482,0.482,0.458,0.41,0.362,0.337,0.313,0.289,conexion-vial-cercana
V38_0,V38_1,0.0,1.0,0.0,0.0,0.0,0.0,0.0,0.0,0.0,0.0,0.0,0.0,0.0,0.0,0.0,0.0,0.0,0.0,0.0,0.0,0.0,0.0,0.0,0.0,0.0,0.0,0.0,conexion-vial-cercana
V38_0,V27_0,0.017,1.0,0.017,0.017,0.017,0.017,0.017,0.019,0.02,0.024,0.027,0.025,0.022,0.02,0.019,0.02,0.022,0.024,0.025,0.029,0.03,0.027,0.024,0.02,0.019,0.019,0.017,conexion-vial-cercana
V38_0,V27_1,0.017,1.0,0.017,0.017,0.017,0.017,0.017,0.019,0.02,0.024,0.027,0.025,0.022,0.02,0.019,0.02,0.022,0.024,0.025,0.029,0.03,0.027,0.024,0.02,0.019,0.019,0.017,conexion-vial-cercana
V38_0,V38_2,0.072,1.0,0.072,0.072,0.072,0.072,0.072,0.08,0.087,0.101,0.116,0.109,0.094,0.087,0.08,0.087,0.094,0.101,0.109,0.123,0.13,0.116,0.101,0.087,0.08,0.08,0.072,conexion-vial-cercana
V38_0,V26_0,0.074,1.0,0.074,0.074,0.074,0.074,0.074,0.081,0.089,0.103,0.118,0.111,0.096,0.089,0.081,0.089,0.096,0.103,0.111,0.126,0.133,0.118,0.103,0.089,0.081,0.081,0.074,conexion-vial-cercana
V38_0,V27_2,0.074,1.0,0.074,0.074,0.074,0.074,0.074,0.081,0.089,0.103,0.118,0.111,0.096,0.089,0.081,0.089,0.096,0.103,0.111,0.126,0.133,0.118,0.103,0.089,0.081,0.081,0.074,conexion-vial-cercana
V38_0,V40_1,0.116,1.0,0.116,0.116,0.116,0.116,0.116,0.128,0.139,0.162,0.185,0.174,0.151,0.139,0.128,0.139,0.151,0.162,0.174,0.197,0.209,0.185,0.162,0.139,0.128,0.128,0.116,conexion-vial-cercana
V38_0,V26_1,0.126,1.0,0.126,0.126,0.126,0.126,0.126,0.139,0.151,0.177,0.202,0.189,0.164,0.151,0.139,0.151,0.164,0.177,0.189,0.214,0.227,0.202,0.177,0.151,0.139,0.139,0.126,conexion-vial-cercana
V38_1,V38_0,0.0,1.0,0.0,0.0,0.0,0.0,0.0,0.0,0.0,0.0,0.0,0.0,0.0,0.0,0.0,0.0,0.0,0.0,0.0,0.0,0.0,0.0,0.0,0.0,0.0,0.0,0.0,conexion-vial-cercana
V38_1,V27_0,0.017,1.0,0.017,0.017,0.017,0.017,0.017,0.019,0.02,0.024,0.027,0.025,0.022,0.02,0.019,0.02,0.022,0.024,0.025,0.029,0.03,0.027,0.024,0.02,0.019,0.019,0.017,conexion-vial-cercana
V38_1,V27_1,0.017,1.0,0.017,0.017,0.017,0.017,0.017,0.019,0.02,0.024,0.027,0.025,0.022,0.02,0.019,0.02,0.022,0.024,0.025,0.029,0.03,0.027,0.024,0.02,0.019,0.019,0.017,conexion-vial-cercana
V38_1,V38_2,0.072,1.0,0.072,0.072,0.072,0.072,0.072,0.08,0.087,0.101,0.116,0.109,0.094,0.087,0.08,0.087,0.094,0.101,0.109,0.123,0.13,0.116,0.101,0.087,0.08,0.08,0.072,conexion-vial-cercana
V38_1,V26_0,0.074,1.0,0.074,0.074,0.074,0.074,0.074,0.081,0.089,0.103,0.118,0.111,0.096,0.089,0.081,0.089,0.096,0.103,0.111,0.126,0.133,0.118,0.103,0.089,0.081,0.081,0.074,conexion-vial-cercana
V38_1,V27_2,0.074,1.0,0.074,0.074,0.074,0.074,0.074,0.081,0.089,0.103,0.118,0.111,0.096,0.089,0.081,0.089,0.096,0.103,0.111,0.126,0.133,0.118,0.103,0.089,0.081,0.081,0.074,conexion-vial-cercana
V38_1,V40_1,0.116,1.0,0.116,0.116,0.116,0.116,0.116,0.128,0.139,0.162,0.185,0.174,0.151,0.139,0.128,0.139,0.151,0.162,0.174,0.197,0.209,0.185,0.162,0.139,0.128,0.128,0.116,conexion-vial-cercana
V38_1,V26_1,0.126,1.0,0.126,0.126,0.126,0.126,0.126,0.139,0.151,0.177,0.202,0.189,0.164,0.151,0.139,0.151,0.164,0.177,0.189,0.214,0.227,0.202,0.177,0.151,0.139,0.139,0.126,conexion-vial-cercana
V38_2,V26_0,0.016,1.0,0.016,0.016,0.016,0.016,0.016,0.017,0.019,0.022,0.025,0.024,0.021,0.019,0.017,0.019,0.021,0.022,0.024,0.027,0.029,0.025,0.022,0.019,0.017,0.017,0.016,conexion-vial-cercana
V38_2,V27_2,0.016,1.0,0.016,0.016,0.016,0.016,0.016,0.017,0.019,0.022,0.025,0.024,0.021,0.019,0.017,0.019,0.021,0.022,0.024,0.027,0.029,0.025,0.022,0.019,0.017,0.017,0.016,conexion-vial-cercana
V38_2,V26_1,0.055,1.0,0.055,0.055,0.055,0.055,0.055,0.06,0.066,0.077,0.088,0.082,0.071,0.066,0.06,0.066,0.071,0.077,0.082,0.093,0.099,0.088,0.077,0.066,0.06,0.06,0.055,conexion-vial-cercana
V38_2,V40_1,0.064,1.0,0.064,0.064,0.064,0.064,0.064,0.071,0.077,0.09,0.103,0.096,0.083,0.077,0.071,0.077,0.083,0.09,0.096,0.109,0.115,0.103,0.09,0.077,0.071,0.071,0.064,conexion-vial-cercana
V38_2,V38_0,0.072,1.0,0.072,0.072,0.072,0.072,0.072,0.08,0.087,0.101,0.116,0.109,0.094,0.087,0.08,0.087,0.094,0.101,0.109,0.123,0.13,0.116,0.101,0.087,0.08,0.08,0.072,conexion-vial-cercana
V38_2,V38_1,0.072,1.0,0.072,0.072,0.072,0.072,0.072,0.08,0.087,0.101,0.116,0.109,0.094,0.087,0.08,0.087,0.094,0.101,0.109,0.123,0.13,0.116,0.101,0.087,0.08,0.08,0.072,conexion-vial-cercana
V38_2,V27_0,0.078,1.0,0.078,0.078,0.078,0.078,0.078,0.086,0.094,0.109,0.125,0.117,0.101,0.094,0.086,0.094,0.101,0.109,0.117,0.133,0.14,0.125,0.109,0.094,0.086,0.086,0.078,conexion-vial-cercana
V38_2,V27_1,0.078,1.0,0.078,0.078,0.078,0.078,0.078,0.086,0.094,0.109,0.125,0.117,0.101,0.094,0.086,0.094,0.101,0.109,0.117,0.133,0.14,0.125,0.109,0.094,0.086,0.086,0.078,conexion-vial-cercana
V39_0,V35_1,0.068,1.0,0.068,0.068,0.068,0.068,0.068,0.075,0.081,0.095,0.108,0.102,0.088,0.081,0.075,0.081,0.088,0.095,0.102,0.115,0.122,0.108,0.095,0.081,0.075,0.075,0.068,conexion-vial-cercana
V39_0,V35_2,0.246,1.0,0.246,0.246,0.246,0.246,0.246,0.27,0.295,0.344,0.393,0.368,0.319,0.295,0.27,0.295,0.319,0.344,0.368,0.417,0.442,0.393,0.344,0.295,0.27,0.27,0.246,conexion-vial-cercana
V39_0,V37_0,0.265,1.0,0.265,0.265,0.265,0.265,0.265,0.292,0.318,0.371,0.424,0.398,0.345,0.318,0.292,0.318,0.345,0.371,0.398,0.451,0.477,0.424,0.371,0.318,0.292,0.292,0.265,conexion-vial-cercana
V39_0,V29_2,0.268,1.0,0.268,0.268,0.268,0.268,0.268,0.295,0.322,0.376,0.429,0.402,0.349,0.322,0.295,0.322,0.349,0.376,0.402,0.456,0.483,0.429,0.376,0.322,0.295,0.295,0.268,conexion-vial-cercana
V39_0,V37_1,0.305,1.0,0.305,0.305,0.305,0.305,0.305,0.336,0.366,0.427,0.488,0.458,0.397,0.366,0.336,0.366,0.397,0.427,0.458,0.519,0.549,0.488,0.427,0.366,0.336,0.336,0.305,conexion-vial-cercana
V39_0,V29_0,0.336,1.0,0.336,0.336,0.336,0.336,0.336,0.37,0.404,0.471,0.538,0.505,0.437,0.404,0.37,0.404,0.437,0.471,0.505,0.572,0.605,0.538,0.471,0.404,0.37,0.37,0.336,conexion-vial-cercana
V39_0,V29_1,0.336,1.0,0.336,0.336,0.336,0.336,0.336,0.37,0.404,0.471,0.538,0.505,0.437,0.404,0.37,0.404,0.437,0.471,0.505,0.572,0.605,0.538,0.471,0.404,0.37,0.37,0.336,conexion-vial-cercana
V39_0,V36_0,0.336,1.0,0.336,0.336,0.336,0.336,0.336,0.37,0.404,0.471,0.538,0.505,0.437,0.404,0.37,0.404,0.437,0.471,0.505,0.572,0.605,0.538,0.471,0.404,0.37,0.37,0.336,conexion-vial-cercana
V39_1,V28_1,0.082,1.0,0.082,0.082,0.082,0.082,0.082,0.091,0.099,0.115,0.132,0.124,0.107,0.099,0.091,0.099,0.107,0.115,0.124,0.14,0.148,0.132,0.115,0.099,0.091,0.091,0.082,conexion-vial-cercana
V39_1,V34_1,0.18,1.0,0.18,0.18,0.18,0.18,0.18,0.198,0.216,0.252,0.288,0.27,0.234,0.216,0.198,0.216,0.234,0.252,0.27,0.306,0.324,0.288,0.252,0.216,0.198,0.198,0.18,conexion-vial-cercana
V39_1,V34_0,0.184,1.0,0.184,0.184,0.184,0.184,0.184,0.202,0.221,0.258,0.294,0.276,0.239,0.221,0.202,0.221,0.239,0.258,0.276,0.313,0.331,0.294,0.258,0.221,0.202,0.202,0.184,conexion-vial-cercana
V39_1,V28_0,0.199,1.0,0.199,0.199,0.199,0.199,0.199,0.219,0.239,0.279,0.319,0.299,0.259,0.239,0.219,0.239,0.259,0.279,0.299,0.339,0.358,0.319,0.279,0.239,0.219,0.219,0.199,conexion-vial-cercana
V39_1,V34_2,0.257,1.0,0.257,0.257,0.257,0.257,0.257,0.282,0.308,0.359,0.411,0.385,0.334,0.308,0.282,0.308,0.334,0.359,0.385,0.436,0.462,0.411,0.359,0.308,0.282,0.282,0.257,conexion-vial-cercana
V39_1,V35_0,0.277,1.0,0.277,0.277,0.277,0.277,0.277,0.305,0.332,0.388,0.443,0.415,0.36,0.332,0.305,0.332,0.36,0.388,0.415,0.471,0.498,0.443,0.388,0.332,0.305,0.305,0.277,conexion-vial-cercana
V39_1,V32_0,0.281,1.0,0.281,0.281,0.281,0.281,0.281,0.309,0.338,0.394,0.45,0.422,0.366,0.338,0.309,0.338,0.366,0.394,0.422,0.478,0.506,0.45,0.394,0.338,0.309,0.309,0.281,conexion-vial-cercana
V39_1,V32_1,0.283,1.0,0.283,0.283,0.283,0.283,0.283,0.311,0.339,0.396,0.453,0.424,0.368,0.339,0.311,0.339,0.368,0.396,0.424,0.481,0.509,0.453,0.396,0.339,0.311,0.311,0.283,conexion-vial-cercana
V39_2,V33_2,0.069,1.0,0.069,0.069,0.069,0.069,0.069,0.076,0.083,0.096,0.11,0.103,0.09,0.083,0.076,0.083,0.09,0.096,0.103,0.117,0.124,0.11,0.096,0.083,0.076,0.076,0.069,conexion-vial-cercana
V39_2,V31_2,0.142,1.0,0.142,0.142,0.142,0.142,0.142,0.156,0.17,0.198,0.226,0.212,0.184,0.17,0.156,0.17,0.184,0.198,0.212,0.241,0.255,0.226,0.198,0.17,0.156,0.156,0.142,conexion-vial-cercana
V39_2,V33_0,0.142,1.0,0.142,0.142,0.142,0.142,0.142,0.156,0.17,0.198,0.226,0.212,0.184,0.17,0.156,0.17,0.184,0.198,0.212,0.241,0.255,0.226,0.198,0.17,0.156,0.156,0.142,conexion-vial-cercana
V39_2,V33_1,0.142,1.0,0.142,0.142,0.142,0.142,0.142,0.156,0.17,0.198,0.226,0.212,0.184,0.17,0.156,0.17,0.184,0.198,0.212,0.241,0.255,0.226,0.198,0.17,0.156,0.156,0.142,conexion-vial-cercana
V39_2,V28_2,0.173,1.0,0.173,0.173,0.173,0.173,0.173,0.19,0.207,0.242,0.277,0.259,0.225,0.207,0.19,0.207,0.225,0.242,0.259,0.294,0.311,0.277,0.242,0.207,0.19,0.19,0.173,conexion-vial-cercana
V39_2,V34_2,0.208,1.0,0.208,0.208,0.208,0.208,0.208,0.228,0.249,0.291,0.332,0.311,0.27,0.249,0.228,0.249,0.27,0.291,0.311,0.353,0.374,0.332,0.291,0.249,0.228,0.228,0.208,conexion-vial-cercana
V39_2,V34_1,0.258,1.0,0.258,0.258,0.258,0.258,0.258,0.284,0.31,0.361,0.413,0.387,0.335,0.31,0.284,0.31,0.335,0.361,0.387,0.438,0.464,0.413,0.361,0.31,0.284,0.284,0.258,conexion-vial-cercana
V39_2,V32_0,0.262,1.0,0.262,0.262,0.262,0.262,0.262,0.288,0.314,0.367,0.419,0.393,0.341,0.314,0.288,0.314,0.341,0.367,0.393,0.446,0.472,0.419,0.367,0.314,0.288,0.288,0.262,conexion-vial-cercana
V40_0,V40_1,0.126,1.0,0.126,0.126,0.126,0.126,0.126,0.126,0.139,0.152,0.164,0.164,0.152,0.139,0.139,0.139,0.152,0.152,0.164,0.177,0.19,0.177,0.164,0.152,0.139,0.126,0.126,conexion-vial-cercana
V40_0,V38_2,0.187,1.0,0.187,0.187,0.187,0.187,0.187,0.187,0.205,0.224,0.242,0.242,0.224,0.205,0.205,0.205,0.224,0.224,0.242,0.261,0.28,0.261,0.242,0.224,0.205,0.187,0.187,conexion-vial-cercana
V40_0,V43_0,0.191,1.0,0.191,0.191,0.191,0.191,0.191,0.191,0.21,0.229,0.248,0.248,0.229,0.21,0.21,0.21,0.229,0.229,0.248,0.267,0.286,0.267,0.248,0.229,0.21,0.191,0.191,conexion-vial-cercana
V40_0,V26_1,0.201,1.0,0.201,0.201,0.201,0.201,0.201,0.201,0.221,0.241,0.261,0.261,0.241,0.221,0.221,0.221,0.241,0.241,0.261,0.281,0.301,0.281,0.261,0.241,0.221,0.201,0.201,conexion-vial-cercana
V40_0,V26_0,0.202,1.0,0.202,0.202,0.202,0.202,0.202,0.202,0.222,0.243,0.263,0.263,0.243,0.222,0.222,0.222,0.243,0.243,0.263,0.283,0.303,0.283,0.263,0.243,0.222,0.202,0.202,conexion-vial-cercana
V40_0,V27_2,0.202,1.0,0.202,0.202,0.202,0.202,0.202,0.202,0.222,0.243,0.263,0.263,0.243,0.222,0.222,0.222,0.243,0.243,0.263,0.283,0.303,0.283,0.263,0.243,0.222,0.202,0.202,conexion-vial-cercana
V40_0,V44_2,0.203,1.0,0.203,0.203,0.203,0.203,0.203,0.203,0.224,0.244,0.264,0.264,0.244,0.224,0.224,0.224,0.244,0.244,0.264,0.284,0.305,0.284,0.264,0.244,0.224,0.203,0.203,conexion-vial-cercana
V40_0,V26_2,0.205,1.0,0.205,0.205,0.205,0.205,0.205,0.205,0.226,0.246,0.267,0.267,0.246,0.226,0.226,0.226,0.246,0.246,0.267,0.287,0.308,0.287,0.267,0.246,0.226,0.205,0.205,conexion-vial-cercana
V40_1,V38_2,0.064,1.0,0.064,0.064,0.064,0.064,0.064,0.064,0.071,0.077,0.083,0.083,0.077,0.071,0.071,0.071,0.077,0.077,0.083,0.09,0.096,0.09,0.083,0.077,0.071,0.064,0.064,conexion-vial-cercana
V40_1,V26_1,0.077,1.0,0.077,0.077,0.077,0.077,0.077,0.077,0.085,0.093,0.1,0.1,0.093,0.085,0.085,0.085,0.093,0.093,0.1,0.108,0.116,0.108,0.1,0.093,0.085,0.077,0.077,conexion-vial-cercana
V40_1,V26_0,0.079,1.0,0.079,0.079,0.079,0.079,0.079,0.079,0.087,0.095,0.102,0.102,0.095,0.087,0.087,0.087,0.095,0.095,0.102,0.11,0.118,0.11,0.102,0.095,0.087,0.079,0.079,conexion-vial-cercana
V40_1,V27_2,0.079,1.0,0.079,0.079,0.079,0.079,0.079,0.079,0.087,0.095,0.102,0.102,0.095,0.087,0.087,0.087,0.095,0.095,0.102,0.11,0.118,0.11,0.102,0.095,0.087,0.079,0.079,conexion-vial-cercana
V40_1,V43_0,0.079,1.0,0.079,0.079,0.079,0.079,0.079,0.079,0.087,0.095,0.103,0.103,0.095,0.087,0.087,0.087,0.095,0.095,0.103,0.111,0.119,0.111,0.103,0.095,0.087,0.079,0.079,conexion-vial-cercana
V40_1,V26_2,0.09,1.0,0.09,0.09,0.09,0.09,0.09,0.09,0.099,0.108,0.117,0.117,0.108,0.099,0.099,0.099,0.108,0.108,0.117,0.126,0.135,0.126,0.117,0.108,0.099,0.09,0.09,conexion-vial-cercana
V40_1,V42_0,0.09,1.0,0.09,0.09,0.09,0.09,0.09,0.09,0.099,0.108,0.117,0.117,0.108,0.099,0.099,0.099,0.108,0.108,0.117,0.126,0.135,0.126,0.117,0.108,0.099,0.09,0.09,conexion-vial-cercana
V40_1,V42_1,0.106,1.0,0.106,0.106,0.106,0.106,0.106,0.106,0.116,0.127,0.137,0.137,0.127,0.116,0.116,0.116,0.127,0.127,0.137,0.148,0.158,0.148,0.137,0.127,0.116,0.106,0.106,conexion-vial-cercana
V40_2,V41_1,0.023,1.0,0.023,0.023,0.023,0.023,0.023,0.023,0.026,0.028,0.03,0.03,0.028,0.026,0.026,0.026,0.028,0.028,0.03,0.033,0.035,0.033,0.03,0.028,0.026,0.023,0.023,conexion-vial-cercana
V40_2,V44_2,0.079,1.0,0.079,0.079,0.079,0.079,0.079,0.079,0.087,0.095,0.103,0.103,0.095,0.087,0.087,0.087,0.095,0.095,0.103,0.11,0.118,0.11,0.103,0.095,0.087,0.079,0.079,conexion-vial-cercana
V40_2,V41_0,0.09,1.0,0.09,0.09,0.09,0.09,0.09,0.09,0.099,0.108,0.117,0.117,0.108,0.099,0.099,0.099,0.108,0.108,0.117,0.126,0.135,0.126,0.117,0.108,0.099,0.09,0.09,conexion-vial-cercana
V40_2,V42_2,0.09,1.0,0.09,0.09,0.09,0.09,0.09,0.09,0.099,0.108,0.117,0.117,0.108,0.099,0.099,0.099,0.108,0.108,0.117,0.126,0.135,0.126,0.117,0.108,0.099,0.09,0.09,conexion-vial-cercana
V40_2,V44_0,0.093,1.0,0.093,0.093,0.093,0.093,0.093,0.093,0.103,0.112,0.121,0.121,0.112,0.103,0.103,0.103,0.112,0.112,0.121,0.131,0.14,0.131,0.121,0.112,0.103,0.093,0.093,conexion-vial-cercana
V40_2,V42_1,0.117,1.0,0.117,0.117,0.117,0.117,0.117,0.117,0.129,0.141,0.153,0.153,0.141,0.129,0.129,0.129,0.141,0.141,0.153,0.164,0.176,0.164,0.153,0.141,0.129,0.117,0.117,conexion-vial-cercana
V40_2,V44_1,0.124,1.0,0.124,0.124,0.124,0.124,0.124,0.124,0.136,0.149,0.161,0.161,0.149,0.136,0.136,0.136,0.149,0.149,0.161,0.173,0.186,0.173,0.161,0.149,0.136,0.124,0.124,conexion-vial-cercana
V40_2,V43_1,0.127,1.0,0.127,0.127,0.127,0.127,0.127,0.127,0.14,0.152,0.165,0.165,0.152,0.14,0.14,0.14,0.152,0.152,0.165,0.178,0.19,0.178,0.165,0.152,0.14,0.127,0.127,conexion-vial-cercana
V41_0,V42_2,0.0,1.0,0.0,0.0,0.0,0.0,0.0,0.0,0.0,0.0,0.0,0.0,0.0,0.0,0.0,0.0,0.0,0.0,0.0,0.0,0.0,0.0,0.0,0.0,0.0,0.0,0.0,conexion-vial-cercana
V41_0,V44_2,0.018,1.0,0.018,0.022,0.022,0.02,0.02,0.024,0.028,0.033,0.037,0.037,0.033,0.028,0.026,0.028,0.03,0.031,0.035,0.037,0.037,0.035,0.031,0.028,0.026,0.024,0.022,conexion-vial-cercana
V41_0,V42_1,0.03,1.0,0.03,0.036,0.036,0.033,0.033,0.039,0.045,0.054,0.06,0.06,0.054,0.045,0.042,0.045,0.048,0.051,0.057,0.06,0.06,0.057,0.051,0.045,0.042,0.039,0.036,conexion-vial-cercana
V41_0,V44_1,0.037,1.0,0.037,0.044,0.044,0.041,0.041,0.048,0.056,0.067,0.074,0.074,0.067,0.056,0.052,0.056,0.059,0.063,0.07,0.074,0.074,0.07,0.063,0.056,0.052,0.048,0.044,conexion-vial-cercana
V41_0,V43_1,0.037,1.0,0.037,0.045,0.045,0.041,0.041,0.048,0.056,0.067,0.074,0.074,0.067,0.056,0.052,0.056,0.059,0.063,0.071,0.074,0.074,0.071,0.063,0.056,0.052,0.048,0.045,conexion-vial-cercana
V41_0,V43_0,0.053,1.0,0.053,0.064,0.064,0.059,0.059,0.069,0.08,0.096,0.107,0.107,0.096,0.08,0.075,0.08,0.085,0.091,0.102,0.107,0.107,0.102,0.091,0.08,0.075,0.069,0.064,conexion-vial-cercana
V41_0,V26_2,0.055,1.0,0.055,0.066,0.066,0.06,0.06,0.071,0.082,0.099,0.11,0.11,0.099,0.082,0.077,0.082,0.088,0.093,0.104,0.11,0.11,0.104,0.093,0.082,0.077,0.071,0.066,conexion-vial-cercana
V41_0,V42_0,0.055,1.0,0.055,0.066,0.066,0.06,0.06,0.071,0.082,0.099,0.11,0.11,0.099,0.082,0.077,0.082,0.088,0.093,0.104,0.11,0.11,0.104,0.093,0.082,0.077,0.071,0.066,conexion-vial-cercana
V41_1,V40_2,0.023,1.0,0.023,0.028,0.028,0.026,0.026,0.03,0.035,0.042,0.047,0.047,0.042,0.035,0.033,0.035,0.037,0.04,0.044,0.047,0.047,0.044,0.04,0.035,0.033,0.03,0.028,conexion-vial-cercana
V41_1,V44_0,0.08,1.0,0.08,0.096,0.096,0.088,0.088,0.104,0.12,0.144,0.16,0.16,0.144,0.12,0.112,0.12,0.128,0.136,0.152,0.16,0.16,0.152,0.136,0.12,0.112,0.104,0.096,conexion-vial-cercana
V41_1,V44_2,0.089,1.0,0.089,0.107,0.107,0.098,0.098,0.116,0.134,0.16,0.178,0.178,0.16,0.134,0.125,0.134,0.142,0.151,0.169,0.178,0.178,0.169,0.151,0.134,0.125,0.116,0.107,conexion-vial-cercana
V41_1,V41_0,0.096,1.0,0.096,0.115,0.115,0.105,0.105,0.125,0.144,0.173,0.192,0.192,0.173,0.144,0.134,0.144,0.153,0.163,0.182,0.192,0.192,0.182,0.163,0.144,0.134,0.125,0.115,conexion-vial-cercana
V41_1,V42_2,0.096,1.0,0.096,0.115,0.115,0.105,0.105,0.125,0.144,0.173,0.192,0.192,0.173,0.144,0.134,0.144,0.153,0.163,0.182,0.192,0.192,0.182,0.163,0.144,0.134,0.125,0.115,conexion-vial-cercana
V41_1,V42_1,0.125,1.0,0.125,0.15,0.15,0.138,0.138,0.163,0.188,0.225,0.25,0.25,0.225,0.188,0.175,0.188,0.2,0.213,0.238,0.25,0.25,0.238,0.213,0.188,0.175,0.163,0.15,conexion-vial-cercana
V41_1,V44_1,0.126,1.0,0.126,0.151,0.151,0.139,0.139,0.164,0.189,0.227,0.252,0.252,0.227,0.189,0.177,0.189,0.202,0.214,0.24,0.252,0.252,0.24,0.214,0.189,0.177,0.164,0.151,conexion-vial-cercana
V41_1,V43_1,0.132,1.0,0.132,0.159,0.159,0.146,0.146,0.172,0.198,0.238,0.265,0.265,0.238,0.198,0.185,0.198,0.212,0.225,0.251,0.265,0.265,0.251,0.225,0.198,0.185,0.172,0.159,conexion-vial-cercana
V41_2,V36_2,0.088,1.0,0.088,0.106,0.106,0.097,0.097,0.115,0.132,0.159,0.176,0.176,0.159,0.132,0.123,0.132,0.141,0.15,0.167,0.176,0.176,0.167,0.15,0.132,0.123,0.115,0.106,conexion-vial-cercana
V41_2,V36_1,0.333,1.0,0.333,0.4,0.4,0.367,0.367,0.433,0.5,0.6,0.666,0.666,0.6,0.5,0.467,0.5,0.533,0.566,0.633,0.666,0.666,0.633,0.566,0.5,0.467,0.433,0.4,conexion-vial-cercana
V41_2,V41_1,0.373,1.0,0.373,0.448,0.448,0.41,0.41,0.485,0.56,0.672,0.746,0.746,0.672,0.56,0.522,0.56,0.597,0.634,0.709,0.746,0.746,0.709,0.634,0.56,0.522,0.485,0.448,conexion-vial-cercana
V41_2,V40_2,0.379,1.0,0.379,0.455,0.455,0.417,0.417,0.492,0.568,0.682,0.758,0.758,0.682,0.568,0.53,0.568,0.606,0.644,0.72,0.758,0.758,0.72,0.644,0.568,0.53,0.492,0.455,conexion-vial-cercana
V41_2,V44_0,0.437,1.0,0.437,0.525,0.525,0.481,0.481,0.569,0.656,0.787,0.875,0.875,0.787,0.656,0.612,0.656,0.7,0.744,0.831,0.875,0.875,0.831,0.744,0.656,0.612,0.569,0.525,conexion-vial-cercana
V41_2,V44_2,0.458,1.0,0.458,0.549,0.549,0.503,0.503,0.595,0.687,0.824,0.915,0.915,0.824,0.687,0.641,0.687,0.732,0.778,0.87,0.915,0.915,0.87,0.778,0.687,0.641,0.595,0.549,conexion-vial-cercana
V41_2,V41_0,0.468,1.0,0.468,0.561,0.561,0.515,0.515,0.608,0.702,0.842,0.936,0.936,0.842,0.702,0.655,0.702,0.749,0.795,0.889,0.936,0.936,0.889,0.795,0.702,0.655,0.608,0.561,conexion-vial-cercana
V41_2,V42_2,0.468,1.0,0.468,0.561,0.561,0.515,0.515,0.608,0.702,0.842,0.936,0.936,0.842,0.702,0.655,0.702,0.749,0.795,0.889,0.936,0.936,0.889,0.795,0.702,0.655,0.608,0.561,conexion-vial-cercana
V42_0,V26_2,0.0,1.0,0.0,0.0,0.0,0.0,0.0,0.0,0.0,0.0,0.0,0.0,0.0,0.0,0.0,0.0,0.0,0.0,0.0,0.0,0.0,0.0,0.0,0.0,0.0,0.0,0.0,conexion-vial-cercana
V42_0,V43_0,0.016,1.0,0.016,0.019,0.019,0.017,0.017,0.02,0.023,0.028,0.031,0.031,0.028,0.023,0.022,0.023,0.025,0.026,0.03,0.031,0.031,0.03,0.026,0.023,0.022,0.02,0.019,conexion-vial-cercana
V42_0,V42_1,0.025,1.0,0.025,0.03,0.03,0.028,0.028,0.033,0.038,0.045,0.05,0.05,0.045,0.038,0.035,0.038,0.04,0.043,0.048,0.05,0.05,0.048,0.043,0.038,0.035,0.033,0.03,conexion-vial-cercana
V42_0,V43_1,0.027,1.0,0.027,0.033,0.033,0.03,0.03,0.036,0.041,0.049,0.055,0.055,0.049,0.041,0.038,0.041,0.044,0.047,0.052,0.055,0.055,0.052,0.047,0.041,0.038,0.036,0.033,conexion-vial-cercana
V42_0,V26_1,0.03,1.0,0.03,0.036,0.036,0.033,0.033,0.039,0.045,0.055,0.061,0.061,0.055,0.045,0.042,0.045,0.048,0.052,0.058,0.061,0.061,0.058,0.052,0.045,0.042,0.039,0.036,conexion-vial-cercana
V42_0,V43_2,0.043,1.0,0.043,0.052,0.052,0.048,0.048,0.056,0.065,0.078,0.087,0.087,0.078,0.065,0.061,0.065,0.069,0.074,0.082,0.087,0.087,0.082,0.074,0.065,0.061,0.056,0.052,conexion-vial-cercana
V42_0,V44_1,0.045,1.0,0.045,0.054,0.054,0.049,0.049,0.058,0.067,0.081,0.09,0.09,0.081,0.067,0.063,0.067,0.072,0.076,0.085,0.09,0.09,0.085,0.076,0.067,0.063,0.058,0.054,conexion-vial-cercana
V42_0,V41_0,0.055,1.0,0.055,0.066,0.066,0.06,0.06,0.071,0.082,0.099,0.11,0.11,0.099,0.082,0.077,0.082,0.088,0.093,0.104,0.11,0.11,0.104,0.093,0.082,0.077,0.071,0.066,conexion-vial-cercana
V42_1,V43_1,0.016,1.0,0.016,0.019,0.019,0.018,0.018,0.021,0.024,0.029,0.032,0.032,0.029,0.024,0.023,0.024,0.026,0.027,0.031,0.032,0.032,0.031,0.027,0.024,0.023,0.021,0.019,conexion-vial-cercana
V42_1,V26_2,0.025,1.0,0.025,0.03,0.03,0.028,0.028,0.033,0.038,0.045,0.05,0.05,0.045,0.038,0.035,0.038,0.04,0.043,0.048,0.05,0.05,0.048,0.043,0.038,0.035,0.033,0.03,conexion-vial-cercana
V42_1,V42_0,0.025,1.0,0.025,0.03,0.03,0.028,0.028,0.033,0.038,0.045,0.05,0.05,0.045,0.038,0.035,0.038,0.04,0.043,0.048,0.05,0.05,0.048,0.043,0.038,0.035,0.033,0.03,conexion-vial-cercana
V42_1,V43_0,0.027,1.0,0.027,0.032,0.032,0.03,0.03,0.035,0.04,0.048,0.054,0.054,0.048,0.04,0.038,0.04,0.043,0.046,0.051,0.054,0.054,0.051,0.046,0.04,0.038,0.035,0.032,conexion-vial-cercana
V42_1,V41_0,0.03,1.0,0.03,0.036,0.036,0.033,0.033,0.039,0.045,0.054,0.06,0.06,0.054,0.045,0.042,0.045,0.048,0.051,0.057,0.06,0.06,0.057,0.051,0.045,0.042,0.039,0.036,conexion-vial-cercana
V42_1,V42_2,0.03,1.0,0.03,0.036,0.036,0.033,0.033,0.039,0.045,0.054,0.06,0.06,0.054,0.045,0.042,0.045,0.048,0.051,0.057,0.06,0.06,0.057,0.051,0.045,0.042,0.039,0.036,conexion-vial-cercana
V42_1,V44_1,0.03,1.0,0.03,0.036,0.036,0.033,0.033,0.039,0.045,0.054,0.06,0.06,0.054,0.045,0.042,0.045,0.048,0.051,0.057,0.06,0.06,0.057,0.051,0.045,0.042,0.039,0.036,conexion-vial-cercana
V42_1,V44_2,0.039,1.0,0.039,0.047,0.047,0.043,0.043,0.051,0.059,0.07,0.078,0.078,0.07,0.059,0.055,0.059,0.062,0.066,0.074,0.078,0.078,0.074,0.066,0.059,0.055,0.051,0.047,conexion-vial-cercana
V42_2,V41_0,0.0,1.0,0.0,0.0,0.0,0.0,0.0,0.0,0.0,0.0,0.0,0.0,0.0,0.0,0.0,0.0,0.0,0.0,0.0,0.0,0.0,0.0,0.0,0.0,0.0,0.0,0.0,conexion-vial-cercana
V42_2,V44_2,0.018,1.0,0.018,0.022,0.022,0.02,0.02,0.024,0.028,0.033,0.037,0.037,0.033,0.028,0.026,0.028,0.03,0.031,0.035,0.037,0.037,0.035,0.031,0.028,0.026,0.024,0.022,conexion-vial-cercana
V42_2,V42_1,0.03,1.0,0.03,0.036,0.036,0.033,0.033,0.039,0.045,0.054,0.06,0.06,0.054,0.045,0.042,0.045,0.048,0.051,0.057,0.06,0.06,0.057,0.051,0.045,0.042,0.039,0.036,conexion-vial-cercana
V42_2,V44_1,0.037,1.0,0.037,0.044,0.044,0.041,0.041,0.048,0.056,0.067,0.074,0.074,0.067,0.056,0.052,0.056,0.059,0.063,0.07,0.074,0.074,0.07,0.063,0.056,0.052,0.048,0.044,conexion-vial-cercana
V42_2,V43_1,0.037,1.0,0.037,0.045,0.045,0.041,0.041,0.048,0.056,0.067,0.074,0.074,0.067,0.056,0.052,0.056,0.059,0.063,0.071,0.074,0.074,0.071,0.063,0.056,0.052,0.048,0.045,conexion-vial-cercana
V42_2,V43_0,0.053,1.0,0.053,0.064,0.064,0.059,0.059,0.069,0.08,0.096,0.107,0.107,0.096,0.08,0.075,0.08,0.085,0.091,0.102,0.107,0.107,0.102,0.091,0.08,0.075,0.069,0.064,conexion-vial-cercana
V42_2,V26_2,0.055,1.0,0.055,0.066,0.066,0.06,0.06,0.071,0.082,0.099,0.11,0.11,0.099,0.082,0.077,0.082,0.088,0.093,0.104,0.11,0.11,0.104,0.093,0.082,0.077,0.071,0.066,conexion-vial-cercana
V42_2,V42_0,0.055,1.0,0.055,0.066,0.066,0.06,0.06,0.071,0.082,0.099,0.11,0.11,0.099,0.082,0.077,0.082,0.088,0.093,0.104,0.11,0.11,0.104,0.093,0.082,0.077,0.071,0.066,conexion-vial-cercana
V43_0,V26_2,0.016,1.0,0.016,0.016,0.016,0.016,0.016,0.016,0.017,0.019,0.02,0.02,0.019,0.017,0.017,0.017,0.019,0.019,0.02,0.022,0.023,0.022,0.02,0.019,0.017,0.016,0.016,conexion-vial-cercana
V43_0,V42_0,0.016,1.0,0.016,0.016,0.016,0.016,0.016,0.016,0.017,0.019,0.02,0.02,0.019,0.017,0.017,0.017,0.019,0.019,0.02,0.022,0.023,0.022,0.02,0.019,0.017,0.016,0.016,conexion-vial-cercana
V43_0,V42_1,0.027,1.0,0.027,0.027,0.027,0.027,0.027,0.027,0.03,0.032,0.035,0.035,0.032,0.03,0.03,0.03,0.032,0.032,0.035,0.038,0.04,0.038,0.035,0.032,0.03,0.027,0.027,conexion-vial-cercana
V43_0,V26_1,0.036,1.0,0.036,0.036,0.036,0.036,0.036,0.036,0.039,0.043,0.047,0.047,0.043,0.039,0.039,0.039,0.043,0.043,0.047,0.05,0.054,0.05,0.047,0.043,0.039,0.036,0.036,conexion-vial-cercana
V43_0,V43_1,0.037,1.0,0.037,0.037,0.037,0.037,0.037,0.037,0.04,0.044,0.048,0.048,0.044,0.04,0.04,0.04,0.044,0.044,0.048,0.051,0.055,0.051,0.048,0.044,0.04,0.037,0.037,conexion-vial-cercana
V43_0,V41_0,0.053,1.0,0.053,0.053,0.053,0.053,0.053,0.053,0.059,0.064,0.069,0.069,0.064,0.059,0.059,0.059,0.064,0.064,0.069,0.075,0.08,0.075,0.069,0.064,0.059,0.053,0.053,conexion-vial-cercana
V43_0,V42_2,0.053,1.0,0.053,0.053,0.053,0.053,0.053,0.053,0.059,0.064,0.069,0.069,0.064,0.059,0.059,0.059,0.064,0.064,0.069,0.075,0.08,0.075,0.069,0.064,0.059,0.053,0.053,conexion-vial-cercana
V43_0,V44_1,0.054,1.0,0.054,0.054,0.054,0.054,0.054,0.054,0.06,0.065,0.07,0.07,0.065,0.06,0.06,0.06,0.065,0.065,0.07,0.076,0.081,0.076,0.07,0.065,0.06,0.054,0.054,conexion-vial-cercana
V43_1,V42_1,0.016,1.0,0.016,0.016,0.016,0.016,0.016,0.016,0.018,0.019,0.021,0.021,0.019,0.018,0.018,0.018,0.019,0.019,0.021,0.023,0.024,0.023,0.021,0.019,0.018,0.016,0.016,conexion-vial-cercana
V43_1,V44_1,0.018,1.0,0.018,0.018,0.018,0.018,0.018,0.018,0.02,0.021,0.023,0.023,0.021,0.02,0.02,0.02,0.021,0.021,0.023,0.025,0.027,0.025,0.023,0.021,0.02,0.018,0.018,conexion-vial-cercana
V43_1,V26_2,0.027,1.0,0.027,0.027,0.027,0.027,0.027,0.027,0.03,0.033,0.036,0.036,0.033,0.03,0.03,0.03,0.033,0.033,0.036,0.038,0.041,0.038,0.036,0.033,0.03,0.027,0.027,conexion-vial-cercana
V43_1,V42_0,0.027,1.0,0.027,0.027,0.027,0.027,0.027,0.027,0.03,0.033,0.036,0.036,0.033,0.03,0.03,0.03,0.033,0.033,0.036,0.038,0.041,0.038,0.036,0.033,0.03,0.027,0.027,conexion-vial-cercana
V43_1,V43_0,0.037,1.0,0.037,0.037,0.037,0.037,0.037,0.037,0.04,0.044,0.048,0.048,0.044,0.04,0.04,0.04,0.044,0.044,0.048,0.051,0.055,0.051,0.048,0.044,0.04,0.037,0.037,conexion-vial-cercana
V43_1,V41_0,0.037,1.0,0.037,0.037,0.037,0.037,0.037,0.037,0.041,0.045,0.048,0.048,0.045,0.041,0.041,0.041,0.045,0.045,0.048,0.052,0.056,0.052,0.048,0.045,0.041,0.037,0.037,conexion-vial-cercana
V43_1,V42_2,0.037,1.0,0.037,0.037,0.037,0.037,0.037,0.037,0.041,0.045,0.048,0.048,0.045,0.041,0.041,0.041,0.045,0.045,0.048,0.052,0.056,0.052,0.048,0.045,0.041,0.037,0.037,conexion-vial-cercana
V43_1,V43_2,0.038,1.0,0.038,0.038,0.038,0.038,0.038,0.038,0.042,0.045,0.049,0.049,0.045,0.042,0.042,0.042,0.045,0.045,0.049,0.053,0.057,0.053,0.049,0.045,0.042,0.038,0.038,conexion-vial-cercana
V43_2,V43_1,0.038,1.0,0.038,0.038,0.038,0.038,0.038,0.038,0.042,0.045,0.049,0.049,0.045,0.042,0.042,0.042,0.045,0.045,0.049,0.053,0.057,0.053,0.049,0.045,0.042,0.038,0.038,conexion-vial-cercana
V43_2,V44_1,0.041,1.0,0.041,0.041,0.041,0.041,0.041,0.041,0.045,0.049,0.053,0.053,0.049,0.045,0.045,0.045,0.049,0.049,0.053,0.057,0.061,0.057,0.053,0.049,0.045,0.041,0.041,conexion-vial-cercana
V43_2,V26_2,0.043,1.0,0.043,0.043,0.043,0.043,0.043,0.043,0.048,0.052,0.056,0.056,0.052,0.048,0.048,0.048,0.052,0.052,0.056,0.061,0.065,0.061,0.056,0.052,0.048,0.043,0.043,conexion-vial-cercana
V43_2,V42_0,0.043,1.0,0.043,0.043,0.043,0.043,0.043,0.043,0.048,0.052,0.056,0.056,0.052,0.048,0.048,0.048,0.052,0.052,0.056,0.061,0.065,0.061,0.056,0.052,0.048,0.043,0.043,conexion-vial-cercana
V43_2,V42_1,0.052,1.0,0.052,0.052,0.052,0.052,0.052,0.052,0.057,0.062,0.067,0.067,0.062,0.057,0.057,0.057,0.062,0.062,0.067,0.073,0.078,0.073,0.067,0.062,0.057,0.052,0.052,conexion-vial-cercana
V43_2,V26_1,0.052,1.0,0.052,0.052,0.052,0.052,0.052,0.052,0.058,0.063,0.068,0.068,0.063,0.058,0.058,0.058,0.063,0.063,0.068,0.073,0.078,0.073,0.068,0.063,0.058,0.052,0.052,conexion-vial-cercana
V43_2,V43_0,0.059,1.0,0.059,0.059,0.059,0.059,0.059,0.059,0.065,0.071,0.076,0.076,0.071,0.065,0.065,0.065,0.071,0.071,0.076,0.082,0.088,0.082,0.076,0.071,0.065,0.059,0.059,conexion-vial-cercana
V43_2,V41_0,0.074,1.0,0.074,0.074,0.074,0.074,0.074,0.074,0.082,0.089,0.096,0.096,0.089,0.082,0.082,0.082,0.089,0.089,0.096,0.104,0.111,0.104,0.096,0.089,0.082,0.074,0.074,conexion-vial-cercana
V44_0,V41_0,0.076,1.0,0.076,0.076,0.076,0.076,0.076,0.076,0.083,0.091,0.098,0.098,0.091,0.083,0.083,0.083,0.091,0.091,0.098,0.106,0.113,0.106,0.098,0.091,0.083,0.076,0.076,conexion-vial-cercana
V44_0,V42_2,0.076,1.0,0.076,0.076,0.076,0.076,0.076,0.076,0.083,0.091,0.098,0.098,0.091,0.083,0.083,0.083,0.091,0.091,0.098,0.106,0.113,0.106,0.098,0.091,0.083,0.076,0.076,conexion-vial-cercana
V44_0,V41_1,0.08,1.0,0.08,0.08,0.08,0.08,0.08,0.08,0.088,0.096,0.104,0.104,0.096,0.088,0.088,0.088,0.096,0.096,0.104,0.112,0.12,0.112,0.104,0.096,0.088,0.08,0.08,conexion-vial-cercana
V44_0,V44_1,0.081,1.0,0.081,0.081,0.081,0.081,0.081,0.081,0.089,0.097,0.105,0.105,0.097,0.089,0.089,0.089,0.097,0.097,0.105,0.113,0.121,0.113,0.105,0.097,0.089,0.081,0.081,conexion-vial-cercana
V44_0,V44_2,0.086,1.0,0.086,0.086,0.086,0.086,0.086,0.086,0.094,0.103,0.111,0.111,0.103,0.094,0.094,0.094,0.103,0.103,0.111,0.12,0.128,0.12,0.111,0.103,0.094,0.086,0.086,conexion-vial-cercana
V44_0,V40_2,0.093,1.0,0.093,0.093,0.093,0.093,0.093,0.093,0.103,0.112,0.121,0.121,0.112,0.103,0.103,0.103,0.112,0.112,0.121,0.131,0.14,0.131,0.121,0.112,0.103,0.093,0.093,conexion-vial-cercana
V44_0,V43_1,0.096,1.0,0.096,0.096,0.096,0.096,0.096,0.096,0.106,0.115,0.125,0.125,0.115,0.106,0.106,0.106,0.115,0.115,0.125,0.134,0.144,0.134,0.125,0.115,0.106,0.096,0.096,conexion-vial-cercana
V44_0,V42_1,0.099,1.0,0.099,0.099,0.099,0.099,0.099,0.099,0.109,0.119,0.129,0.129,0.119,0.109,0.109,0.109,0.119,0.119,0.129,0.139,0.149,0.139,0.129,0.119,0.109,0.099,0.099,conexion-vial-cercana
V44_1,V43_1,0.018,1.0,0.018,0.018,0.018,0.018,0.018,0.018,0.02,0.021,0.023,0.023,0.021,0.02,0.02,0.02,0.021,0.021,0.023,0.025,0.027,0.025,0.023,0.021,0.02,0.018,0.018,conexion-vial-cercana
V44_1,V42_1,0.03,1.0,0.03,0.03,0.03,0.03,0.03,0.03,0.033,0.036,0.039,0.039,0.036,0.033,0.033,0.033,0.036,0.036,0.039,0.042,0.045,0.042,0.039,0.036,0.033,0.03,0.03,conexion-vial-cercana
V44_1,V41_0,0.037,1.0,0.037,0.037,0.037,0.037,0.037,0.037,0.041,0.044,0.048,0.048,0.044,0.041,0.041,0.041,0.044,0.044,0.048,0.052,0.056,0.052,0.048,0.044,0.041,0.037,0.037,conexion-vial-cercana
V44_1,V42_2,0.037,1.0,0.037,0.037,0.037,0.037,0.037,0.037,0.041,0.044,0.048,0.048,0.044,0.041,0.041,0.041,0.044,0.044,0.048,0.052,0.056,0.052,0.048,0.044,0.041,0.037,0.037,conexion-vial-cercana
V44_1,V43_2,0.041,1.0,0.041,0.041,0.041,0.041,0.041,0.041,0.045,0.049,0.053,0.053,0.049,0.045,0.045,0.045,0.049,0.049,0.053,0.057,0.061,0.057,0.053,0.049,0.045,0.041,0.041,conexion-vial-cercana
V44_1,V26_2,0.045,1.0,0.045,0.045,0.045,0.045,0.045,0.045,0.049,0.054,0.058,0.058,0.054,0.049,0.049,0.049,0.054,0.054,0.058,0.063,0.067,0.063,0.058,0.054,0.049,0.045,0.045,conexion-vial-cercana
V44_1,V42_0,0.045,1.0,0.045,0.045,0.045,0.045,0.045,0.045,0.049,0.054,0.058,0.058,0.054,0.049,0.049,0.049,0.054,0.054,0.058,0.063,0.067,0.063,0.058,0.054,0.049,0.045,0.045,conexion-vial-cercana
V44_1,V43_0,0.054,1.0,0.054,0.054,0.054,0.054,0.054,0.054,0.06,0.065,0.07,0.07,0.065,0.06,0.06,0.06,0.065,0.065,0.07,0.076,0.081,0.076,0.07,0.065,0.06,0.054,0.054,conexion-vial-cercana
V44_2,V41_0,0.018,1.0,0.018,0.018,0.018,0.018,0.018,0.018,0.02,0.022,0.024,0.024,0.022,0.02,0.02,0.02,0.022,0.022,0.024,0.026,0.028,0.026,0.024,0.022,0.02,0.018,0.018,conexion-vial-cercana
V44_2,V42_2,0.018,1.0,0.018,0.018,0.018,0.018,0.018,0.018,0.02,0.022,0.024,0.024,0.022,0.02,0.02,0.02,0.022,0.022,0.024,0.026,0.028,0.026,0.024,0.022,0.02,0.018,0.018,conexion-vial-cercana
V44_2,V42_1,0.039,1.0,0.039,0.039,0.039,0.039,0.039,0.039,0.043,0.047,0.051,0.051,0.047,0.043,0.043,0.043,0.047,0.047,0.051,0.055,0.059,0.055,0.051,0.047,0.043,0.039,0.039,conexion-vial-cercana
V44_2,V43_1,0.051,1.0,0.051,0.051,0.051,0.051,0.051,0.051,0.056,0.061,0.066,0.066,0.061,0.056,0.056,0.056,0.061,0.061,0.066,0.072,0.077,0.072,0.066,0.061,0.056,0.051,0.051,conexion-vial-cercana
V44_2,V44_1,0.055,1.0,0.055,0.055,0.055,0.055,0.055,0.055,0.06,0.065,0.071,0.071,0.065,0.06,0.06,0.06,0.065,0.065,0.071,0.076,0.082,0.076,0.071,0.065,0.06,0.055,0.055,conexion-vial-cercana
V44_2,V43_0,0.056,1.0,0.056,0.056,0.056,0.056,0.056,0.056,0.061,0.067,0.072,0.072,0.067,0.061,0.061,0.061,0.067,0.067,0.072,0.078,0.084,0.078,0.072,0.067,0.061,0.056,0.056,conexion-vial-cercana
V44_2,V26_2,0.062,1.0,0.062,0.062,0.062,0.062,0.062,0.062,0.068,0.074,0.081,0.081,0.074,0.068,0.068,0.068,0.074,0.074,0.081,0.087,0.093,0.087,0.081,0.074,0.068,0.062,0.062,conexion-vial-cercana
V44_2,V42_0,0.062,1.0,0.062,0.062,0.062,0.062,0.062,0.062,0.068,0.074,0.081,0.081,0.074,0.068,0.068,0.068,0.074,0.074,0.081,0.087,0.093,0.087,0.081,0.074,0.068,0.062,0.062,conexion-vial-cercana
V45_0,V32_2,0.048,1.0,0.048,0.048,0.048,0.048,0.048,0.053,0.058,0.068,0.077,0.073,0.063,0.058,0.053,0.058,0.063,0.068,0.073,0.082,0.087,0.077,0.068,0.058,0.053,0.053,0.048,conexion-vial-cercana
V45_0,V45_1,0.051,1.0,0.051,0.051,0.051,0.051,0.051,0.056,0.061,0.072,0.082,0.077,0.067,0.061,0.056,0.061,0.067,0.072,0.077,0.087,0.092,0.082,0.072,0.061,0.056,0.056,0.051,conexion-vial-cercana
V45_0,V45_2,0.088,1.0,0.088,0.088,0.088,0.088,0.088,0.097,0.106,0.123,0.141,0.132,0.114,0.106,0.097,0.106,0.114,0.123,0.132,0.15,0.158,0.141,0.123,0.106,0.097,0.097,0.088,conexion-vial-cercana
V45_0,V32_1,0.099,1.0,0.099,0.099,0.099,0.099,0.099,0.109,0.119,0.139,0.159,0.149,0.129,0.119,0.109,0.119,0.129,0.139,0.149,0.169,0.178,0.159,0.139,0.119,0.109,0.109,0.099,conexion-vial-cercana
V45_0,V32_0,0.156,1.0,0.156,0.156,0.156,0.156,0.156,0.171,0.187,0.218,0.249,0.234,0.202,0.187,0.171,0.187,0.202,0.218,0.234,0.265,0.28,0.249,0.218,0.187,0.171,0.171,0.156,conexion-vial-cercana
V45_0,V34_2,0.237,1.0,0.237,0.237,0.237,0.237,0.237,0.261,0.285,0.332,0.38,0.356,0.309,0.285,0.261,0.285,0.309,0.332,0.356,0.404,0.427,0.38,0.332,0.285,0.261,0.261,0.237,conexion-vial-cercana
V45_0,V34_1,0.314,1.0,0.314,0.314,0.314,0.314,0.314,0.345,0.376,0.439,0.502,0.47,0.408,0.376,0.345,0.376,0.408,0.439,0.47,0.533,0.564,0.502,0.439,0.376,0.345,0.345,0.314,conexion-vial-cercana
V45_0,V39_1,0.337,1.0,0.337,0.337,0.337,0.337,0.337,0.371,0.404,0.472,0.539,0.505,0.438,0.404,0.371,0.404,0.438,0.472,0.505,0.573,0.606,0.539,0.472,0.404,0.371,0.371,0.337,conexion-vial-cercana
V45_1,V45_0,0.051,1.0,0.051,0.051,0.051,0.051,0.051,0.056,0.061,0.072,0.082,0.077,0.067,0.061,0.056,0.061,0.067,0.072,0.077,0.087,0.092,0.082,0.072,0.061,0.056,0.056,0.051,conexion-vial-cercana
V45_1,V45_2,0.056,1.0,0.056,0.056,0.056,0.056,0.056,0.062,0.068,0.079,0.09,0.085,0.073,0.068,0.062,0.068,0.073,0.079,0.085,0.096,0.101,0.09,0.079,0.068,0.062,0.062,0.056,conexion-vial-cercana
V45_1,V32_2,0.084,1.0,0.084,0.084,0.084,0.084,0.084,0.093,0.101,0.118,0.135,0.126,0.11,0.101,0.093,0.101,0.11,0.118,0.126,0.143,0.152,0.135,0.118,0.101,0.093,0.093,0.084,conexion-vial-cercana
V45_1,V32_1,0.135,1.0,0.135,0.135,0.135,0.135,0.135,0.149,0.162,0.189,0.216,0.203,0.176,0.162,0.149,0.162,0.176,0.189,0.203,0.23,0.243,0.216,0.189,0.162,0.149,0.149,0.135,conexion-vial-cercana
V45_1,V32_0,0.186,1.0,0.186,0.186,0.186,0.186,0.186,0.204,0.223,0.26,0.297,0.279,0.241,0.223,0.204,0.223,0.241,0.26,0.279,0.316,0.334,0.297,0.26,0.223,0.204,0.204,0.186,conexion-vial-cercana
V45_1,V34_2,0.27,1.0,0.27,0.27,0.27,0.27,0.27,0.297,0.324,0.378,0.432,0.405,0.351,0.324,0.297,0.324,0.351,0.378,0.405,0.459,0.486,0.432,0.378,0.324,0.297,0.297,0.27,conexion-vial-cercana
V45_1,V34_1,0.356,1.0,0.356,0.356,0.356,0.356,0.356,0.391,0.427,0.498,0.569,0.533,0.462,0.427,0.391,0.427,0.462,0.498,0.533,0.605,0.64,0.569,0.498,0.427,0.391,0.391,0.356,conexion-vial-cercana
V45_1,V39_1,0.388,1.0,0.388,0.388,0.388,0.388,0.388,0.427,0.465,0.543,0.621,0.582,0.504,0.465,0.427,0.465,0.504,0.543,0.582,0.659,0.698,0.621,0.543,0.465,0.427,0.427,0.388,conexion-vial-cercana
V45_2,V45_1,0.056,1.0,0.056,0.056,0.056,0.056,0.056,0.062,0.068,0.079,0.09,0.085,0.073,0.068,0.062,0.068,0.073,0.079,0.085,0.096,0.101,0.09,0.079,0.068,0.062,0.062,0.056,conexion-vial-cercana
V45_2,V45_0,0.088,1.0,0.088,0.088,0.088,0.088,0.088,0.097,0.106,0.123,0.141,0.132,0.114,0.106,0.097,0.106,0.114,0.123,0.132,0.15,0.158,0.141,0.123,0.106,0.097,0.097,0.088,conexion-vial-cercana
V45_2,V32_2,0.092,1.0,0.092,0.092,0.092,0.092,0.092,0.101,0.11,0.128,0.147,0.138,0.119,0.11,0.101,0.11,0.119,0.128,0.138,0.156,0.165,0.147,0.128,0.11,0.101,0.101,0.092,conexion-vial-cercana
V45_2,V32_1,0.13,1.0,0.13,0.13,0.13,0.13,0.13,0.143,0.156,0.182,0.209,0.196,0.169,0.156,0.143,0.156,0.169,0.182,0.196,0.222,0.235,0.209,0.182,0.156,0.143,0.143,0.13,conexion-vial-cercana
V45_2,V32_0,0.167,1.0,0.167,0.167,0.167,0.167,0.167,0.184,0.201,0.234,0.268,0.251,0.217,0.201,0.184,0.201,0.217,0.234,0.251,0.284,0.301,0.268,0.234,0.201,0.184,0.184,0.167,conexion-vial-cercana
V45_2,V34_2,0.251,1.0,0.251,0.251,0.251,0.251,0.251,0.276,0.301,0.351,0.401,0.376,0.326,0.301,0.276,0.301,0.326,0.351,0.376,0.426,0.451,0.401,0.351,0.301,0.276,0.276,0.251,conexion-vial-cercana
V45_2,V34_1,0.348,1.0,0.348,0.348,0.348,0.348,0.348,0.383,0.417,0.487,0.557,0.522,0.452,0.417,0.383,0.417,0.452,0.487,0.522,0.591,0.626,0.557,0.487,0.417,0.383,0.383,0.348,conexion-vial-cercana
V45_2,V39_2,0.383,1.0,0.383,0.383,0.383,0.383,0.383,0.422,0.46,0.536,0.613,0.575,0.498,0.46,0.422,0.46,0.498,0.536,0.575,0.651,0.69,0.613,0.536,0.46,0.422,0.422,0.383,conexion-vial-cercana
V46_0,V5_0,0.0,1.0,0.0,0.0,0.0,0.0,0.0,0.0,0.0,0.0,0.0,0.0,0.0,0.0,0.0,0.0,0.0,0.0,0.0,0.0,0.0,0.0,0.0,0.0,0.0,0.0,0.0,conexion-vial-cercana
V46_0,V48_0,0.017,1.0,0.017,0.017,0.017,0.017,0.017,0.019,0.02,0.024,0.027,0.025,0.022,0.02,0.019,0.02,0.022,0.024,0.025,0.029,0.03,0.027,0.024,0.02,0.019,0.019,0.017,conexion-vial-cercana
V46_0,V46_1,0.032,1.0,0.032,0.032,0.032,0.032,0.032,0.035,0.039,0.045,0.051,0.048,0.042,0.039,0.035,0.039,0.042,0.045,0.048,0.055,0.058,0.051,0.045,0.039,0.035,0.035,0.032,conexion-vial-cercana
V46_0,V48_1,0.051,1.0,0.051,0.051,0.051,0.051,0.051,0.056,0.061,0.072,0.082,0.077,0.067,0.061,0.056,0.061,0.067,0.072,0.077,0.087,0.092,0.082,0.072,0.061,0.056,0.056,0.051,conexion-vial-cercana
V46_0,V46_2,0.059,1.0,0.059,0.059,0.059,0.059,0.059,0.065,0.071,0.083,0.095,0.089,0.077,0.071,0.065,0.071,0.077,0.083,0.089,0.101,0.107,0.095,0.083,0.071,0.065,0.065,0.059,conexion-vial-cercana
V46_0,V5_1,0.076,1.0,0.076,0.076,0.076,0.076,0.076,0.084,0.092,0.107,0.122,0.114,0.099,0.092,0.084,0.092,0.099,0.107,0.114,0.13,0.137,0.122,0.107,0.092,0.084,0.084,0.076,conexion-vial-cercana
V46_0,V48_2,0.115,1.0,0.115,0.115,0.115,0.115,0.115,0.127,0.139,0.162,0.185,0.173,0.15,0.139,0.127,0.139,0.15,0.162,0.173,0.196,0.208,0.185,0.162,0.139,0.127,0.127,0.115,conexion-vial-cercana
V46_0,V5_2,0.122,1.0,0.122,0.122,0.122,0.122,0.122,0.134,0.146,0.171,0.195,0.183,0.158,0.146,0.134,0.146,0.158,0.171,0.183,0.207,0.219,0.195,0.171,0.146,0.134,0.134,0.122,conexion-vial-cercana
V46_1,V48_0,0.024,1.0,0.024,0.024,0.024,0.024,0.024,0.027,0.029,0.034,0.039,0.036,0.031,0.029,0.027,0.029,0.031,0.034,0.036,0.041,0.043,0.039,0.034,0.029,0.027,0.027,0.024,conexion-vial-cercana
V46_1,V46_2,0.027,1.0,0.027,0.027,0.027,0.027,0.027,0.03,0.033,0.038,0.044,0.041,0.036,0.033,0.03,0.033,0.036,0.038,0.041,0.047,0.049,0.044,0.038,0.033,0.03,0.03,0.027,conexion-vial-cercana
V46_1,V5_0,0.032,1.0,0.032,0.032,0.032,0.032,0.032,0.035,0.039,0.045,0.051,0.048,0.042,0.039,0.035,0.039,0.042,0.045,0.048,0.055,0.058,0.051,0.045,0.039,0.035,0.035,0.032,conexion-vial-cercana
V46_1,V46_0,0.032,1.0,0.032,0.032,0.032,0.032,0.032,0.035,0.039,0.045,0.051,0.048,0.042,0.039,0.035,0.039,0.042,0.045,0.048,0.055,0.058,0.051,0.045,0.039,0.035,0.035,0.032,conexion-vial-cercana
V46_1,V5_1,0.045,1.0,0.045,0.045,0.045,0.045,0.045,0.05,0.054,0.063,0.072,0.068,0.059,0.054,0.05,0.054,0.059,0.063,0.068,0.077,0.081,0.072,0.063,0.054,0.05,0.05,0.045,conexion-vial-cercana
V46_1,V48_1,0.065,1.0,0.065,0.065,0.065,0.065,0.065,0.071,0.078,0.09,0.103,0.097,0.084,0.078,0.071,0.078,0.084,0.09,0.097,0.11,0.116,0.103,0.09,0.078,0.071,0.071,0.065,conexion-vial-cercana
V46_1,V5_2,0.091,1.0,0.091,0.091,0.091,0.091,0.091,0.1,0.109,0.128,0.146,0.137,0.118,0.109,0.1,0.109,0.118,0.128,0.137,0.155,0.164,0.146,0.128,0.109,0.1,0.1,0.091,conexion-vial-cercana
V46_1,V48_2,0.133,1.0,0.133,0.133,0.133,0.133,0.133,0.146,0.16,0.186,0.213,0.2,0.173,0.16,0.146,0.16,0.173,0.186,0.2,0.226,0.24,0.213,0.186,0.16,0.146,0.146,0.133,conexion-vial-cercana
V46_2,V5_1,0.024,1.0,0.024,0.024,0.024,0.024,0.024,0.026,0.029,0.033,0.038,0.036,0.031,0.029,0.026,0.029,0.031,0.033,0.036,0.041,0.043,0.038,0.033,0.029,0.026,0.026,0.024,conexion-vial-cercana
V46_2,V46_1,0.027,1.0,0.027,0.027,0.027,0.027,0.027,0.03,0.033,0.038,0.044,0.041,0.036,0.033,0.03,0.033,0.036,0.038,0.041,0.047,0.049,0.044,0.038,0.033,0.03,0.03,0.027,conexion-vial-cercana
V46_2,V48_0,0.05,1.0,0.05,0.05,0.05,0.05,0.05,0.055,0.06,0.07,0.08,0.075,0.065,0.06,0.055,0.06,0.065,0.07,0.075,0.085,0.091,0.08,0.07,0.06,0.055,0.055,0.05,conexion-vial-cercana
V46_2,V5_0,0.059,1.0,0.059,0.059,0.059,0.059,0.059,0.065,0.071,0.083,0.095,0.089,0.077,0.071,0.065,0.071,0.077,0.083,0.089,0.101,0.107,0.095,0.083,0.071,0.065,0.065,0.059,conexion-vial-cercana
V46_2,V46_0,0.059,1.0,0.059,0.059,0.059,0.059,0.059,0.065,0.071,0.083,0.095,0.089,0.077,0.071,0.065,0.071,0.077,0.083,0.089,0.101,0.107,0.095,0.083,0.071,0.065,0.065,0.059,conexion-vial-cercana
V46_2,V5_2,0.068,1.0,0.068,0.068,0.068,0.068,0.068,0.074,0.081,0.095,0.108,0.102,0.088,0.081,0.074,0.081,0.088,0.095,0.102,0.115,0.122,0.108,0.095,0.081,0.074,0.074,0.068,conexion-vial-cercana
V46_2,V48_1,0.086,1.0,0.086,0.086,0.086,0.086,0.086,0.095,0.103,0.121,0.138,0.129,0.112,0.103,0.095,0.103,0.112,0.121,0.129,0.146,0.155,0.138,0.121,0.103,0.095,0.095,0.086,conexion-vial-cercana
V46_2,V47_0,0.112,1.0,0.112,0.112,0.112,0.112,0.112,0.124,0.135,0.157,0.18,0.169,0.146,0.135,0.124,0.135,0.146,0.157,0.169,0.191,0.202,0.18,0.157,0.135,0.124,0.124,0.112,conexion-vial-cercana
V47_0,V5_2,0.045,1.0,0.045,0.045,0.045,0.045,0.045,0.045,0.049,0.054,0.058,0.058,0.054,0.049,0.049,0.049,0.054,0.054,0.058,0.063,0.067,0.063,0.058,0.054,0.049,0.045,0.045,conexion-vial-cercana
V47_0,V47_1,0.068,1.0,0.068,0.068,0.068,0.068,0.068,0.068,0.075,0.082,0.089,0.089,0.082,0.075,0.075,0.075,0.082,0.082,0.089,0.095,0.102,0.095,0.089,0.082,0.075,0.068,0.068,conexion-vial-cercana
V47_0,V47_2,0.088,1.0,0.088,0.088,0.088,0.088,0.088,0.088,0.097,0.106,0.115,0.115,0.106,0.097,0.097,0.097,0.106,0.106,0.115,0.123,0.132,0.123,0.115,0.106,0.097,0.088,0.088,conexion-vial-cercana
V47_0,V5_1,0.091,1.0,0.091,0.091,0.091,0.091,0.091,0.091,0.1,0.109,0.118,0.118,0.109,0.1,0.1,0.1,0.109,0.109,0.118,0.127,0.136,0.127,0.118,0.109,0.1,0.091,0.091,conexion-vial-cercana
V47_0,V46_2,0.112,1.0,0.112,0.112,0.112,0.112,0.112,0.112,0.124,0.135,0.146,0.146,0.135,0.124,0.124,0.124,0.135,0.135,0.146,0.157,0.169,0.157,0.146,0.135,0.124,0.112,0.112,conexion-vial-cercana
V47_0,V46_1,0.136,1.0,0.136,0.136,0.136,0.136,0.136,0.136,0.149,0.163,0.177,0.177,0.163,0.149,0.149,0.149,0.163,0.163,0.177,0.19,0.204,0.19,0.177,0.163,0.149,0.136,0.136,conexion-vial-cercana
V47_0,V48_0,0.152,1.0,0.152,0.152,0.152,0.152,0.152,0.152,0.167,0.182,0.197,0.197,0.182,0.167,0.167,0.167,0.182,0.182,0.197,0.212,0.227,0.212,0.197,0.182,0.167,0.152,0.152,conexion-vial-cercana
V47_0,V5_0,0.166,1.0,0.166,0.166,0.166,0.166,0.166,0.166,0.183,0.199,0.216,0.216,0.199,0.183,0.183,0.183,0.199,0.199,0.216,0.233,0.249,0.233,0.216,0.199,0.183,0.166,0.166,conexion-vial-cercana
V47_1,V47_2,0.021,1.0,0.021,0.021,0.021,0.021,0.021,0.021,0.023,0.025,0.027,0.027,0.025,0.023,0.023,0.023,0.025,0.025,0.027,0.029,0.031,0.029,0.027,0.025,0.023,0.021,0.021,conexion-vial-cercana
V47_1,V47_0,0.068,1.0,0.068,0.068,0.068,0.068,0.068,0.068,0.075,0.082,0.089,0.089,0.082,0.075,0.075,0.075,0.082,0.082,0.089,0.095,0.102,0.095,0.089,0.082,0.075,0.068,0.068,conexion-vial-cercana
V47_1,V5_2,0.106,1.0,0.106,0.106,0.106,0.106,0.106,0.106,0.117,0.127,0.138,0.138,0.127,0.117,0.117,0.117,0.127,0.127,0.138,0.148,0.159,0.148,0.138,0.127,0.117,0.106,0.106,conexion-vial-cercana
V47_1,V5_1,0.148,1.0,0.148,0.148,0.148,0.148,0.148,0.148,0.162,0.177,0.192,0.192,0.177,0.162,0.162,0.162,0.177,0.177,0.192,0.207,0.221,0.207,0.192,0.177,0.162,0.148,0.148,conexion-vial-cercana
V47_1,V46_2,0.171,1.0,0.171,0.171,0.171,0.171,0.171,0.171,0.188,0.205,0.223,0.223,0.205,0.188,0.188,0.188,0.205,0.205,0.223,0.24,0.257,0.24,0.223,0.205,0.188,0.171,0.171,conexion-vial-cercana
V47_1,V46_1,0.19,1.0,0.19,0.19,0.19,0.19,0.19,0.19,0.209,0.228,0.247,0.247,0.228,0.209,0.209,0.209,0.228,0.228,0.247,0.266,0.285,0.266,0.247,0.228,0.209,0.19,0.19,conexion-vial-cercana
V47_1,V48_0,0.201,1.0,0.201,0.201,0.201,0.201,0.201,0.201,0.221,0.241,0.261,0.261,0.241,0.221,0.221,0.221,0.241,0.241,0.261,0.281,0.301,0.281,0.261,0.241,0.221,0.201,0.201,conexion-vial-cercana
V47_1,V48_1,0.203,1.0,0.203,0.203,0.203,0.203,0.203,0.203,0.223,0.244,0.264,0.264,0.244,0.223,0.223,0.223,0.244,0.244,0.264,0.284,0.305,0.284,0.264,0.244,0.223,0.203,0.203,conexion-vial-cercana
V47_2,V47_1,0.021,1.0,0.021,0.021,0.021,0.021,0.021,0.021,0.023,0.025,0.027,0.027,0.025,0.023,0.023,0.023,0.025,0.025,0.027,0.029,0.031,0.029,0.027,0.025,0.023,0.021,0.021,conexion-vial-cercana
V47_2,V47_0,0.088,1.0,0.088,0.088,0.088,0.088,0.088,0.088,0.097,0.106,0.115,0.115,0.106,0.097,0.097,0.097,0.106,0.106,0.115,0.123,0.132,0.123,0.115,0.106,0.097,0.088,0.088,conexion-vial-cercana
V47_2,V5_2,0.124,1.0,0.124,0.124,0.124,0.124,0.124,0.124,0.136,0.149,0.161,0.161,0.149,0.136,0.136,0.136,0.149,0.149,0.161,0.173,0.186,0.173,0.161,0.149,0.136,0.124,0.124,conexion-vial-cercana
V47_2,V5_1,0.163,1.0,0.163,0.163,0.163,0.163,0.163,0.163,0.18,0.196,0.212,0.212,0.196,0.18,0.18,0.18,0.196,0.196,0.212,0.229,0.245,0.229,0.212,0.196,0.18,0.163,0.163,conexion-vial-cercana
V47_2,V46_2,0.187,1.0,0.187,0.187,0.187,0.187,0.187,0.187,0.206,0.225,0.243,0.243,0.225,0.206,0.206,0.206,0.225,0.225,0.243,0.262,0.281,0.262,0.243,0.225,0.206,0.187,0.187,conexion-vial-cercana
V47_2,V46_1,0.205,1.0,0.205,0.205,0.205,0.205,0.205,0.205,0.225,0.246,0.266,0.266,0.246,0.225,0.225,0.225,0.246,0.246,0.266,0.287,0.307,0.287,0.266,0.246,0.225,0.205,0.205,conexion-vial-cercana
V47_2,V48_1,0.212,1.0,0.212,0.212,0.212,0.212,0.212,0.212,0.234,0.255,0.276,0.276,0.255,0.234,0.234,0.234,0.255,0.255,0.276,0.297,0.318,0.297,0.276,0.255,0.234,0.212,0.212,conexion-vial-cercana
V47_2,V48_0,0.213,1.0,0.213,0.213,0.213,0.213,0.213,0.213,0.235,0.256,0.278,0.278,0.256,0.235,0.235,0.235,0.256,0.256,0.278,0.299,0.32,0.299,0.278,0.256,0.235,0.213,0.213,conexion-vial-cercana
V48_0,V5_0,0.017,1.0,0.017,0.017,0.017,0.017,0.017,0.017,0.019,0.02,0.022,0.022,0.02,0.019,0.019,0.019,0.02,0.02,0.022,0.024,0.025,0.024,0.022,0.02,0.019,0.017,0.017,conexion-vial-cercana
V48_0,V46_0,0.017,1.0,0.017,0.017,0.017,0.017,0.017,0.017,0.019,0.02,0.022,0.022,0.02,0.019,0.019,0.019,0.02,0.02,0.022,0.024,0.025,0.024,0.022,0.02,0.019,0.017,0.017,conexion-vial-cercana
V48_0,V46_1,0.024,1.0,0.024,0.024,0.024,0.024,0.024,0.024,0.027,0.029,0.031,0.031,0.029,0.027,0.027,0.027,0.029,0.029,0.031,0.034,0.036,0.034,0.031,0.029,0.027,0.024,0.024,conexion-vial-cercana
V48_0,V48_1,0.043,1.0,0.043,0.043,0.043,0.043,0.043,0.043,0.047,0.051,0.056,0.056,0.051,0.047,0.047,0.047,0.051,0.051,0.056,0.06,0.064,0.06,0.056,0.051,0.047,0.043,0.043,conexion-vial-cercana
V48_0,V46_2,0.05,1.0,0.05,0.05,0.05,0.05,0.05,0.05,0.055,0.06,0.065,0.065,0.06,0.055,0.055,0.055,0.06,0.06,0.065,0.07,0.075,0.07,0.065,0.06,0.055,0.05,0.05,conexion-vial-cercana
V48_0,V5_1,0.063,1.0,0.063,0.063,0.063,0.063,0.063,0.063,0.07,0.076,0.082,0.082,0.076,0.07,0.07,0.07,0.076,0.076,0.082,0.089,0.095,0.089,0.082,0.076,0.07,0.063,0.063,conexion-vial-cercana
V48_0,V5_2,0.108,1.0,0.108,0.108,0.108,0.108,0.108,0.108,0.119,0.129,0.14,0.14,0.129,0.119,0.119,0.119,0.129,0.129,0.14,0.151,0.162,0.151,0.14,0.129,0.119,0.108,0.108,conexion-vial-cercana
V48_0,V48_2,0.111,1.0,0.111,0.111,0.111,0.111,0.111,0.111,0.122,0.133,0.144,0.144,0.133,0.122,0.122,0.122,0.133,0.133,0.144,0.155,0.166,0.155,0.144,0.133,0.122,0.111,0.111,conexion-vial-cercana
V48_1,V48_0,0.043,1.0,0.043,0.043,0.043,0.043,0.043,0.043,0.047,0.051,0.056,0.056,0.051,0.047,0.047,0.047,0.051,0.051,0.056,0.06,0.064,0.06,0.056,0.051,0.047,0.043,0.043,conexion-vial-cercana
V48_1,V5_0,0.051,1.0,0.051,0.051,0.051,0.051,0.051,0.051,0.056,0.061,0.067,0.067,0.061,0.056,0.056,0.056,0.061,0.061,0.067,0.072,0.077,0.072,0.067,0.061,0.056,0.051,0.051,conexion-vial-cercana
V48_1,V46_0,0.051,1.0,0.051,0.051,0.051,0.051,0.051,0.051,0.056,0.061,0.067,0.067,0.061,0.056,0.056,0.056,0.061,0.061,0.067,0.072,0.077,0.072,0.067,0.061,0.056,0.051,0.051,conexion-vial-cercana
V48_1,V46_1,0.065,1.0,0.065,0.065,0.065,0.065,0.065,0.065,0.071,0.078,0.084,0.084,0.078,0.071,0.071,0.071,0.078,0.078,0.084,0.09,0.097,0.09,0.084,0.078,0.071,0.065,0.065,conexion-vial-cercana
V48_1,V48_2,0.068,1.0,0.068,0.068,0.068,0.068,0.068,0.068,0.075,0.082,0.089,0.089,0.082,0.075,0.075,0.075,0.082,0.082,0.089,0.096,0.103,0.096,0.089,0.082,0.075,0.068,0.068,conexion-vial-cercana
V48_1,V46_2,0.086,1.0,0.086,0.086,0.086,0.086,0.086,0.086,0.095,0.103,0.112,0.112,0.103,0.095,0.095,0.095,0.103,0.103,0.112,0.121,0.129,0.121,0.112,0.103,0.095,0.086,0.086,conexion-vial-cercana
V48_1,V5_1,0.09,1.0,0.09,0.09,0.09,0.09,0.09,0.09,0.099,0.108,0.117,0.117,0.108,0.099,0.099,0.099,0.108,0.108,0.117,0.126,0.135,0.126,0.117,0.108,0.099,0.09,0.09,conexion-vial-cercana
V48_1,V5_2,0.127,1.0,0.127,0.127,0.127,0.127,0.127,0.127,0.14,0.153,0.166,0.166,0.153,0.14,0.14,0.14,0.153,0.153,0.166,0.178,0.191,0.178,0.166,0.153,0.14,0.127,0.127,conexion-vial-cercana
V48_2,V48_1,0.068,1.0,0.068,0.068,0.068,0.068,0.068,0.068,0.075,0.082,0.089,0.089,0.082,0.075,0.075,0.075,0.082,0.082,0.089,0.096,0.103,0.096,0.089,0.082,0.075,0.068,0.068,conexion-vial-cercana
V48_2,V48_0,0.111,1.0,0.111,0.111,0.111,0.111,0.111,0.111,0.122,0.133,0.144,0.144,0.133,0.122,0.122,0.122,0.133,0.133,0.144,0.155,0.166,0.155,0.144,0.133,0.122,0.111,0.111,conexion-vial-cercana
V48_2,V5_0,0.115,1.0,0.115,0.115,0.115,0.115,0.115,0.115,0.127,0.139,0.15,0.15,0.139,0.127,0.127,0.127,0.139,0.139,0.15,0.162,0.173,0.162,0.15,0.139,0.127,0.115,0.115,conexion-vial-cercana
V48_2,V46_0,0.115,1.0,0.115,0.115,0.115,0.115,0.115,0.115,0.127,0.139,0.15,0.15,0.139,0.127,0.127,0.127,0.139,0.139,0.15,0.162,0.173,0.162,0.15,0.139,0.127,0.115,0.115,conexion-vial-cercana
V48_2,V46_1,0.133,1.0,0.133,0.133,0.133,0.133,0.133,0.133,0.146,0.16,0.173,0.173,0.16,0.146,0.146,0.146,0.16,0.16,0.173,0.186,0.2,0.186,0.173,0.16,0.146,0.133,0.133,conexion-vial-cercana
V48_2,V46_2,0.154,1.0,0.154,0.154,0.154,0.154,0.154,0.154,0.169,0.185,0.2,0.2,0.185,0.169,0.169,0.169,0.185,0.185,0.2,0.215,0.231,0.215,0.2,0.185,0.169,0.154,0.154,conexion-vial-cercana
V48_2,V5_1,0.154,1.0,0.154,0.154,0.154,0.154,0.154,0.154,0.17,0.185,0.2,0.2,0.185,0.17,0.17,0.17,0.185,0.185,0.2,0.216,0.231,0.216,0.2,0.185,0.17,0.154,0.154,conexion-vial-cercana
V48_2,V5_2,0.184,1.0,0.184,0.184,0.184,0.184,0.184,0.184,0.203,0.221,0.24,0.24,0.221,0.203,0.203,0.203,0.221,0.221,0.24,0.258,0.276,0.258,0.24,0.221,0.203,0.184,0.184,conexion-vial-cercana
V49_0,V49_1,0.029,1.0,0.029,0.029,0.029,0.029,0.029,0.029,0.031,0.034,0.037,0.037,0.034,0.031,0.031,0.031,0.034,0.034,0.037,0.04,0.043,0.04,0.037,0.034,0.031,0.029,0.029,conexion-vial-cercana
V49_0,V49_2,0.057,1.0,0.057,0.057,0.057,0.057,0.057,0.057,0.063,0.068,0.074,0.074,0.068,0.063,0.063,0.063,0.068,0.068,0.074,0.08,0.085,0.08,0.074,0.068,0.063,0.057,0.057,conexion-vial-cercana
V49_0,V8_2,7.182,1.0,7.182,7.182,7.182,7.182,7.182,7.182,7.901,8.619,9.337,9.337,8.619,7.901,7.901,7.901,8.619,8.619,9.337,10.055,10.773,10.055,9.337,8.619,7.901,7.182,7.182,conexion-vial-cercana
V49_0,V8_1,7.314,1.0,7.314,7.314,7.314,7.314,7.314,7.314,8.046,8.777,9.509,9.509,8.777,8.046,8.046,8.046,8.777,8.777,9.509,10.24,10.971,10.24,9.509,8.777,8.046,7.314,7.314,conexion-vial-cercana
V49_0,V18_1,7.35,1.0,7.35,7.35,7.35,7.35,7.35,7.35,8.085,8.82,9.555,9.555,8.82,8.085,8.085,8.085,8.82,8.82,9.555,10.29,11.024,10.29,9.555,8.82,8.085,7.35,7.35,conexion-vial-cercana
V49_0,V24_2,7.367,1.0,7.367,7.367,7.367,7.367,7.367,7.367,8.103,8.84,9.577,9.577,8.84,8.103,8.103,8.103,8.84,8.84,9.577,10.313,11.05,10.313,9.577,8.84,8.103,7.367,7.367,conexion-vial-cercana
V49_0,V24_1,7.379,1.0,7.379,7.379,7.379,7.379,7.379,7.379,8.116,8.854,9.592,9.592,8.854,8.116,8.116,8.116,8.854,8.854,9.592,10.33,11.068,10.33,9.592,8.854,8.116,7.379,7.379,conexion-vial-cercana
V49_0,V18_0,7.382,1.0,7.382,7.382,7.382,7.382,7.382,7.382,8.12,8.858,9.596,9.596,8.858,8.12,8.12,8.12,8.858,8.858,9.596,10.335,11.073,10.335,9.596,8.858,8.12,7.382,7.382,conexion-vial-cercana
V49_1,V49_0,0.029,1.0,0.029,0.029,0.029,0.029,0.029,0.029,0.031,0.034,0.037,0.037,0.034,0.031,0.031,0.031,0.034,0.034,0.037,0.04,0.043,0.04,0.037,0.034,0.031,0.029,0.029,conexion-vial-cercana
V49_1,V49_2,0.031,1.0,0.031,0.031,0.031,0.031,0.031,0.031,0.035,0.038,0.041,0.041,0.038,0.035,0.035,0.035,0.038,0.038,0.041,0.044,0.047,0.044,0.041,0.038,0.035,0.031,0.031,conexion-vial-cercana
V49_1,V8_2,7.208,1.0,7.208,7.208,7.208,7.208,7.208,7.208,7.929,8.65,9.37,9.37,8.65,7.929,7.929,7.929,8.65,8.65,9.37,10.091,10.812,10.091,9.37,8.65,7.929,7.208,7.208,conexion-vial-cercana
V49_1,V8_1,7.34,1.0,7.34,7.34,7.34,7.34,7.34,7.34,8.074,8.808,9.542,9.542,8.808,8.074,8.074,8.074,8.808,8.808,9.542,10.276,11.01,10.276,9.542,8.808,8.074,7.34,7.34,conexion-vial-cercana
V49_1,V18_1,7.376,1.0,7.376,7.376,7.376,7.376,7.376,7.376,8.114,8.852,9.589,9.589,8.852,8.114,8.114,8.114,8.852,8.852,9.589,10.327,11.065,10.327,9.589,8.852,8.114,7.376,7.376,conexion-vial-cercana
V49_1,V24_2,7.393,1.0,7.393,7.393,7.393,7.393,7.393,7.393,8.132,8.872,9.611,9.611,8.872,8.132,8.132,8.132,8.872,8.872,9.611,10.35,11.09,10.35,9.611,8.872,8.132,7.393,7.393,conexion-vial-cercana
V49_1,V24_1,7.405,1.0,7.405,7.405,7.405,7.405,7.405,7.405,8.145,8.886,9.626,9.626,8.886,8.145,8.145,8.145,8.886,8.886,9.626,10.367,11.107,10.367,9.626,8.886,8.145,7.405,7.405,conexion-vial-cercana
V49_1,V18_0,7.408,1.0,7.408,7.408,7.408,7.408,7.408,7.408,8.149,8.89,9.63,9.63,8.89,8.149,8.149,8.149,8.89,8.89,9.63,10.371,11.112,10.371,9.63,8.89,8.149,7.408,7.408,conexion-vial-cercana
V49_2,V49_1,0.031,1.0,0.031,0.031,0.031,0.031,0.031,0.031,0.035,0.038,0.041,0.041,0.038,0.035,0.035,0.035,0.038,0.038,0.041,0.044,0.047,0.044,0.041,0.038,0.035,0.031,0.031,conexion-vial-cercana
V49_2,V49_0,0.057,1.0,0.057,0.057,0.057,0.057,0.057,0.057,0.063,0.068,0.074,0.074,0.068,0.063,0.063,0.063,0.068,0.068,0.074,0.08,0.085,0.08,0.074,0.068,0.063,0.057,0.057,conexion-vial-cercana
V49_2,V8_2,7.222,1.0,7.222,7.222,7.222,7.222,7.222,7.222,7.944,8.667,9.389,9.389,8.667,7.944,7.944,7.944,8.667,8.667,9.389,10.111,10.833,10.111,9.389,8.667,7.944,7.222,7.222,conexion-vial-cercana
V49_2,V8_1,7.355,1.0,7.355,7.355,7.355,7.355,7.355,7.355,8.091,8.826,9.562,9.562,8.826,8.091,8.091,8.091,8.826,8.826,9.562,10.297,11.033,10.297,9.562,8.826,8.091,7.355,7.355,conexion-vial-cercana
V49_2,V18_1,7.393,1.0,7.393,7.393,7.393,7.393,7.393,7.393,8.133,8.872,9.611,9.611,8.872,8.133,8.133,8.133,8.872,8.872,9.611,10.351,11.09,10.351,9.611,8.872,8.133,7.393,7.393,conexion-vial-cercana
V49_2,V24_2,7.409,1.0,7.409,7.409,7.409,7.409,7.409,7.409,8.15,8.89,9.631,9.631,8.89,8.15,8.15,8.15,8.89,8.89,9.631,10.372,11.113,10.372,9.631,8.89,8.15,7.409,7.409,conexion-vial-cercana
V49_2,V24_1,7.42,1.0,7.42,7.42,7.42,7.42,7.42,7.42,8.162,8.904,9.646,9.646,8.904,8.162,8.162,8.162,8.904,8.904,9.646,10.388,11.13,10.388,9.646,8.904,8.162,7.42,7.42,conexion-vial-cercana
V49_2,V18_0,7.423,1.0,7.423,7.423,7.423,7.423,7.423,7.423,8.165,8.908,9.65,9.65,8.908,8.165,8.165,8.165,8.908,8.908,9.65,10.392,11.135,10.392,9.65,8.908,8.165,7.423,7.423,conexion-vial-cercana
V50_0,V50_1,0.0,1.0,0.0,0.0,0.0,0.0,0.0,0.0,0.0,0.0,0.0,0.0,0.0,0.0,0.0,0.0,0.0,0.0,0.0,0.0,0.0,0.0,0.0,0.0,0.0,0.0,0.0,conexion-vial-cercana
V50_0,V58_2,0.012,1.0,0.012,0.014,0.014,0.013,0.013,0.015,0.018,0.021,0.023,0.023,0.021,0.018,0.016,0.018,0.019,0.02,0.022,0.023,0.023,0.022,0.02,0.018,0.016,0.015,0.014,conexion-vial-cercana
V50_0,V58_0,0.096,1.0,0.096,0.116,0.116,0.106,0.106,0.125,0.145,0.174,0.193,0.193,0.174,0.145,0.135,0.145,0.154,0.164,0.183,0.193,0.193,0.183,0.164,0.145,0.135,0.125,0.116,conexion-vial-cercana
V50_0,V58_1,0.096,1.0,0.096,0.116,0.116,0.106,0.106,0.125,0.145,0.174,0.193,0.193,0.174,0.145,0.135,0.145,0.154,0.164,0.183,0.193,0.193,0.183,0.164,0.145,0.135,0.125,0.116,conexion-vial-cercana
V50_0,V50_2,0.097,1.0,0.097,0.117,0.117,0.107,0.107,0.127,0.146,0.175,0.195,0.195,0.175,0.146,0.136,0.146,0.156,0.166,0.185,0.195,0.195,0.185,0.166,0.146,0.136,0.127,0.117,conexion-vial-cercana
V50_0,V0_0,0.215,1.0,0.215,0.258,0.258,0.237,0.237,0.28,0.323,0.387,0.43,0.43,0.387,0.323,0.301,0.323,0.344,0.366,0.409,0.43,0.43,0.409,0.366,0.323,0.301,0.28,0.258,conexion-vial-cercana
V50_0,V74_1,0.414,1.0,0.414,0.497,0.497,0.455,0.455,0.538,0.621,0.745,0.828,0.828,0.745,0.621,0.58,0.621,0.662,0.704,0.787,0.828,0.828,0.787,0.704,0.621,0.58,0.538,0.497,conexion-vial-cercana
V50_0,V67_2,0.495,1.0,0.495,0.594,0.594,0.544,0.544,0.643,0.742,0.891,0.99,0.99,0.891,0.742,0.693,0.742,0.792,0.841,0.94,0.99,0.99,0.94,0.841,0.742,0.693,0.643,0.594,conexion-vial-cercana
V50_1,V50_0,0.0,1.0,0.0,0.0,0.0,0.0,0.0,0.0,0.0,0.0,0.0,0.0,0.0,0.0,0.0,0.0,0.0,0.0,0.0,0.0,0.0,0.0,0.0,0.0,0.0,0.0,0.0,conexion-vial-cercana
V50_1,V58_2,0.012,1.0,0.012,0.014,0.014,0.013,0.013,0.015,0.018,0.021,0.023,0.023,0.021,0.018,0.016,0.018,0.019,0.02,0.022,0.023,0.023,0.022,0.02,0.018,0.016,0.015,0.014,conexion-vial-cercana
V50_1,V58_0,0.096,1.0,0.096,0.116,0.116,0.106,0.106,0.125,0.145,0.174,0.193,0.193,0.174,0.145,0.135,0.145,0.154,0.164,0.183,0.193,0.193,0.183,0.164,0.145,0.135,0.125,0.116,conexion-vial-cercana
V50_1,V58_1,0.096,1.0,0.096,0.116,0.116,0.106,0.106,0.125,0.145,0.174,0.193,0.193,0.174,0.145,0.135,0.145,0.154,0.164,0.183,0.193,0.193,0.183,0.164,0.145,0.135,0.125,0.116,conexion-vial-cercana
V50_1,V50_2,0.097,1.0,0.097,0.117,0.117,0.107,0.107,0.127,0.146,0.175,0.195,0.195,0.175,0.146,0.136,0.146,0.156,0.166,0.185,0.195,0.195,0.185,0.166,0.146,0.136,0.127,0.117,conexion-vial-cercana
V50_1,V0_0,0.215,1.0,0.215,0.258,0.258,0.237,0.237,0.28,0.323,0.387,0.43,0.43,0.387,0.323,0.301,0.323,0.344,0.366,0.409,0.43,0.43,0.409,0.366,0.323,0.301,0.28,0.258,conexion-vial-cercana
V50_1,V74_1,0.414,1.0,0.414,0.497,0.497,0.455,0.455,0.538,0.621,0.745,0.828,0.828,0.745,0.621,0.58,0.621,0.662,0.704,0.787,0.828,0.828,0.787,0.704,0.621,0.58,0.538,0.497,conexion-vial-cercana
V50_1,V67_2,0.495,1.0,0.495,0.594,0.594,0.544,0.544,0.643,0.742,0.891,0.99,0.99,0.891,0.742,0.693,0.742,0.792,0.841,0.94,0.99,0.99,0.94,0.841,0.742,0.693,0.643,0.594,conexion-vial-cercana
V50_2,V58_0,0.011,1.0,0.011,0.014,0.014,0.013,0.013,0.015,0.017,0.021,0.023,0.023,0.021,0.017,0.016,0.017,0.018,0.019,0.022,0.023,0.023,0.022,0.019,0.017,0.016,0.015,0.014,conexion-vial-cercana
V50_2,V58_1,0.011,1.0,0.011,0.014,0.014,0.013,0.013,0.015,0.017,0.021,0.023,0.023,0.021,0.017,0.016,0.017,0.018,0.019,0.022,0.023,0.023,0.022,0.019,0.017,0.016,0.015,0.014,conexion-vial-cercana
V50_2,V50_0,0.097,1.0,0.097,0.117,0.117,0.107,0.107,0.127,0.146,0.175,0.195,0.195,0.175,0.146,0.136,0.146,0.156,0.166,0.185,0.195,0.195,0.185,0.166,0.146,0.136,0.127,0.117,conexion-vial-cercana
V50_2,V50_1,0.097,1.0,0.097,0.117,0.117,0.107,0.107,0.127,0.146,0.175,0.195,0.195,0.175,0.146,0.136,0.146,0.156,0.166,0.185,0.195,0.195,0.185,0.166,0.146,0.136,0.127,0.117,conexion-vial-cercana
V50_2,V58_2,0.098,1.0,0.098,0.118,0.118,0.108,0.108,0.128,0.147,0.177,0.196,0.196,0.177,0.147,0.137,0.147,0.157,0.167,0.186,0.196,0.196,0.186,0.167,0.147,0.137,0.128,0.118,conexion-vial-cercana
V50_2,V0_0,0.231,1.0,0.231,0.278,0.278,0.255,0.255,0.301,0.347,0.417,0.463,0.463,0.417,0.347,0.324,0.347,0.37,0.393,0.44,0.463,0.463,0.44,0.393,0.347,0.324,0.301,0.278,conexion-vial-cercana
V50_2,V74_1,0.317,1.0,0.317,0.38,0.38,0.348,0.348,0.412,0.475,0.57,0.633,0.633,0.57,0.475,0.443,0.475,0.507,0.538,0.602,0.633,0.633,0.602,0.538,0.475,0.443,0.412,0.38,conexion-vial-cercana
V50_2,V59_2,0.582,1.0,0.582,0.698,0.698,0.64,0.64,0.756,0.873,1.047,1.164,1.164,1.047,0.873,0.815,0.873,0.931,0.989,1.105,1.164,1.164,1.105,0.989,0.873,0.815,0.756,0.698,conexion-vial-cercana
V51_0,V53_2,0.0,1.0,0.0,0.0,0.0,0.0,0.0,0.0,0.0,0.0,0.0,0.0,0.0,0.0,0.0,0.0,0.0,0.0,0.0,0.0,0.0,0.0,0.0,0.0,0.0,0.0,0.0,conexion-vial-cercana
V51_0,V56_2,0.013,1.0,0.013,0.016,0.016,0.015,0.015,0.017,0.02,0.024,0.027,0.027,0.024,0.02,0.019,0.02,0.021,0.023,0.025,0.027,0.027,0.025,0.023,0.02,0.019,0.017,0.016,conexion-vial-cercana
V51_0,V56_1,0.154,1.0,0.154,0.184,0.184,0.169,0.169,0.2,0.23,0.276,0.307,0.307,0.276,0.23,0.215,0.23,0.246,0.261,0.292,0.307,0.307,0.292,0.261,0.23,0.215,0.2,0.184,conexion-vial-cercana
V51_0,V51_1,0.191,1.0,0.191,0.229,0.229,0.21,0.21,0.248,0.286,0.343,0.381,0.381,0.343,0.286,0.267,0.286,0.305,0.324,0.362,0.381,0.381,0.362,0.324,0.286,0.267,0.248,0.229,conexion-vial-cercana
V51_0,V77_2,0.295,1.0,0.295,0.354,0.354,0.324,0.324,0.383,0.442,0.531,0.59,0.59,0.531,0.442,0.413,0.442,0.472,0.501,0.56,0.59,0.59,0.56,0.501,0.442,0.413,0.383,0.354,conexion-vial-cercana
V51_0,V77_1,0.301,1.0,0.301,0.361,0.361,0.331,0.331,0.391,0.452,0.542,0.602,0.602,0.542,0.452,0.421,0.452,0.482,0.512,0.572,0.602,0.602,0.572,0.512,0.452,0.421,0.391,0.361,conexion-vial-cercana
V51_0,V53_1,0.322,1.0,0.322,0.387,0.387,0.354,0.354,0.419,0.483,0.58,0.644,0.644,0.58,0.483,0.451,0.483,0.515,0.548,0.612,0.644,0.644,0.612,0.548,0.483,0.451,0.419,0.387,conexion-vial-cercana
V51_0,V76_0,0.325,1.0,0.325,0.39,0.39,0.357,0.357,0.422,0.487,0.585,0.65,0.65,0.585,0.487,0.455,0.487,0.52,0.552,0.617,0.65,0.65,0.617,0.552,0.487,0.455,0.422,0.39,conexion-vial-cercana
V51_1,V56_1,0.041,1.0,0.041,0.049,0.049,0.045,0.045,0.053,0.061,0.074,0.082,0.082,0.074,0.061,0.057,0.061,0.066,0.07,0.078,0.082,0.082,0.078,0.07,0.061,0.057,0.053,0.049,conexion-vial-cercana
V51_1,V77_1,0.122,1.0,0.122,0.146,0.146,0.134,0.134,0.159,0.183,0.22,0.244,0.244,0.22,0.183,0.171,0.183,0.195,0.207,0.232,0.244,0.244,0.232,0.207,0.183,0.171,0.159,0.146,conexion-vial-cercana
V51_1,V77_2,0.133,1.0,0.133,0.16,0.16,0.147,0.147,0.173,0.2,0.24,0.267,0.267,0.24,0.2,0.187,0.2,0.213,0.227,0.253,0.267,0.267,0.253,0.227,0.2,0.187,0.173,0.16,conexion-vial-cercana
V51_1,V76_0,0.135,1.0,0.135,0.162,0.162,0.149,0.149,0.176,0.203,0.243,0.27,0.27,0.243,0.203,0.189,0.203,0.216,0.23,0.257,0.27,0.27,0.257,0.23,0.203,0.189,0.176,0.162,conexion-vial-cercana
V51_1,V76_1,0.135,1.0,0.135,0.162,0.162,0.149,0.149,0.176,0.203,0.243,0.27,0.27,0.243,0.203,0.189,0.203,0.216,0.23,0.257,0.27,0.27,0.257,0.23,0.203,0.189,0.176,0.162,conexion-vial-cercana
V51_1,V76_2,0.136,1.0,0.136,0.163,0.163,0.15,0.15,0.177,0.204,0.245,0.272,0.272,0.245,0.204,0.191,0.204,0.218,0.231,0.259,0.272,0.272,0.259,0.231,0.204,0.191,0.177,0.163,conexion-vial-cercana
V51_1,V77_0,0.161,1.0,0.161,0.193,0.193,0.177,0.177,0.209,0.241,0.289,0.321,0.321,0.289,0.241,0.225,0.241,0.257,0.273,0.305,0.321,0.321,0.305,0.273,0.241,0.225,0.209,0.193,conexion-vial-cercana
V51_1,V51_0,0.191,1.0,0.191,0.229,0.229,0.21,0.21,0.248,0.286,0.343,0.381,0.381,0.343,0.286,0.267,0.286,0.305,0.324,0.362,0.381,0.381,0.362,0.324,0.286,0.267,0.248,0.229,conexion-vial-cercana
V51_2,V56_0,0.01,1.0,0.01,0.011,0.011,0.011,0.011,0.012,0.014,0.017,0.019,0.019,0.017,0.014,0.013,0.014,0.015,0.016,0.018,0.019,0.019,0.018,0.016,0.014,0.013,0.012,0.011,conexion-vial-cercana
V51_2,V73_1,0.118,1.0,0.118,0.142,0.142,0.13,0.13,0.153,0.177,0.212,0.236,0.236,0.212,0.177,0.165,0.177,0.189,0.201,0.224,0.236,0.236,0.224,0.201,0.177,0.165,0.153,0.142,conexion-vial-cercana
V51_2,V71_2,0.126,1.0,0.126,0.151,0.151,0.139,0.139,0.164,0.189,0.227,0.252,0.252,0.227,0.189,0.176,0.189,0.202,0.214,0.239,0.252,0.252,0.239,0.214,0.189,0.176,0.164,0.151,conexion-vial-cercana
V51_2,V71_0,0.129,1.0,0.129,0.154,0.154,0.141,0.141,0.167,0.193,0.231,0.257,0.257,0.231,0.193,0.18,0.193,0.206,0.218,0.244,0.257,0.257,0.244,0.218,0.193,0.18,0.167,0.154,conexion-vial-cercana
V51_2,V71_1,0.129,1.0,0.129,0.154,0.154,0.141,0.141,0.167,0.193,0.231,0.257,0.257,0.231,0.193,0.18,0.193,0.206,0.218,0.244,0.257,0.257,0.244,0.218,0.193,0.18,0.167,0.154,conexion-vial-cercana
V51_2,V73_2,0.131,1.0,0.131,0.157,0.157,0.144,0.144,0.17,0.196,0.235,0.261,0.261,0.235,0.196,0.183,0.196,0.209,0.222,0.248,0.261,0.261,0.248,0.222,0.196,0.183,0.17,0.157,conexion-vial-cercana
V51_2,V75_1,0.134,1.0,0.134,0.161,0.161,0.148,0.148,0.174,0.201,0.242,0.268,0.268,0.242,0.201,0.188,0.201,0.215,0.228,0.255,0.268,0.268,0.255,0.228,0.201,0.188,0.174,0.161,conexion-vial-cercana
V51_2,V72_2,0.16,1.0,0.16,0.193,0.193,0.177,0.177,0.209,0.241,0.289,0.321,0.321,0.289,0.241,0.225,0.241,0.257,0.273,0.305,0.321,0.321,0.305,0.273,0.241,0.225,0.209,0.193,conexion-vial-cercana
V52_0,V54_2,0.0,1.0,0.0,0.0,0.0,0.0,0.0,0.0,0.0,0.0,0.0,0.0,0.0,0.0,0.0,0.0,0.0,0.0,0.0,0.0,0.0,0.0,0.0,0.0,0.0,0.0,0.0,conexion-vial-cercana
V52_0,V54_0,0.101,1.0,0.101,0.121,0.121,0.111,0.111,0.131,0.151,0.181,0.202,0.202,0.181,0.151,0.141,0.151,0.161,0.171,0.191,0.202,0.202,0.191,0.171,0.151,0.141,0.131,0.121,conexion-vial-cercana
V52_0,V54_1,0.101,1.0,0.101,0.121,0.121,0.111,0.111,0.131,0.151,0.181,0.202,0.202,0.181,0.151,0.141,0.151,0.161,0.171,0.191,0.202,0.202,0.191,0.171,0.151,0.141,0.131,0.121,conexion-vial-cercana
V52_0,V2_0,0.296,1.0,0.296,0.356,0.356,0.326,0.326,0.385,0.444,0.533,0.593,0.593,0.533,0.444,0.415,0.444,0.474,0.504,0.563,0.593,0.593,0.563,0.504,0.444,0.415,0.385,0.356,conexion-vial-cercana
V52_0,V2_1,0.403,1.0,0.403,0.483,0.483,0.443,0.443,0.523,0.604,0.725,0.805,0.805,0.725,0.604,0.564,0.604,0.644,0.684,0.765,0.805,0.805,0.765,0.684,0.604,0.564,0.523,0.483,conexion-vial-cercana
V52_0,V55_2,0.497,1.0,0.497,0.596,0.596,0.547,0.547,0.646,0.746,0.895,0.994,0.994,0.895,0.746,0.696,0.746,0.795,0.845,0.944,0.994,0.994,0.944,0.845,0.746,0.696,0.646,0.596,conexion-vial-cercana
V52_0,V2_2,0.565,1.0,0.565,0.678,0.678,0.621,0.621,0.734,0.847,1.017,1.13,1.13,1.017,0.847,0.791,0.847,0.904,0.96,1.073,1.13,1.13,1.073,0.96,0.847,0.791,0.734,0.678,conexion-vial-cercana
V52_0,V78_0,0.586,1.0,0.586,0.703,0.703,0.645,0.645,0.762,0.879,1.055,1.172,1.172,1.055,0.879,0.821,0.879,0.938,0.996,1.114,1.172,1.172,1.114,0.996,0.879,0.821,0.762,0.703,conexion-vial-cercana
V52_1,V78_2,0.187,1.0,0.187,0.224,0.224,0.205,0.205,0.243,0.28,0.336,0.373,0.373,0.336,0.28,0.261,0.28,0.299,0.317,0.354,0.373,0.373,0.354,0.317,0.28,0.261,0.243,0.224,conexion-vial-cercana
V52_1,V55_1,0.203,1.0,0.203,0.244,0.244,0.223,0.223,0.264,0.305,0.366,0.406,0.406,0.366,0.305,0.284,0.305,0.325,0.345,0.386,0.406,0.406,0.386,0.345,0.305,0.284,0.264,0.244,conexion-vial-cercana
V52_1,V78_1,0.252,1.0,0.252,0.303,0.303,0.277,0.277,0.328,0.378,0.454,0.504,0.504,0.454,0.378,0.353,0.378,0.403,0.429,0.479,0.504,0.504,0.479,0.429,0.378,0.353,0.328,0.303,conexion-vial-cercana
V52_1,V55_2,0.308,1.0,0.308,0.37,0.37,0.339,0.339,0.401,0.462,0.555,0.616,0.616,0.555,0.462,0.432,0.462,0.493,0.524,0.586,0.616,0.616,0.586,0.524,0.462,0.432,0.401,0.37,conexion-vial-cercana
V52_1,V78_0,0.313,1.0,0.313,0.376,0.376,0.344,0.344,0.407,0.47,0.564,0.626,0.626,0.564,0.47,0.438,0.47,0.501,0.532,0.595,0.626,0.626,0.595,0.532,0.47,0.438,0.407,0.376,conexion-vial-cercana
V52_1,V55_0,0.43,1.0,0.43,0.516,0.516,0.473,0.473,0.559,0.645,0.774,0.86,0.86,0.774,0.645,0.602,0.645,0.688,0.731,0.817,0.86,0.86,0.817,0.731,0.645,0.602,0.559,0.516,conexion-vial-cercana
V52_1,V52_2,0.436,1.0,0.436,0.523,0.523,0.479,0.479,0.567,0.654,0.785,0.872,0.872,0.785,0.654,0.61,0.654,0.697,0.741,0.828,0.872,0.872,0.828,0.741,0.654,0.61,0.567,0.523,conexion-vial-cercana
V52_1,V53_0,0.473,1.0,0.473,0.568,0.568,0.521,0.521,0.616,0.71,0.852,0.947,0.947,0.852,0.71,0.663,0.71,0.758,0.805,0.9,0.947,0.947,0.9,0.805,0.71,0.663,0.616,0.568,conexion-vial-cercana
V52_2,V55_0,0.013,1.0,0.013,0.015,0.015,0.014,0.014,0.017,0.019,0.023,0.026,0.026,0.023,0.019,0.018,0.019,0.021,0.022,0.024,0.026,0.026,0.024,0.022,0.019,0.018,0.017,0.015,conexion-vial-cercana
V52_2,V53_0,0.039,1.0,0.039,0.047,0.047,0.043,0.043,0.051,0.058,0.07,0.078,0.078,0.07,0.058,0.055,0.058,0.062,0.066,0.074,0.078,0.078,0.074,0.066,0.058,0.055,0.051,0.047,conexion-vial-cercana
V52_2,V53_1,0.145,1.0,0.145,0.175,0.175,0.16,0.16,0.189,0.218,0.262,0.291,0.291,0.262,0.218,0.204,0.218,0.233,0.247,0.276,0.291,0.291,0.276,0.247,0.218,0.204,0.189,0.175,conexion-vial-cercana
V52_2,V55_1,0.234,1.0,0.234,0.281,0.281,0.258,0.258,0.305,0.351,0.422,0.469,0.469,0.422,0.351,0.328,0.351,0.375,0.398,0.445,0.469,0.469,0.445,0.398,0.351,0.328,0.305,0.281,conexion-vial-cercana
V52_2,V52_1,0.436,1.0,0.436,0.523,0.523,0.479,0.479,0.567,0.654,0.785,0.872,0.872,0.785,0.654,0.61,0.654,0.697,0.741,0.828,0.872,0.872,0.828,0.741,0.654,0.61,0.567,0.523,conexion-vial-cercana
V52_2,V78_2,0.446,1.0,0.446,0.535,0.535,0.491,0.491,0.58,0.669,0.803,0.892,0.892,0.803,0.669,0.624,0.669,0.714,0.758,0.847,0.892,0.892,0.847,0.758,0.669,0.624,0.58,0.535,conexion-vial-cercana
V52_2,V56_2,0.465,1.0,0.465,0.558,0.558,0.511,0.511,0.604,0.697,0.837,0.93,0.93,0.837,0.697,0.651,0.697,0.744,0.79,0.883,0.93,0.93,0.883,0.79,0.697,0.651,0.604,0.558,conexion-vial-cercana
V52_2,V51_0,0.466,1.0,0.466,0.56,0.56,0.513,0.513,0.606,0.7,0.839,0.933,0.933,0.839,0.7,0.653,0.7,0.746,0.793,0.886,0.933,0.933,0.886,0.793,0.7,0.653,0.606,0.56,conexion-vial-cercana
V53_0,V52_2,0.039,1.0,0.039,0.047,0.047,0.043,0.043,0.051,0.058,0.07,0.078,0.078,0.07,0.058,0.055,0.058,0.062,0.066,0.074,0.078,0.078,0.074,0.066,0.058,0.055,0.051,0.047,conexion-vial-cercana
V53_0,V55_0,0.044,1.0,0.044,0.052,0.052,0.048,0.048,0.057,0.065,0.079,0.087,0.087,0.079,0.065,0.061,0.065,0.07,0.074,0.083,0.087,0.087,0.083,0.074,0.065,0.061,0.057,0.052,conexion-vial-cercana
V53_0,V53_1,0.107,1.0,0.107,0.128,0.128,0.117,0.117,0.139,0.16,0.192,0.214,0.214,0.192,0.16,0.149,0.16,0.171,0.182,0.203,0.214,0.214,0.203,0.182,0.16,0.149,0.139,0.128,conexion-vial-cercana
V53_0,V55_1,0.273,1.0,0.273,0.327,0.327,0.3,0.3,0.354,0.409,0.491,0.545,0.545,0.491,0.409,0.382,0.409,0.436,0.463,0.518,0.545,0.545,0.518,0.463,0.409,0.382,0.354,0.327,conexion-vial-cercana
V53_0,V56_2,0.427,1.0,0.427,0.513,0.513,0.47,0.47,0.555,0.641,0.769,0.854,0.854,0.769,0.641,0.598,0.641,0.683,0.726,0.812,0.854,0.854,0.812,0.726,0.641,0.598,0.555,0.513,conexion-vial-cercana
V53_0,V51_0,0.428,1.0,0.428,0.514,0.514,0.471,0.471,0.557,0.642,0.771,0.857,0.857,0.771,0.642,0.6,0.642,0.685,0.728,0.814,0.857,0.857,0.814,0.728,0.642,0.6,0.557,0.514,conexion-vial-cercana
V53_0,V53_2,0.428,1.0,0.428,0.514,0.514,0.471,0.471,0.557,0.642,0.771,0.857,0.857,0.771,0.642,0.6,0.642,0.685,0.728,0.814,0.857,0.857,0.814,0.728,0.642,0.6,0.557,0.514,conexion-vial-cercana
V53_0,V52_1,0.473,1.0,0.473,0.568,0.568,0.521,0.521,0.616,0.71,0.852,0.947,0.947,0.852,0.71,0.663,0.71,0.758,0.805,0.9,0.947,0.947,0.9,0.805,0.71,0.663,0.616,0.568,conexion-vial-cercana
V53_1,V53_0,0.107,1.0,0.107,0.128,0.128,0.117,0.117,0.139,0.16,0.192,0.214,0.214,0.192,0.16,0.149,0.16,0.171,0.182,0.203,0.214,0.214,0.203,0.182,0.16,0.149,0.139,0.128,conexion-vial-cercana
V53_1,V52_2,0.145,1.0,0.145,0.175,0.175,0.16,0.16,0.189,0.218,0.262,0.291,0.291,0.262,0.218,0.204,0.218,0.233,0.247,0.276,0.291,0.291,0.276,0.247,0.218,0.204,0.189,0.175,conexion-vial-cercana
V53_1,V55_0,0.148,1.0,0.148,0.177,0.177,0.162,0.162,0.192,0.222,0.266,0.295,0.295,0.266,0.222,0.207,0.222,0.236,0.251,0.281,0.295,0.295,0.281,0.251,0.222,0.207,0.192,0.177,conexion-vial-cercana
V53_1,V56_2,0.321,1.0,0.321,0.386,0.386,0.354,0.354,0.418,0.482,0.579,0.643,0.643,0.579,0.482,0.45,0.482,0.514,0.547,0.611,0.643,0.643,0.611,0.547,0.482,0.45,0.418,0.386,conexion-vial-cercana
V53_1,V51_0,0.322,1.0,0.322,0.387,0.387,0.354,0.354,0.419,0.483,0.58,0.644,0.644,0.58,0.483,0.451,0.483,0.515,0.548,0.612,0.644,0.644,0.612,0.548,0.483,0.451,0.419,0.387,conexion-vial-cercana
V53_1,V53_2,0.322,1.0,0.322,0.387,0.387,0.354,0.354,0.419,0.483,0.58,0.644,0.644,0.58,0.483,0.451,0.483,0.515,0.548,0.612,0.644,0.644,0.612,0.548,0.483,0.451,0.419,0.387,conexion-vial-cercana
V53_1,V55_1,0.376,1.0,0.376,0.451,0.451,0.414,0.414,0.489,0.564,0.677,0.752,0.752,0.677,0.564,0.526,0.564,0.602,0.639,0.714,0.752,0.752,0.714,0.639,0.564,0.526,0.489,0.451,conexion-vial-cercana
V53_1,V56_1,0.476,1.0,0.476,0.571,0.571,0.523,0.523,0.618,0.713,0.856,0.951,0.951,0.856,0.713,0.666,0.713,0.761,0.809,0.904,0.951,0.951,0.904,0.809,0.713,0.666,0.618,0.571,conexion-vial-cercana
V53_2,V51_0,0.0,1.0,0.0,0.0,0.0,0.0,0.0,0.0,0.0,0.0,0.0,0.0,0.0,0.0,0.0,0.0,0.0,0.0,0.0,0.0,0.0,0.0,0.0,0.0,0.0,0.0,0.0,conexion-vial-cercana
V53_2,V56_2,0.013,1.0,0.013,0.016,0.016,0.015,0.015,0.017,0.02,0.024,0.027,0.027,0.024,0.02,0.019,0.02,0.021,0.023,0.025,0.027,0.027,0.025,0.023,0.02,0.019,0.017,0.016,conexion-vial-cercana
V53_2,V56_1,0.154,1.0,0.154,0.184,0.184,0.169,0.169,0.2,0.23,0.276,0.307,0.307,0.276,0.23,0.215,0.23,0.246,0.261,0.292,0.307,0.307,0.292,0.261,0.23,0.215,0.2,0.184,conexion-vial-cercana
V53_2,V51_1,0.191,1.0,0.191,0.229,0.229,0.21,0.21,0.248,0.286,0.343,0.381,0.381,0.343,0.286,0.267,0.286,0.305,0.324,0.362,0.381,0.381,0.362,0.324,0.286,0.267,0.248,0.229,conexion-vial-cercana
V53_2,V77_2,0.295,1.0,0.295,0.354,0.354,0.324,0.324,0.383,0.442,0.531,0.59,0.59,0.531,0.442,0.413,0.442,0.472,0.501,0.56,0.59,0.59,0.56,0.501,0.442,0.413,0.383,0.354,conexion-vial-cercana
V53_2,V77_1,0.301,1.0,0.301,0.361,0.361,0.331,0.331,0.391,0.452,0.542,0.602,0.602,0.542,0.452,0.421,0.452,0.482,0.512,0.572,0.602,0.602,0.572,0.512,0.452,0.421,0.391,0.361,conexion-vial-cercana
V53_2,V53_1,0.322,1.0,0.322,0.387,0.387,0.354,0.354,0.419,0.483,0.58,0.644,0.644,0.58,0.483,0.451,0.483,0.515,0.548,0.612,0.644,0.644,0.612,0.548,0.483,0.451,0.419,0.387,conexion-vial-cercana
V53_2,V76_0,0.325,1.0,0.325,0.39,0.39,0.357,0.357,0.422,0.487,0.585,0.65,0.65,0.585,0.487,0.455,0.487,0.52,0.552,0.617,0.65,0.65,0.617,0.552,0.487,0.455,0.422,0.39,conexion-vial-cercana
V54_0,V54_1,0.0,1.0,0.0,0.0,0.0,0.0,0.0,0.0,0.0,0.0,0.0,0.0,0.0,0.0,0.0,0.0,0.0,0.0,0.0,0.0,0.0,0.0,0.0,0.0,0.0,0.0,0.0,conexion-vial-cercana
V54_0,V52_0,0.101,1.0,0.101,0.121,0.121,0.111,0.111,0.131,0.151,0.181,0.202,0.202,0.181,0.151,0.141,0.151,0.161,0.171,0.191,0.202,0.202,0.191,0.171,0.151,0.141,0.131,0.121,conexion-vial-cercana
V54_0,V54_2,0.101,1.0,0.101,0.121,0.121,0.111,0.111,0.131,0.151,0.181,0.202,0.202,0.181,0.151,0.141,0.151,0.161,0.171,0.191,0.202,0.202,0.191,0.171,0.151,0.141,0.131,0.121,conexion-vial-cercana
V54_0,V2_0,0.363,1.0,0.363,0.436,0.436,0.399,0.399,0.472,0.544,0.653,0.726,0.726,0.653,0.544,0.508,0.544,0.581,0.617,0.69,0.726,0.726,0.69,0.617,0.544,0.508,0.472,0.436,conexion-vial-cercana
V54_0,V2_1,0.462,1.0,0.462,0.554,0.554,0.508,0.508,0.6,0.693,0.831,0.923,0.923,0.831,0.693,0.646,0.693,0.739,0.785,0.877,0.923,0.923,0.877,0.785,0.693,0.646,0.6,0.554,conexion-vial-cercana
V54_0,V55_2,0.597,1.0,0.597,0.717,0.717,0.657,0.657,0.776,0.896,1.075,1.194,1.194,1.075,0.896,0.836,0.896,0.955,1.015,1.134,1.194,1.194,1.134,1.015,0.896,0.836,0.776,0.717,conexion-vial-cercana
V54_0,V2_2,0.63,1.0,0.63,0.756,0.756,0.693,0.693,0.819,0.945,1.133,1.259,1.259,1.133,0.945,0.882,0.945,1.008,1.07,1.196,1.259,1.259,1.196,1.07,0.945,0.882,0.819,0.756,conexion-vial-cercana
V54_0,V78_0,0.687,1.0,0.687,0.824,0.824,0.755,0.755,0.893,1.03,1.236,1.373,1.373,1.236,1.03,0.961,1.03,1.099,1.167,1.305,1.373,1.373,1.305,1.167,1.03,0.961,0.893,0.824,conexion-vial-cercana
V54_1,V54_0,0.0,1.0,0.0,0.0,0.0,0.0,0.0,0.0,0.0,0.0,0.0,0.0,0.0,0.0,0.0,0.0,0.0,0.0,0.0,0.0,0.0,0.0,0.0,0.0,0.0,0.0,0.0,conexion-vial-cercana
V54_1,V52_0,0.101,1.0,0.101,0.121,0.121,0.111,0.111,0.131,0.151,0.181,0.202,0.202,0.181,0.151,0.141,0.151,0.161,0.171,0.191,0.202,0.202,0.191,0.171,0.151,0.141,0.131,0.121,conexion-vial-cercana
V54_1,V54_2,0.101,1.0,0.101,0.121,0.121,0.111,0.111,0.131,0.151,0.181,0.202,0.202,0.181,0.151,0.141,0.151,0.161,0.171,0.191,0.202,0.202,0.191,0.171,0.151,0.141,0.131,0.121,conexion-vial-cercana
V54_1,V2_0,0.363,1.0,0.363,0.436,0.436,0.399,0.399,0.472,0.544,0.653,0.726,0.726,0.653,0.544,0.508,0.544,0.581,0.617,0.69,0.726,0.726,0.69,0.617,0.544,0.508,0.472,0.436,conexion-vial-cercana
V54_1,V2_1,0.462,1.0,0.462,0.554,0.554,0.508,0.508,0.6,0.693,0.831,0.923,0.923,0.831,0.693,0.646,0.693,0.739,0.785,0.877,0.923,0.923,0.877,0.785,0.693,0.646,0.6,0.554,conexion-vial-cercana
V54_1,V55_2,0.597,1.0,0.597,0.717,0.717,0.657,0.657,0.776,0.896,1.075,1.194,1.194,1.075,0.896,0.836,0.896,0.955,1.015,1.134,1.194,1.194,1.134,1.015,0.896,0.836,0.776,0.717,conexion-vial-cercana
V54_1,V2_2,0.63,1.0,0.63,0.756,0.756,0.693,0.693,0.819,0.945,1.133,1.259,1.259,1.133,0.945,0.882,0.945,1.008,1.07,1.196,1.259,1.259,1.196,1.07,0.945,0.882,0.819,0.756,conexion-vial-cercana
V54_1,V78_0,0.687,1.0,0.687,0.824,0.824,0.755,0.755,0.893,1.03,1.236,1.373,1.373,1.236,1.03,0.961,1.03,1.099,1.167,1.305,1.373,1.373,1.305,1.167,1.03,0.961,0.893,0.824,conexion-vial-cercana
V54_2,V52_0,0.0,1.0,0.0,0.0,0.0,0.0,0.0,0.0,0.0,0.0,0.0,0.0,0.0,0.0,0.0,0.0,0.0,0.0,0.0,0.0,0.0,0.0,0.0,0.0,0.0,0.0,0.0,conexion-vial-cercana
V54_2,V54_0,0.101,1.0,0.101,0.121,0.121,0.111,0.111,0.131,0.151,0.181,0.202,0.202,0.181,0.151,0.141,0.151,0.161,0.171,0.191,0.202,0.202,0.191,0.171,0.151,0.141,0.131,0.121,conexion-vial-cercana
V54_2,V54_1,0.101,1.0,0.101,0.121,0.121,0.111,0.111,0.131,0.151,0.181,0.202,0.202,0.181,0.151,0.141,0.151,0.161,0.171,0.191,0.202,0.202,0.191,0.171,0.151,0.141,0.131,0.121,conexion-vial-cercana
V54_2,V2_0,0.296,1.0,0.296,0.356,0.356,0.326,0.326,0.385,0.444,0.533,0.593,0.593,0.533,0.444,0.415,0.444,0.474,0.504,0.563,0.593,0.593,0.563,0.504,0.444,0.415,0.385,0.356,conexion-vial-cercana
V54_2,V2_1,0.403,1.0,0.403,0.483,0.483,0.443,0.443,0.523,0.604,0.725,0.805,0.805,0.725,0.604,0.564,0.604,0.644,0.684,0.765,0.805,0.805,0.765,0.684,0.604,0.564,0.523,0.483,conexion-vial-cercana
V54_2,V55_2,0.497,1.0,0.497,0.596,0.596,0.547,0.547,0.646,0.746,0.895,0.994,0.994,0.895,0.746,0.696,0.746,0.795,0.845,0.944,0.994,0.994,0.944,0.845,0.746,0.696,0.646,0.596,conexion-vial-cercana
V54_2,V2_2,0.565,1.0,0.565,0.678,0.678,0.621,0.621,0.734,0.847,1.017,1.13,1.13,1.017,0.847,0.791,0.847,0.904,0.96,1.073,1.13,1.13,1.073,0.96,0.847,0.791,0.734,0.678,conexion-vial-cercana
V54_2,V78_0,0.586,1.0,0.586,0.703,0.703,0.645,0.645,0.762,0.879,1.055,1.172,1.172,1.055,0.879,0.821,0.879,0.938,0.996,1.114,1.172,1.172,1.114,0.996,0.879,0.821,0.762,0.703,conexion-vial-cercana
V55_0,V52_2,0.013,1.0,0.013,0.015,0.015,0.014,0.014,0.017,0.019,0.023,0.026,0.026,0.023,0.019,0.018,0.019,0.021,0.022,0.024,0.026,0.026,0.024,0.022,0.019,0.018,0.017,0.015,conexion-vial-cercana
V55_0,V53_0,0.044,1.0,0.044,0.052,0.052,0.048,0.048,0.057,0.065,0.079,0.087,0.087,0.079,0.065,0.061,0.065,0.07,0.074,0.083,0.087,0.087,0.083,0.074,0.065,0.061,0.057,0.052,conexion-vial-cercana
V55_0,V53_1,0.148,1.0,0.148,0.177,0.177,0.162,0.162,0.192,0.222,0.266,0.295,0.295,0.266,0.222,0.207,0.222,0.236,0.251,0.281,0.295,0.295,0.281,0.251,0.222,0.207,0.192,0.177,conexion-vial-cercana
V55_0,V55_1,0.229,1.0,0.229,0.275,0.275,0.252,0.252,0.298,0.344,0.413,0.459,0.459,0.413,0.344,0.321,0.344,0.367,0.39,0.436,0.459,0.459,0.436,0.39,0.344,0.321,0.298,0.275,conexion-vial-cercana
V55_0,V52_1,0.43,1.0,0.43,0.516,0.516,0.473,0.473,0.559,0.645,0.774,0.86,0.86,0.774,0.645,0.602,0.645,0.688,0.731,0.817,0.86,0.86,0.817,0.731,0.645,0.602,0.559,0.516,conexion-vial-cercana
V55_0,V78_2,0.436,1.0,0.436,0.523,0.523,0.479,0.479,0.567,0.654,0.784,0.872,0.872,0.784,0.654,0.61,0.654,0.697,0.741,0.828,0.872,0.872,0.828,0.741,0.654,0.61,0.567,0.523,conexion-vial-cercana
V55_0,V56_2,0.465,1.0,0.465,0.558,0.558,0.512,0.512,0.605,0.698,0.837,0.93,0.93,0.837,0.698,0.651,0.698,0.744,0.791,0.884,0.93,0.93,0.884,0.791,0.698,0.651,0.605,0.558,conexion-vial-cercana
V55_0,V51_0,0.467,1.0,0.467,0.56,0.56,0.513,0.513,0.607,0.7,0.84,0.934,0.934,0.84,0.7,0.653,0.7,0.747,0.794,0.887,0.934,0.934,0.887,0.794,0.7,0.653,0.607,0.56,conexion-vial-cercana
V55_1,V52_1,0.203,1.0,0.203,0.244,0.244,0.223,0.223,0.264,0.305,0.366,0.406,0.406,0.366,0.305,0.284,0.305,0.325,0.345,0.386,0.406,0.406,0.386,0.345,0.305,0.284,0.264,0.244,conexion-vial-cercana
V55_1,V55_0,0.229,1.0,0.229,0.275,0.275,0.252,0.252,0.298,0.344,0.413,0.459,0.459,0.413,0.344,0.321,0.344,0.367,0.39,0.436,0.459,0.459,0.436,0.39,0.344,0.321,0.298,0.275,conexion-vial-cercana
V55_1,V52_2,0.234,1.0,0.234,0.281,0.281,0.258,0.258,0.305,0.351,0.422,0.469,0.469,0.422,0.351,0.328,0.351,0.375,0.398,0.445,0.469,0.469,0.445,0.398,0.351,0.328,0.305,0.281,conexion-vial-cercana
V55_1,V78_2,0.266,1.0,0.266,0.319,0.319,0.293,0.293,0.346,0.399,0.479,0.532,0.532,0.479,0.399,0.372,0.399,0.426,0.452,0.506,0.532,0.532,0.506,0.452,0.399,0.372,0.346,0.319,conexion-vial-cercana
V55_1,V53_0,0.273,1.0,0.273,0.327,0.327,0.3,0.3,0.354,0.409,0.491,0.545,0.545,0.491,0.409,0.382,0.409,0.436,0.463,0.518,0.545,0.545,0.518,0.463,0.409,0.382,0.354,0.327,conexion-vial-cercana
V55_1,V53_1,0.376,1.0,0.376,0.451,0.451,0.414,0.414,0.489,0.564,0.677,0.752,0.752,0.677,0.564,0.526,0.564,0.602,0.639,0.714,0.752,0.752,0.714,0.639,0.564,0.526,0.489,0.451,conexion-vial-cercana
V55_1,V78_1,0.404,1.0,0.404,0.485,0.485,0.445,0.445,0.525,0.606,0.728,0.808,0.808,0.728,0.606,0.566,0.606,0.647,0.687,0.768,0.808,0.808,0.768,0.687,0.606,0.566,0.525,0.485,conexion-vial-cercana
V55_1,V78_0,0.49,1.0,0.49,0.588,0.588,0.539,0.539,0.637,0.735,0.882,0.98,0.98,0.882,0.735,0.686,0.735,0.784,0.833,0.931,0.98,0.98,0.931,0.833,0.735,0.686,0.637,0.588,conexion-vial-cercana
V55_2,V78_0,0.143,1.0,0.143,0.172,0.172,0.158,0.158,0.186,0.215,0.258,0.287,0.287,0.258,0.215,0.201,0.215,0.23,0.244,0.273,0.287,0.287,0.273,0.244,0.215,0.201,0.186,0.172,conexion-vial-cercana
V55_2,V78_1,0.217,1.0,0.217,0.26,0.26,0.238,0.238,0.282,0.325,0.39,0.433,0.433,0.39,0.325,0.303,0.325,0.347,0.368,0.412,0.433,0.433,0.412,0.368,0.325,0.303,0.282,0.26,conexion-vial-cercana
V55_2,V52_1,0.308,1.0,0.308,0.37,0.37,0.339,0.339,0.401,0.462,0.555,0.616,0.616,0.555,0.462,0.432,0.462,0.493,0.524,0.586,0.616,0.616,0.586,0.524,0.462,0.432,0.401,0.37,conexion-vial-cercana
V55_2,V78_2,0.34,1.0,0.34,0.408,0.408,0.374,0.374,0.442,0.51,0.612,0.68,0.68,0.612,0.51,0.476,0.51,0.544,0.578,0.646,0.68,0.68,0.646,0.578,0.51,0.476,0.442,0.408,conexion-vial-cercana
V55_2,V2_0,0.371,1.0,0.371,0.445,0.445,0.408,0.408,0.482,0.556,0.667,0.741,0.741,0.667,0.556,0.519,0.556,0.593,0.63,0.704,0.741,0.741,0.704,0.63,0.556,0.519,0.482,0.445,conexion-vial-cercana
V55_2,V2_1,0.403,1.0,0.403,0.484,0.484,0.444,0.444,0.524,0.605,0.726,0.807,0.807,0.726,0.605,0.565,0.605,0.645,0.686,0.766,0.807,0.807,0.766,0.686,0.605,0.565,0.524,0.484,conexion-vial-cercana
V55_2,V2_2,0.421,1.0,0.421,0.505,0.505,0.463,0.463,0.547,0.632,0.758,0.842,0.842,0.758,0.632,0.59,0.632,0.674,0.716,0.8,0.842,0.842,0.8,0.716,0.632,0.59,0.547,0.505,conexion-vial-cercana
V55_2,V52_0,0.497,1.0,0.497,0.596,0.596,0.547,0.547,0.646,0.746,0.895,0.994,0.994,0.895,0.746,0.696,0.746,0.795,0.845,0.944,0.994,0.994,0.944,0.845,0.746,0.696,0.646,0.596,conexion-vial-cercana
V56_0,V51_2,0.01,1.0,0.01,0.011,0.011,0.011,0.011,0.012,0.014,0.017,0.019,0.019,0.017,0.014,0.013,0.014,0.015,0.016,0.018,0.019,0.019,0.018,0.016,0.014,0.013,0.012,0.011,conexion-vial-cercana
V56_0,V73_1,0.123,1.0,0.123,0.148,0.148,0.135,0.135,0.16,0.185,0.222,0.246,0.246,0.222,0.185,0.172,0.185,0.197,0.209,0.234,0.246,0.246,0.234,0.209,0.185,0.172,0.16,0.148,conexion-vial-cercana
V56_0,V71_2,0.124,1.0,0.124,0.149,0.149,0.137,0.137,0.161,0.186,0.223,0.248,0.248,0.223,0.186,0.174,0.186,0.199,0.211,0.236,0.248,0.248,0.236,0.211,0.186,0.174,0.161,0.149,conexion-vial-cercana
V56_0,V71_0,0.126,1.0,0.126,0.151,0.151,0.138,0.138,0.164,0.189,0.227,0.252,0.252,0.227,0.189,0.176,0.189,0.201,0.214,0.239,0.252,0.252,0.239,0.214,0.189,0.176,0.164,0.151,conexion-vial-cercana
V56_0,V71_1,0.126,1.0,0.126,0.151,0.151,0.138,0.138,0.164,0.189,0.227,0.252,0.252,0.227,0.189,0.176,0.189,0.201,0.214,0.239,0.252,0.252,0.239,0.214,0.189,0.176,0.164,0.151,conexion-vial-cercana
V56_0,V73_2,0.131,1.0,0.131,0.157,0.157,0.144,0.144,0.17,0.196,0.235,0.261,0.261,0.235,0.196,0.183,0.196,0.209,0.222,0.248,0.261,0.261,0.248,0.222,0.196,0.183,0.17,0.157,conexion-vial-cercana
V56_0,V75_1,0.137,1.0,0.137,0.165,0.165,0.151,0.151,0.178,0.206,0.247,0.275,0.275,0.247,0.206,0.192,0.206,0.22,0.233,0.261,0.275,0.275,0.261,0.233,0.206,0.192,0.178,0.165,conexion-vial-cercana
V56_0,V72_2,0.16,1.0,0.16,0.192,0.192,0.176,0.176,0.208,0.24,0.288,0.32,0.32,0.288,0.24,0.224,0.24,0.256,0.272,0.304,0.32,0.32,0.304,0.272,0.24,0.224,0.208,0.192,conexion-vial-cercana
V56_1,V51_1,0.041,1.0,0.041,0.049,0.049,0.045,0.045,0.053,0.061,0.074,0.082,0.082,0.074,0.061,0.057,0.061,0.066,0.07,0.078,0.082,0.082,0.078,0.07,0.061,0.057,0.053,0.049,conexion-vial-cercana
V56_1,V77_1,0.149,1.0,0.149,0.179,0.179,0.164,0.164,0.194,0.224,0.269,0.299,0.299,0.269,0.224,0.209,0.224,0.239,0.254,0.284,0.299,0.299,0.284,0.254,0.224,0.209,0.194,0.179,conexion-vial-cercana
V56_1,V77_2,0.151,1.0,0.151,0.181,0.181,0.166,0.166,0.196,0.226,0.272,0.302,0.302,0.272,0.226,0.211,0.226,0.241,0.256,0.287,0.302,0.302,0.287,0.256,0.226,0.211,0.196,0.181,conexion-vial-cercana
V56_1,V51_0,0.154,1.0,0.154,0.184,0.184,0.169,0.169,0.2,0.23,0.276,0.307,0.307,0.276,0.23,0.215,0.23,0.246,0.261,0.292,0.307,0.307,0.292,0.261,0.23,0.215,0.2,0.184,conexion-vial-cercana
V56_1,V53_2,0.154,1.0,0.154,0.184,0.184,0.169,0.169,0.2,0.23,0.276,0.307,0.307,0.276,0.23,0.215,0.23,0.246,0.261,0.292,0.307,0.307,0.292,0.261,0.23,0.215,0.2,0.184,conexion-vial-cercana
V56_1,V56_2,0.155,1.0,0.155,0.185,0.185,0.17,0.17,0.201,0.232,0.278,0.309,0.309,0.278,0.232,0.216,0.232,0.247,0.263,0.294,0.309,0.309,0.294,0.263,0.232,0.216,0.201,0.185,conexion-vial-cercana
V56_1,V76_0,0.171,1.0,0.171,0.206,0.206,0.189,0.189,0.223,0.257,0.309,0.343,0.343,0.309,0.257,0.24,0.257,0.274,0.291,0.326,0.343,0.343,0.326,0.291,0.257,0.24,0.223,0.206,conexion-vial-cercana
V56_1,V76_1,0.171,1.0,0.171,0.206,0.206,0.189,0.189,0.223,0.257,0.309,0.343,0.343,0.309,0.257,0.24,0.257,0.274,0.291,0.326,0.343,0.343,0.326,0.291,0.257,0.24,0.223,0.206,conexion-vial-cercana
V56_2,V51_0,0.013,1.0,0.013,0.016,0.016,0.015,0.015,0.017,0.02,0.024,0.027,0.027,0.024,0.02,0.019,0.02,0.021,0.023,0.025,0.027,0.027,0.025,0.023,0.02,0.019,0.017,0.016,conexion-vial-cercana
V56_2,V53_2,0.013,1.0,0.013,0.016,0.016,0.015,0.015,0.017,0.02,0.024,0.027,0.027,0.024,0.02,0.019,0.02,0.021,0.023,0.025,0.027,0.027,0.025,0.023,0.02,0.019,0.017,0.016,conexion-vial-cercana
V56_2,V56_1,0.155,1.0,0.155,0.185,0.185,0.17,0.17,0.201,0.232,0.278,0.309,0.309,0.278,0.232,0.216,0.232,0.247,0.263,0.294,0.309,0.309,0.294,0.263,0.232,0.216,0.201,0.185,conexion-vial-cercana
V56_2,V51_1,0.193,1.0,0.193,0.231,0.231,0.212,0.212,0.251,0.289,0.347,0.386,0.386,0.347,0.289,0.27,0.289,0.308,0.328,0.366,0.386,0.386,0.366,0.328,0.289,0.27,0.251,0.231,conexion-vial-cercana
V56_2,V77_2,0.292,1.0,0.292,0.351,0.351,0.322,0.322,0.38,0.438,0.526,0.585,0.585,0.526,0.438,0.409,0.438,0.468,0.497,0.555,0.585,0.585,0.555,0.497,0.438,0.409,0.38,0.351,conexion-vial-cercana
V56_2,V77_1,0.3,1.0,0.3,0.36,0.36,0.33,0.33,0.39,0.45,0.54,0.6,0.6,0.54,0.45,0.42,0.45,0.48,0.51,0.57,0.6,0.6,0.57,0.51,0.45,0.42,0.39,0.36,conexion-vial-cercana
V56_2,V53_1,0.321,1.0,0.321,0.386,0.386,0.354,0.354,0.418,0.482,0.579,0.643,0.643,0.579,0.482,0.45,0.482,0.514,0.547,0.611,0.643,0.643,0.611,0.547,0.482,0.45,0.418,0.386,conexion-vial-cercana
V56_2,V76_0,0.326,1.0,0.326,0.391,0.391,0.359,0.359,0.424,0.489,0.587,0.652,0.652,0.587,0.489,0.456,0.489,0.522,0.554,0.619,0.652,0.652,0.619,0.554,0.489,0.456,0.424,0.391,conexion-vial-cercana
V57_0,V64_0,0.017,1.0,0.017,0.021,0.021,0.019,0.019,0.022,0.026,0.031,0.034,0.034,0.031,0.026,0.024,0.026,0.028,0.029,0.033,0.034,0.034,0.033,0.029,0.026,0.024,0.022,0.021,conexion-vial-cercana
V57_0,V64_1,0.017,1.0,0.017,0.021,0.021,0.019,0.019,0.022,0.026,0.031,0.034,0.034,0.031,0.026,0.024,0.026,0.028,0.029,0.033,0.034,0.034,0.033,0.029,0.026,0.024,0.022,0.021,conexion-vial-cercana
V57_0,V64_2,0.027,1.0,0.027,0.032,0.032,0.03,0.03,0.035,0.041,0.049,0.054,0.054,0.049,0.041,0.038,0.041,0.043,0.046,0.051,0.054,0.054,0.051,0.046,0.041,0.038,0.035,0.032,conexion-vial-cercana
V57_0,V67_0,0.212,1.0,0.212,0.254,0.254,0.233,0.233,0.275,0.317,0.381,0.423,0.423,0.381,0.317,0.296,0.317,0.338,0.36,0.402,0.423,0.423,0.402,0.36,0.317,0.296,0.275,0.254,conexion-vial-cercana
V57_0,V67_1,0.212,1.0,0.212,0.254,0.254,0.233,0.233,0.275,0.317,0.381,0.423,0.423,0.381,0.317,0.296,0.317,0.338,0.36,0.402,0.423,0.423,0.402,0.36,0.317,0.296,0.275,0.254,conexion-vial-cercana
V57_0,V69_0,0.253,1.0,0.253,0.304,0.304,0.279,0.279,0.329,0.38,0.456,0.507,0.507,0.456,0.38,0.355,0.38,0.405,0.431,0.482,0.507,0.507,0.482,0.431,0.38,0.355,0.329,0.304,conexion-vial-cercana
V57_0,V57_1,0.277,1.0,0.277,0.332,0.332,0.304,0.304,0.359,0.415,0.498,0.553,0.553,0.498,0.415,0.387,0.415,0.442,0.47,0.525,0.553,0.553,0.525,0.47,0.415,0.387,0.359,0.332,conexion-vial-cercana
V57_0,V67_2,0.313,1.0,0.313,0.376,0.376,0.345,0.345,0.407,0.47,0.564,0.627,0.627,0.564,0.47,0.439,0.47,0.501,0.533,0.595,0.627,0.627,0.595,0.533,0.47,0.439,0.407,0.376,conexion-vial-cercana
V57_1,V69_0,0.029,1.0,0.029,0.034,0.034,0.032,0.032,0.037,0.043,0.052,0.057,0.057,0.052,0.043,0.04,0.043,0.046,0.049,0.054,0.057,0.057,0.054,0.049,0.043,0.04,0.037,0.034,conexion-vial-cercana
V57_1,V70_0,0.04,1.0,0.04,0.048,0.048,0.044,0.044,0.052,0.061,0.073,0.081,0.081,0.073,0.061,0.056,0.061,0.065,0.069,0.077,0.081,0.081,0.077,0.069,0.061,0.056,0.052,0.048,conexion-vial-cercana
V57_1,V70_1,0.051,1.0,0.051,0.061,0.061,0.056,0.056,0.066,0.076,0.091,0.102,0.102,0.091,0.076,0.071,0.076,0.081,0.086,0.097,0.102,0.102,0.097,0.086,0.076,0.071,0.066,0.061,conexion-vial-cercana
V57_1,V70_2,0.055,1.0,0.055,0.067,0.067,0.061,0.061,0.072,0.083,0.1,0.111,0.111,0.1,0.083,0.078,0.083,0.089,0.094,0.105,0.111,0.111,0.105,0.094,0.083,0.078,0.072,0.067,conexion-vial-cercana
V57_1,V65_1,0.104,1.0,0.104,0.125,0.125,0.114,0.114,0.135,0.156,0.187,0.208,0.208,0.187,0.156,0.146,0.156,0.166,0.177,0.198,0.208,0.208,0.198,0.177,0.156,0.146,0.135,0.125,conexion-vial-cercana
V57_1,V65_2,0.121,1.0,0.121,0.146,0.146,0.133,0.133,0.158,0.182,0.218,0.243,0.243,0.218,0.182,0.17,0.182,0.194,0.206,0.231,0.243,0.243,0.231,0.206,0.182,0.17,0.158,0.146,conexion-vial-cercana
V57_1,V66_0,0.121,1.0,0.121,0.146,0.146,0.133,0.133,0.158,0.182,0.218,0.243,0.243,0.218,0.182,0.17,0.182,0.194,0.206,0.231,0.243,0.243,0.231,0.206,0.182,0.17,0.158,0.146,conexion-vial-cercana
V57_1,V74_0,0.158,1.0,0.158,0.189,0.189,0.173,0.173,0.205,0.236,0.284,0.315,0.315,0.284,0.236,0.221,0.236,0.252,0.268,0.3,0.315,0.315,0.3,0.268,0.236,0.221,0.205,0.189,conexion-vial-cercana
V57_2,V65_0,0.048,1.0,0.048,0.057,0.057,0.052,0.052,0.062,0.071,0.086,0.095,0.095,0.086,0.071,0.067,0.071,0.076,0.081,0.09,0.095,0.095,0.09,0.081,0.071,0.067,0.062,0.057,conexion-vial-cercana
V57_2,V74_0,0.053,1.0,0.053,0.063,0.063,0.058,0.058,0.069,0.079,0.095,0.106,0.106,0.095,0.079,0.074,0.079,0.085,0.09,0.1,0.106,0.106,0.1,0.09,0.079,0.074,0.069,0.063,conexion-vial-cercana
V57_2,V66_1,0.099,1.0,0.099,0.119,0.119,0.109,0.109,0.129,0.149,0.179,0.199,0.199,0.179,0.149,0.139,0.149,0.159,0.169,0.189,0.199,0.199,0.189,0.169,0.149,0.139,0.129,0.119,conexion-vial-cercana
V57_2,V65_1,0.107,1.0,0.107,0.128,0.128,0.117,0.117,0.139,0.16,0.192,0.213,0.213,0.192,0.16,0.149,0.16,0.171,0.181,0.203,0.213,0.213,0.203,0.181,0.16,0.149,0.139,0.128,conexion-vial-cercana
V57_2,V65_2,0.112,1.0,0.112,0.134,0.134,0.123,0.123,0.145,0.168,0.201,0.224,0.224,0.201,0.168,0.156,0.168,0.179,0.19,0.212,0.224,0.224,0.212,0.19,0.168,0.156,0.145,0.134,conexion-vial-cercana
V57_2,V66_0,0.112,1.0,0.112,0.134,0.134,0.123,0.123,0.145,0.168,0.201,0.224,0.224,0.201,0.168,0.156,0.168,0.179,0.19,0.212,0.224,0.224,0.212,0.19,0.168,0.156,0.145,0.134,conexion-vial-cercana
V57_2,V66_2,0.153,1.0,0.153,0.183,0.183,0.168,0.168,0.199,0.229,0.275,0.306,0.306,0.275,0.229,0.214,0.229,0.245,0.26,0.29,0.306,0.306,0.29,0.26,0.229,0.214,0.199,0.183,conexion-vial-cercana
V57_2,V69_1,0.153,1.0,0.153,0.183,0.183,0.168,0.168,0.199,0.229,0.275,0.306,0.306,0.275,0.229,0.214,0.229,0.245,0.26,0.29,0.306,0.306,0.29,0.26,0.229,0.214,0.199,0.183,conexion-vial-cercana
V58_0,V58_1,0.0,1.0,0.0,0.0,0.0,0.0,0.0,0.0,0.0,0.0,0.0,0.0,0.0,0.0,0.0,0.0,0.0,0.0,0.0,0.0,0.0,0.0,0.0,0.0,0.0,0.0,0.0,conexion-vial-cercana
V58_0,V50_2,0.011,1.0,0.011,0.014,0.014,0.013,0.013,0.015,0.017,0.021,0.023,0.023,0.021,0.017,0.016,0.017,0.018,0.019,0.022,0.023,0.023,0.022,0.019,0.017,0.016,0.015,0.014,conexion-vial-cercana
V58_0,V58_2,0.096,1.0,0.096,0.115,0.115,0.105,0.105,0.125,0.144,0.172,0.192,0.192,0.172,0.144,0.134,0.144,0.153,0.163,0.182,0.192,0.192,0.182,0.163,0.144,0.134,0.125,0.115,conexion-vial-cercana
V58_0,V50_0,0.096,1.0,0.096,0.116,0.116,0.106,0.106,0.125,0.145,0.174,0.193,0.193,0.174,0.145,0.135,0.145,0.154,0.164,0.183,0.193,0.193,0.183,0.164,0.145,0.135,0.125,0.116,conexion-vial-cercana
V58_0,V50_1,0.096,1.0,0.096,0.116,0.116,0.106,0.106,0.125,0.145,0.174,0.193,0.193,0.174,0.145,0.135,0.145,0.154,0.164,0.183,0.193,0.193,0.183,0.164,0.145,0.135,0.125,0.116,conexion-vial-cercana
V58_0,V0_0,0.241,1.0,0.241,0.29,0.29,0.265,0.265,0.314,0.362,0.434,0.483,0.483,0.434,0.362,0.338,0.362,0.386,0.41,0.459,0.483,0.483,0.459,0.41,0.362,0.338,0.314,0.29,conexion-vial-cercana
V58_0,V74_1,0.319,1.0,0.319,0.382,0.382,0.35,0.35,0.414,0.478,0.573,0.637,0.637,0.573,0.478,0.446,0.478,0.51,0.542,0.605,0.637,0.637,0.605,0.542,0.478,0.446,0.414,0.382,conexion-vial-cercana
V58_0,V67_2,0.58,1.0,0.58,0.696,0.696,0.638,0.638,0.754,0.87,1.043,1.159,1.159,1.043,0.87,0.812,0.87,0.928,0.986,1.101,1.159,1.159,1.101,0.986,0.87,0.812,0.754,0.696,conexion-vial-cercana
V58_1,V58_0,0.0,1.0,0.0,0.0,0.0,0.0,0.0,0.0,0.0,0.0,0.0,0.0,0.0,0.0,0.0,0.0,0.0,0.0,0.0,0.0,0.0,0.0,0.0,0.0,0.0,0.0,0.0,conexion-vial-cercana
V58_1,V50_2,0.011,1.0,0.011,0.014,0.014,0.013,0.013,0.015,0.017,0.021,0.023,0.023,0.021,0.017,0.016,0.017,0.018,0.019,0.022,0.023,0.023,0.022,0.019,0.017,0.016,0.015,0.014,conexion-vial-cercana
V58_1,V58_2,0.096,1.0,0.096,0.115,0.115,0.105,0.105,0.125,0.144,0.172,0.192,0.192,0.172,0.144,0.134,0.144,0.153,0.163,0.182,0.192,0.192,0.182,0.163,0.144,0.134,0.125,0.115,conexion-vial-cercana
V58_1,V50_0,0.096,1.0,0.096,0.116,0.116,0.106,0.106,0.125,0.145,0.174,0.193,0.193,0.174,0.145,0.135,0.145,0.154,0.164,0.183,0.193,0.193,0.183,0.164,0.145,0.135,0.125,0.116,conexion-vial-cercana
V58_1,V50_1,0.096,1.0,0.096,0.116,0.116,0.106,0.106,0.125,0.145,0.174,0.193,0.193,0.174,0.145,0.135,0.145,0.154,0.164,0.183,0.193,0.193,0.183,0.164,0.145,0.135,0.125,0.116,conexion-vial-cercana
V58_1,V0_0,0.241,1.0,0.241,0.29,0.29,0.265,0.265,0.314,0.362,0.434,0.483,0.483,0.434,0.362,0.338,0.362,0.386,0.41,0.459,0.483,0.483,0.459,0.41,0.362,0.338,0.314,0.29,conexion-vial-cercana
V58_1,V74_1,0.319,1.0,0.319,0.382,0.382,0.35,0.35,0.414,0.478,0.573,0.637,0.637,0.573,0.478,0.446,0.478,0.51,0.542,0.605,0.637,0.637,0.605,0.542,0.478,0.446,0.414,0.382,conexion-vial-cercana
V58_1,V67_2,0.58,1.0,0.58,0.696,0.696,0.638,0.638,0.754,0.87,1.043,1.159,1.159,1.043,0.87,0.812,0.87,0.928,0.986,1.101,1.159,1.159,1.101,0.986,0.87,0.812,0.754,0.696,conexion-vial-cercana
V58_2,V50_0,0.012,1.0,0.012,0.014,0.014,0.013,0.013,0.015,0.018,0.021,0.023,0.023,0.021,0.018,0.016,0.018,0.019,0.02,0.022,0.023,0.023,0.022,0.02,0.018,0.016,0.015,0.014,conexion-vial-cercana
V58_2,V50_1,0.012,1.0,0.012,0.014,0.014,0.013,0.013,0.015,0.018,0.021,0.023,0.023,0.021,0.018,0.016,0.018,0.019,0.02,0.022,0.023,0.023,0.022,0.02,0.018,0.016,0.015,0.014,conexion-vial-cercana
V58_2,V58_0,0.096,1.0,0.096,0.115,0.115,0.105,0.105,0.125,0.144,0.172,0.192,0.192,0.172,0.144,0.134,0.144,0.153,0.163,0.182,0.192,0.192,0.182,0.163,0.144,0.134,0.125,0.115,conexion-vial-cercana
V58_2,V58_1,0.096,1.0,0.096,0.115,0.115,0.105,0.105,0.125,0.144,0.172,0.192,0.192,0.172,0.144,0.134,0.144,0.153,0.163,0.182,0.192,0.192,0.182,0.163,0.144,0.134,0.125,0.115,conexion-vial-cercana
V58_2,V50_2,0.098,1.0,0.098,0.118,0.118,0.108,0.108,0.128,0.147,0.177,0.196,0.196,0.177,0.147,0.137,0.147,0.157,0.167,0.186,0.196,0.196,0.186,0.167,0.147,0.137,0.128,0.118,conexion-vial-cercana
V58_2,V0_0,0.227,1.0,0.227,0.272,0.272,0.25,0.25,0.295,0.34,0.409,0.454,0.454,0.409,0.34,0.318,0.34,0.363,0.386,0.431,0.454,0.454,0.431,0.386,0.34,0.318,0.295,0.272,conexion-vial-cercana
V58_2,V74_1,0.414,1.0,0.414,0.497,0.497,0.456,0.456,0.539,0.621,0.746,0.828,0.828,0.746,0.621,0.58,0.621,0.663,0.704,0.787,0.828,0.828,0.787,0.704,0.621,0.58,0.539,0.497,conexion-vial-cercana
V58_2,V67_2,0.49,1.0,0.49,0.588,0.588,0.539,0.539,0.637,0.735,0.882,0.98,0.98,0.882,0.735,0.686,0.735,0.784,0.833,0.931,0.98,0.98,0.931,0.833,0.735,0.686,0.637,0.588,conexion-vial-cercana
V59_0,V61_2,0.0,1.0,0.0,0.0,0.0,0.0,0.0,0.0,0.0,0.0,0.0,0.0,0.0,0.0,0.0,0.0,0.0,0.0,0.0,0.0,0.0,0.0,0.0,0.0,0.0,0.0,0.0,conexion-vial-cercana
V59_0,V62_2,0.02,1.0,0.02,0.024,0.024,0.022,0.022,0.026,0.03,0.036,0.04,0.04,0.036,0.03,0.028,0.03,0.032,0.034,0.038,0.04,0.04,0.038,0.034,0.03,0.028,0.026,0.024,conexion-vial-cercana
V59_0,V61_0,0.045,1.0,0.045,0.054,0.054,0.049,0.049,0.058,0.067,0.08,0.089,0.089,0.08,0.067,0.062,0.067,0.071,0.076,0.085,0.089,0.089,0.085,0.076,0.067,0.062,0.058,0.054,conexion-vial-cercana
V59_0,V61_1,0.045,1.0,0.045,0.054,0.054,0.049,0.049,0.058,0.067,0.08,0.089,0.089,0.08,0.067,0.062,0.067,0.071,0.076,0.085,0.089,0.089,0.085,0.076,0.067,0.062,0.058,0.054,conexion-vial-cercana
V59_0,V62_0,0.046,1.0,0.046,0.055,0.055,0.051,0.051,0.06,0.069,0.083,0.092,0.092,0.083,0.069,0.064,0.069,0.074,0.078,0.088,0.092,0.092,0.088,0.078,0.069,0.064,0.06,0.055,conexion-vial-cercana
V59_0,V62_1,0.046,1.0,0.046,0.055,0.055,0.051,0.051,0.06,0.069,0.083,0.092,0.092,0.083,0.069,0.064,0.069,0.074,0.078,0.088,0.092,0.092,0.088,0.078,0.069,0.064,0.06,0.055,conexion-vial-cercana
V59_0,V63_2,0.049,1.0,0.049,0.059,0.059,0.054,0.054,0.064,0.074,0.088,0.098,0.098,0.088,0.074,0.069,0.074,0.079,0.084,0.093,0.098,0.098,0.093,0.084,0.074,0.069,0.064,0.059,conexion-vial-cercana
V59_0,V59_1,0.098,1.0,0.098,0.117,0.117,0.108,0.108,0.127,0.147,0.176,0.196,0.196,0.176,0.147,0.137,0.147,0.157,0.166,0.186,0.196,0.196,0.186,0.166,0.147,0.137,0.127,0.117,conexion-vial-cercana
V59_1,V63_2,0.055,1.0,0.055,0.066,0.066,0.06,0.06,0.071,0.082,0.099,0.11,0.11,0.099,0.082,0.077,0.082,0.088,0.093,0.104,0.11,0.11,0.104,0.093,0.082,0.077,0.071,0.066,conexion-vial-cercana
V59_1,V59_0,0.098,1.0,0.098,0.117,0.117,0.108,0.108,0.127,0.147,0.176,0.196,0.196,0.176,0.147,0.137,0.147,0.157,0.166,0.186,0.196,0.196,0.186,0.166,0.147,0.137,0.127,0.117,conexion-vial-cercana
V59_1,V61_2,0.098,1.0,0.098,0.117,0.117,0.108,0.108,0.127,0.147,0.176,0.196,0.196,0.176,0.147,0.137,0.147,0.157,0.166,0.186,0.196,0.196,0.186,0.166,0.147,0.137,0.127,0.117,conexion-vial-cercana
V59_1,V62_2,0.103,1.0,0.103,0.124,0.124,0.113,0.113,0.134,0.154,0.185,0.206,0.206,0.185,0.154,0.144,0.154,0.165,0.175,0.196,0.206,0.206,0.196,0.175,0.154,0.144,0.134,0.124,conexion-vial-cercana
V59_1,V62_0,0.138,1.0,0.138,0.166,0.166,0.152,0.152,0.179,0.207,0.248,0.276,0.276,0.248,0.207,0.193,0.207,0.221,0.235,0.262,0.276,0.276,0.262,0.235,0.207,0.193,0.179,0.166,conexion-vial-cercana
V59_1,V62_1,0.138,1.0,0.138,0.166,0.166,0.152,0.152,0.179,0.207,0.248,0.276,0.276,0.248,0.207,0.193,0.207,0.221,0.235,0.262,0.276,0.276,0.262,0.235,0.207,0.193,0.179,0.166,conexion-vial-cercana
V59_1,V61_0,0.142,1.0,0.142,0.17,0.17,0.156,0.156,0.184,0.213,0.255,0.284,0.284,0.255,0.213,0.199,0.213,0.227,0.241,0.27,0.284,0.284,0.27,0.241,0.213,0.199,0.184,0.17,conexion-vial-cercana
V59_1,V61_1,0.142,1.0,0.142,0.17,0.17,0.156,0.156,0.184,0.213,0.255,0.284,0.284,0.255,0.213,0.199,0.213,0.227,0.241,0.27,0.284,0.284,0.27,0.241,0.213,0.199,0.184,0.17,conexion-vial-cercana
V59_2,V59_1,0.272,1.0,0.272,0.326,0.326,0.299,0.299,0.353,0.407,0.489,0.543,0.543,0.489,0.407,0.38,0.407,0.435,0.462,0.516,0.543,0.543,0.516,0.462,0.407,0.38,0.353,0.326,conexion-vial-cercana
V59_2,V74_1,0.289,1.0,0.289,0.347,0.347,0.318,0.318,0.376,0.434,0.521,0.579,0.579,0.521,0.434,0.405,0.434,0.463,0.492,0.55,0.579,0.579,0.55,0.492,0.434,0.405,0.376,0.347,conexion-vial-cercana
V59_2,V63_2,0.319,1.0,0.319,0.382,0.382,0.351,0.351,0.414,0.478,0.574,0.637,0.637,0.574,0.478,0.446,0.478,0.51,0.542,0.606,0.637,0.637,0.606,0.542,0.478,0.446,0.414,0.382,conexion-vial-cercana
V59_2,V63_1,0.355,1.0,0.355,0.426,0.426,0.391,0.391,0.462,0.533,0.64,0.711,0.711,0.64,0.533,0.497,0.533,0.568,0.604,0.675,0.711,0.711,0.675,0.604,0.533,0.497,0.462,0.426,conexion-vial-cercana
V59_2,V62_2,0.367,1.0,0.367,0.44,0.44,0.403,0.403,0.477,0.55,0.66,0.734,0.734,0.66,0.55,0.513,0.55,0.587,0.624,0.697,0.734,0.734,0.697,0.624,0.55,0.513,0.477,0.44,conexion-vial-cercana
V59_2,V59_0,0.367,1.0,0.367,0.44,0.44,0.404,0.404,0.477,0.551,0.661,0.734,0.734,0.661,0.551,0.514,0.551,0.587,0.624,0.697,0.734,0.734,0.697,0.624,0.551,0.514,0.477,0.44,conexion-vial-cercana
V59_2,V61_2,0.367,1.0,0.367,0.44,0.44,0.404,0.404,0.477,0.551,0.661,0.734,0.734,0.661,0.551,0.514,0.551,0.587,0.624,0.697,0.734,0.734,0.697,0.624,0.551,0.514,0.477,0.44,conexion-vial-cercana
V59_2,V63_0,0.379,1.0,0.379,0.455,0.455,0.417,0.417,0.493,0.569,0.683,0.759,0.759,0.683,0.569,0.531,0.569,0.607,0.645,0.721,0.759,0.759,0.721,0.645,0.569,0.531,0.493,0.455,conexion-vial-cercana
V60_0,V60_1,0.022,1.0,0.022,0.022,0.022,0.022,0.022,0.022,0.024,0.026,0.028,0.028,0.026,0.024,0.024,0.024,0.026,0.026,0.028,0.031,0.033,0.031,0.028,0.026,0.024,0.022,0.022,conexion-vial-cercana
V60_0,V60_2,0.044,1.0,0.044,0.044,0.044,0.044,0.044,0.044,0.048,0.052,0.057,0.057,0.052,0.048,0.048,0.048,0.052,0.052,0.057,0.061,0.066,0.061,0.057,0.052,0.048,0.044,0.044,conexion-vial-cercana
V60_0,V20_0,0.271,1.0,0.271,0.271,0.271,0.271,0.271,0.271,0.298,0.325,0.352,0.352,0.325,0.298,0.298,0.298,0.325,0.325,0.352,0.379,0.406,0.379,0.352,0.325,0.298,0.271,0.271,conexion-vial-cercana
V60_0,V20_1,0.299,1.0,0.299,0.299,0.299,0.299,0.299,0.299,0.329,0.359,0.389,0.389,0.359,0.329,0.329,0.329,0.359,0.359,0.389,0.419,0.449,0.419,0.389,0.359,0.329,0.299,0.299,conexion-vial-cercana
V60_0,V19_0,0.343,1.0,0.343,0.343,0.343,0.343,0.343,0.343,0.377,0.411,0.445,0.445,0.411,0.377,0.377,0.377,0.411,0.411,0.445,0.48,0.514,0.48,0.445,0.411,0.377,0.343,0.343,conexion-vial-cercana
V60_0,V68_0,0.347,1.0,0.347,0.347,0.347,0.347,0.347,0.347,0.382,0.416,0.451,0.451,0.416,0.382,0.382,0.382,0.416,0.416,0.451,0.486,0.521,0.486,0.451,0.416,0.382,0.347,0.347,conexion-vial-cercana
V60_0,V23_2,0.348,1.0,0.348,0.348,0.348,0.348,0.348,0.348,0.382,0.417,0.452,0.452,0.417,0.382,0.382,0.382,0.417,0.417,0.452,0.487,0.521,0.487,0.452,0.417,0.382,0.348,0.348,conexion-vial-cercana
V60_0,V23_1,0.372,1.0,0.372,0.372,0.372,0.372,0.372,0.372,0.41,0.447,0.484,0.484,0.447,0.41,0.41,0.41,0.447,0.447,0.484,0.521,0.558,0.521,0.484,0.447,0.41,0.372,0.372,conexion-vial-cercana
V60_1,V60_0,0.022,1.0,0.022,0.022,0.022,0.022,0.022,0.022,0.024,0.026,0.028,0.028,0.026,0.024,0.024,0.024,0.026,0.026,0.028,0.031,0.033,0.031,0.028,0.026,0.024,0.022,0.022,conexion-vial-cercana
V60_1,V60_2,0.022,1.0,0.022,0.022,0.022,0.022,0.022,0.022,0.024,0.026,0.029,0.029,0.026,0.024,0.024,0.024,0.026,0.026,0.029,0.031,0.033,0.031,0.029,0.026,0.024,0.022,0.022,conexion-vial-cercana
V60_1,V20_0,0.25,1.0,0.25,0.25,0.25,0.25,0.25,0.25,0.275,0.3,0.325,0.325,0.3,0.275,0.275,0.275,0.3,0.3,0.325,0.35,0.375,0.35,0.325,0.3,0.275,0.25,0.25,conexion-vial-cercana
V60_1,V20_1,0.277,1.0,0.277,0.277,0.277,0.277,0.277,0.277,0.305,0.333,0.361,0.361,0.333,0.305,0.305,0.305,0.333,0.333,0.361,0.388,0.416,0.388,0.361,0.333,0.305,0.277,0.277,conexion-vial-cercana
V60_1,V19_0,0.321,1.0,0.321,0.321,0.321,0.321,0.321,0.321,0.353,0.385,0.417,0.417,0.385,0.353,0.353,0.353,0.385,0.385,0.417,0.45,0.482,0.45,0.417,0.385,0.353,0.321,0.321,conexion-vial-cercana
V60_1,V68_0,0.326,1.0,0.326,0.326,0.326,0.326,0.326,0.326,0.358,0.391,0.423,0.423,0.391,0.358,0.358,0.358,0.391,0.391,0.423,0.456,0.489,0.456,0.423,0.391,0.358,0.326,0.326,conexion-vial-cercana
V60_1,V23_2,0.326,1.0,0.326,0.326,0.326,0.326,0.326,0.326,0.359,0.391,0.424,0.424,0.391,0.359,0.359,0.359,0.391,0.391,0.424,0.457,0.489,0.457,0.424,0.391,0.359,0.326,0.326,conexion-vial-cercana
V60_1,V20_2,0.372,1.0,0.372,0.372,0.372,0.372,0.372,0.372,0.41,0.447,0.484,0.484,0.447,0.41,0.41,0.41,0.447,0.447,0.484,0.521,0.559,0.521,0.484,0.447,0.41,0.372,0.372,conexion-vial-cercana
V60_2,V60_1,0.022,1.0,0.022,0.022,0.022,0.022,0.022,0.022,0.024,0.026,0.029,0.029,0.026,0.024,0.024,0.024,0.026,0.026,0.029,0.031,0.033,0.031,0.029,0.026,0.024,0.022,0.022,conexion-vial-cercana
V60_2,V60_0,0.044,1.0,0.044,0.044,0.044,0.044,0.044,0.044,0.048,0.052,0.057,0.057,0.052,0.048,0.048,0.048,0.052,0.052,0.057,0.061,0.066,0.061,0.057,0.052,0.048,0.044,0.044,conexion-vial-cercana
V60_2,V20_0,0.228,1.0,0.228,0.228,0.228,0.228,0.228,0.228,0.251,0.274,0.297,0.297,0.274,0.251,0.251,0.251,0.274,0.274,0.297,0.32,0.343,0.32,0.297,0.274,0.251,0.228,0.228,conexion-vial-cercana
V60_2,V20_1,0.256,1.0,0.256,0.256,0.256,0.256,0.256,0.256,0.281,0.307,0.332,0.332,0.307,0.281,0.281,0.281,0.307,0.307,0.332,0.358,0.383,0.358,0.332,0.307,0.281,0.256,0.256,conexion-vial-cercana
V60_2,V19_0,0.299,1.0,0.299,0.299,0.299,0.299,0.299,0.299,0.329,0.359,0.389,0.389,0.359,0.329,0.329,0.329,0.359,0.359,0.389,0.419,0.449,0.419,0.389,0.359,0.329,0.299,0.299,conexion-vial-cercana
V60_2,V68_0,0.304,1.0,0.304,0.304,0.304,0.304,0.304,0.304,0.335,0.365,0.396,0.396,0.365,0.335,0.335,0.335,0.365,0.365,0.396,0.426,0.457,0.426,0.396,0.365,0.335,0.304,0.304,conexion-vial-cercana
V60_2,V23_2,0.305,1.0,0.305,0.305,0.305,0.305,0.305,0.305,0.335,0.366,0.396,0.396,0.366,0.335,0.335,0.335,0.366,0.366,0.396,0.427,0.457,0.427,0.396,0.366,0.335,0.305,0.305,conexion-vial-cercana
V60_2,V20_2,0.351,1.0,0.351,0.351,0.351,0.351,0.351,0.351,0.386,0.421,0.456,0.456,0.421,0.386,0.386,0.386,0.421,0.421,0.456,0.491,0.526,0.491,0.456,0.421,0.386,0.351,0.351,conexion-vial-cercana
V61_0,V61_1,0.0,1.0,0.0,0.0,0.0,0.0,0.0,0.0,0.0,0.0,0.0,0.0,0.0,0.0,0.0,0.0,0.0,0.0,0.0,0.0,0.0,0.0,0.0,0.0,0.0,0.0,0.0,conexion-vial-cercana
V61_0,V62_0,0.019,1.0,0.019,0.023,0.023,0.021,0.021,0.025,0.028,0.034,0.038,0.038,0.034,0.028,0.027,0.028,0.03,0.032,0.036,0.038,0.038,0.036,0.032,0.028,0.027,0.025,0.023,conexion-vial-cercana
V61_0,V62_1,0.019,1.0,0.019,0.023,0.023,0.021,0.021,0.025,0.028,0.034,0.038,0.038,0.034,0.028,0.027,0.028,0.03,0.032,0.036,0.038,0.038,0.036,0.032,0.028,0.027,0.025,0.023,conexion-vial-cercana
V61_0,V62_2,0.042,1.0,0.042,0.05,0.05,0.046,0.046,0.055,0.063,0.076,0.084,0.084,0.076,0.063,0.059,0.063,0.067,0.071,0.08,0.084,0.084,0.08,0.071,0.063,0.059,0.055,0.05,conexion-vial-cercana
V61_0,V59_0,0.045,1.0,0.045,0.054,0.054,0.049,0.049,0.058,0.067,0.08,0.089,0.089,0.08,0.067,0.062,0.067,0.071,0.076,0.085,0.089,0.089,0.085,0.076,0.067,0.062,0.058,0.054,conexion-vial-cercana
V61_0,V61_2,0.045,1.0,0.045,0.054,0.054,0.049,0.049,0.058,0.067,0.08,0.089,0.089,0.08,0.067,0.062,0.067,0.071,0.076,0.085,0.089,0.089,0.085,0.076,0.067,0.062,0.058,0.054,conexion-vial-cercana
V61_0,V63_2,0.09,1.0,0.09,0.108,0.108,0.099,0.099,0.117,0.135,0.162,0.18,0.18,0.162,0.135,0.126,0.135,0.144,0.153,0.171,0.18,0.18,0.171,0.153,0.135,0.126,0.117,0.108,conexion-vial-cercana
V61_0,V63_1,0.118,1.0,0.118,0.142,0.142,0.13,0.13,0.154,0.177,0.213,0.236,0.236,0.213,0.177,0.166,0.177,0.189,0.201,0.225,0.236,0.236,0.225,0.201,0.177,0.166,0.154,0.142,conexion-vial-cercana
V61_1,V61_0,0.0,1.0,0.0,0.0,0.0,0.0,0.0,0.0,0.0,0.0,0.0,0.0,0.0,0.0,0.0,0.0,0.0,0.0,0.0,0.0,0.0,0.0,0.0,0.0,0.0,0.0,0.0,conexion-vial-cercana
V61_1,V62_0,0.019,1.0,0.019,0.023,0.023,0.021,0.021,0.025,0.028,0.034,0.038,0.038,0.034,0.028,0.027,0.028,0.03,0.032,0.036,0.038,0.038,0.036,0.032,0.028,0.027,0.025,0.023,conexion-vial-cercana
V61_1,V62_1,0.019,1.0,0.019,0.023,0.023,0.021,0.021,0.025,0.028,0.034,0.038,0.038,0.034,0.028,0.027,0.028,0.03,0.032,0.036,0.038,0.038,0.036,0.032,0.028,0.027,0.025,0.023,conexion-vial-cercana
V61_1,V62_2,0.042,1.0,0.042,0.05,0.05,0.046,0.046,0.055,0.063,0.076,0.084,0.084,0.076,0.063,0.059,0.063,0.067,0.071,0.08,0.084,0.084,0.08,0.071,0.063,0.059,0.055,0.05,conexion-vial-cercana
V61_1,V59_0,0.045,1.0,0.045,0.054,0.054,0.049,0.049,0.058,0.067,0.08,0.089,0.089,0.08,0.067,0.062,0.067,0.071,0.076,0.085,0.089,0.089,0.085,0.076,0.067,0.062,0.058,0.054,conexion-vial-cercana
V61_1,V61_2,0.045,1.0,0.045,0.054,0.054,0.049,0.049,0.058,0.067,0.08,0.089,0.089,0.08,0.067,0.062,0.067,0.071,0.076,0.085,0.089,0.089,0.085,0.076,0.067,0.062,0.058,0.054,conexion-vial-cercana
V61_1,V63_2,0.09,1.0,0.09,0.108,0.108,0.099,0.099,0.117,0.135,0.162,0.18,0.18,0.162,0.135,0.126,0.135,0.144,0.153,0.171,0.18,0.18,0.171,0.153,0.135,0.126,0.117,0.108,conexion-vial-cercana
V61_1,V63_1,0.118,1.0,0.118,0.142,0.142,0.13,0.13,0.154,0.177,0.213,0.236,0.236,0.213,0.177,0.166,0.177,0.189,0.201,0.225,0.236,0.236,0.225,0.201,0.177,0.166,0.154,0.142,conexion-vial-cercana
V61_2,V59_0,0.0,1.0,0.0,0.0,0.0,0.0,0.0,0.0,0.0,0.0,0.0,0.0,0.0,0.0,0.0,0.0,0.0,0.0,0.0,0.0,0.0,0.0,0.0,0.0,0.0,0.0,0.0,conexion-vial-cercana
V61_2,V62_2,0.02,1.0,0.02,0.024,0.024,0.022,0.022,0.026,0.03,0.036,0.04,0.04,0.036,0.03,0.028,0.03,0.032,0.034,0.038,0.04,0.04,0.038,0.034,0.03,0.028,0.026,0.024,conexion-vial-cercana
V61_2,V61_0,0.045,1.0,0.045,0.054,0.054,0.049,0.049,0.058,0.067,0.08,0.089,0.089,0.08,0.067,0.062,0.067,0.071,0.076,0.085,0.089,0.089,0.085,0.076,0.067,0.062,0.058,0.054,conexion-vial-cercana
V61_2,V61_1,0.045,1.0,0.045,0.054,0.054,0.049,0.049,0.058,0.067,0.08,0.089,0.089,0.08,0.067,0.062,0.067,0.071,0.076,0.085,0.089,0.089,0.085,0.076,0.067,0.062,0.058,0.054,conexion-vial-cercana
V61_2,V62_0,0.046,1.0,0.046,0.055,0.055,0.051,0.051,0.06,0.069,0.083,0.092,0.092,0.083,0.069,0.064,0.069,0.074,0.078,0.088,0.092,0.092,0.088,0.078,0.069,0.064,0.06,0.055,conexion-vial-cercana
V61_2,V62_1,0.046,1.0,0.046,0.055,0.055,0.051,0.051,0.06,0.069,0.083,0.092,0.092,0.083,0.069,0.064,0.069,0.074,0.078,0.088,0.092,0.092,0.088,0.078,0.069,0.064,0.06,0.055,conexion-vial-cercana
V61_2,V63_2,0.049,1.0,0.049,0.059,0.059,0.054,0.054,0.064,0.074,0.088,0.098,0.098,0.088,0.074,0.069,0.074,0.079,0.084,0.093,0.098,0.098,0.093,0.084,0.074,0.069,0.064,0.059,conexion-vial-cercana
V61_2,V59_1,0.098,1.0,0.098,0.117,0.117,0.108,0.108,0.127,0.147,0.176,0.196,0.196,0.176,0.147,0.137,0.147,0.157,0.166,0.186,0.196,0.196,0.186,0.166,0.147,0.137,0.127,0.117,conexion-vial-cercana
V62_0,V62_1,0.0,1.0,0.0,0.0,0.0,0.0,0.0,0.0,0.0,0.0,0.0,0.0,0.0,0.0,0.0,0.0,0.0,0.0,0.0,0.0,0.0,0.0,0.0,0.0,0.0,0.0,0.0,conexion-vial-cercana
V62_0,V61_0,0.019,1.0,0.019,0.019,0.019,0.019,0.019,0.021,0.023,0.027,0.03,0.028,0.025,0.023,0.021,0.023,0.025,0.027,0.028,0.032,0.034,0.03,0.027,0.023,0.021,0.021,0.019,conexion-vial-cercana
V62_0,V61_1,0.019,1.0,0.019,0.019,0.019,0.019,0.019,0.021,0.023,0.027,0.03,0.028,0.025,0.023,0.021,0.023,0.025,0.027,0.028,0.032,0.034,0.03,0.027,0.023,0.021,0.021,0.019,conexion-vial-cercana
V62_0,V62_2,0.035,1.0,0.035,0.035,0.035,0.035,0.035,0.039,0.042,0.049,0.056,0.053,0.046,0.042,0.039,0.042,0.046,0.049,0.053,0.06,0.063,0.056,0.049,0.042,0.039,0.039,0.035,conexion-vial-cercana
V62_0,V59_0,0.046,1.0,0.046,0.046,0.046,0.046,0.046,0.051,0.055,0.064,0.074,0.069,0.06,0.055,0.051,0.055,0.06,0.064,0.069,0.078,0.083,0.074,0.064,0.055,0.051,0.051,0.046,conexion-vial-cercana
V62_0,V61_2,0.046,1.0,0.046,0.046,0.046,0.046,0.046,0.051,0.055,0.064,0.074,0.069,0.06,0.055,0.051,0.055,0.06,0.064,0.069,0.078,0.083,0.074,0.064,0.055,0.051,0.051,0.046,conexion-vial-cercana
V62_0,V63_2,0.084,1.0,0.084,0.084,0.084,0.084,0.084,0.092,0.101,0.117,0.134,0.126,0.109,0.101,0.092,0.101,0.109,0.117,0.126,0.142,0.151,0.134,0.117,0.101,0.092,0.092,0.084,conexion-vial-cercana
V62_0,V63_1,0.099,1.0,0.099,0.099,0.099,0.099,0.099,0.109,0.119,0.139,0.159,0.149,0.129,0.119,0.109,0.119,0.129,0.139,0.149,0.169,0.179,0.159,0.139,0.119,0.109,0.109,0.099,conexion-vial-cercana
V62_1,V62_0,0.0,1.0,0.0,0.0,0.0,0.0,0.0,0.0,0.0,0.0,0.0,0.0,0.0,0.0,0.0,0.0,0.0,0.0,0.0,0.0,0.0,0.0,0.0,0.0,0.0,0.0,0.0,conexion-vial-cercana
V62_1,V61_0,0.019,1.0,0.019,0.019,0.019,0.019,0.019,0.021,0.023,0.027,0.03,0.028,0.025,0.023,0.021,0.023,0.025,0.027,0.028,0.032,0.034,0.03,0.027,0.023,0.021,0.021,0.019,conexion-vial-cercana
V62_1,V61_1,0.019,1.0,0.019,0.019,0.019,0.019,0.019,0.021,0.023,0.027,0.03,0.028,0.025,0.023,0.021,0.023,0.025,0.027,0.028,0.032,0.034,0.03,0.027,0.023,0.021,0.021,0.019,conexion-vial-cercana
V62_1,V62_2,0.035,1.0,0.035,0.035,0.035,0.035,0.035,0.039,0.042,0.049,0.056,0.053,0.046,0.042,0.039,0.042,0.046,0.049,0.053,0.06,0.063,0.056,0.049,0.042,0.039,0.039,0.035,conexion-vial-cercana
V62_1,V59_0,0.046,1.0,0.046,0.046,0.046,0.046,0.046,0.051,0.055,0.064,0.074,0.069,0.06,0.055,0.051,0.055,0.06,0.064,0.069,0.078,0.083,0.074,0.064,0.055,0.051,0.051,0.046,conexion-vial-cercana
V62_1,V61_2,0.046,1.0,0.046,0.046,0.046,0.046,0.046,0.051,0.055,0.064,0.074,0.069,0.06,0.055,0.051,0.055,0.06,0.064,0.069,0.078,0.083,0.074,0.064,0.055,0.051,0.051,0.046,conexion-vial-cercana
V62_1,V63_2,0.084,1.0,0.084,0.084,0.084,0.084,0.084,0.092,0.101,0.117,0.134,0.126,0.109,0.101,0.092,0.101,0.109,0.117,0.126,0.142,0.151,0.134,0.117,0.101,0.092,0.092,0.084,conexion-vial-cercana
V62_1,V63_1,0.099,1.0,0.099,0.099,0.099,0.099,0.099,0.109,0.119,0.139,0.159,0.149,0.129,0.119,0.109,0.119,0.129,0.139,0.149,0.169,0.179,0.159,0.139,0.119,0.109,0.109,0.099,conexion-vial-cercana
V62_2,V59_0,0.02,1.0,0.02,0.02,0.02,0.02,0.02,0.022,0.024,0.028,0.032,0.03,0.026,0.024,0.022,0.024,0.026,0.028,0.03,0.034,0.036,0.032,0.028,0.024,0.022,0.022,0.02,conexion-vial-cercana
V62_2,V61_2,0.02,1.0,0.02,0.02,0.02,0.02,0.02,0.022,0.024,0.028,0.032,0.03,0.026,0.024,0.022,0.024,0.026,0.028,0.03,0.034,0.036,0.032,0.028,0.024,0.022,0.022,0.02,conexion-vial-cercana
V62_2,V62_0,0.035,1.0,0.035,0.035,0.035,0.035,0.035,0.039,0.042,0.049,0.056,0.053,0.046,0.042,0.039,0.042,0.046,0.049,0.053,0.06,0.063,0.056,0.049,0.042,0.039,0.039,0.035,conexion-vial-cercana
V62_2,V62_1,0.035,1.0,0.035,0.035,0.035,0.035,0.035,0.039,0.042,0.049,0.056,0.053,0.046,0.042,0.039,0.042,0.046,0.049,0.053,0.06,0.063,0.056,0.049,0.042,0.039,0.039,0.035,conexion-vial-cercana
V62_2,V61_0,0.042,1.0,0.042,0.042,0.042,0.042,0.042,0.046,0.05,0.059,0.067,0.063,0.055,0.05,0.046,0.05,0.055,0.059,0.063,0.071,0.076,0.067,0.059,0.05,0.046,0.046,0.042,conexion-vial-cercana
V62_2,V61_1,0.042,1.0,0.042,0.042,0.042,0.042,0.042,0.046,0.05,0.059,0.067,0.063,0.055,0.05,0.046,0.05,0.055,0.059,0.063,0.071,0.076,0.067,0.059,0.05,0.046,0.046,0.042,conexion-vial-cercana
V62_2,V63_2,0.049,1.0,0.049,0.049,0.049,0.049,0.049,0.054,0.059,0.069,0.078,0.074,0.064,0.059,0.054,0.059,0.064,0.069,0.074,0.083,0.088,0.078,0.069,0.059,0.054,0.054,0.049,conexion-vial-cercana
V62_2,V63_1,0.096,1.0,0.096,0.096,0.096,0.096,0.096,0.106,0.115,0.135,0.154,0.144,0.125,0.115,0.106,0.115,0.125,0.135,0.144,0.164,0.173,0.154,0.135,0.115,0.106,0.106,0.096,conexion-vial-cercana
V63_0,V63_1,0.044,1.0,0.044,0.044,0.044,0.044,0.044,0.048,0.052,0.061,0.07,0.066,0.057,0.052,0.048,0.052,0.057,0.061,0.066,0.074,0.079,0.07,0.061,0.052,0.048,0.048,0.044,conexion-vial-cercana
V63_0,V62_0,0.132,1.0,0.132,0.132,0.132,0.132,0.132,0.145,0.158,0.184,0.211,0.198,0.171,0.158,0.145,0.158,0.171,0.184,0.198,0.224,0.237,0.211,0.184,0.158,0.145,0.145,0.132,conexion-vial-cercana
V63_0,V62_1,0.132,1.0,0.132,0.132,0.132,0.132,0.132,0.145,0.158,0.184,0.211,0.198,0.171,0.158,0.145,0.158,0.171,0.184,0.198,0.224,0.237,0.211,0.184,0.158,0.145,0.145,0.132,conexion-vial-cercana
V63_0,V62_2,0.136,1.0,0.136,0.136,0.136,0.136,0.136,0.15,0.163,0.19,0.218,0.204,0.177,0.163,0.15,0.163,0.177,0.19,0.204,0.231,0.245,0.218,0.19,0.163,0.15,0.15,0.136,conexion-vial-cercana
V63_0,V63_2,0.149,1.0,0.149,0.149,0.149,0.149,0.149,0.164,0.179,0.208,0.238,0.223,0.193,0.179,0.164,0.179,0.193,0.208,0.223,0.253,0.268,0.238,0.208,0.179,0.164,0.164,0.149,conexion-vial-cercana
V63_0,V61_0,0.151,1.0,0.151,0.151,0.151,0.151,0.151,0.166,0.181,0.211,0.241,0.226,0.196,0.181,0.166,0.181,0.196,0.211,0.226,0.256,0.271,0.241,0.211,0.181,0.166,0.166,0.151,conexion-vial-cercana
V63_0,V61_1,0.151,1.0,0.151,0.151,0.151,0.151,0.151,0.166,0.181,0.211,0.241,0.226,0.196,0.181,0.166,0.181,0.196,0.211,0.226,0.256,0.271,0.241,0.211,0.181,0.166,0.166,0.151,conexion-vial-cercana
V63_0,V59_0,0.156,1.0,0.156,0.156,0.156,0.156,0.156,0.172,0.187,0.218,0.249,0.234,0.203,0.187,0.172,0.187,0.203,0.218,0.234,0.265,0.281,0.249,0.218,0.187,0.172,0.172,0.156,conexion-vial-cercana
V63_1,V63_0,0.044,1.0,0.044,0.044,0.044,0.044,0.044,0.048,0.052,0.061,0.07,0.066,0.057,0.052,0.048,0.052,0.057,0.061,0.066,0.074,0.079,0.07,0.061,0.052,0.048,0.048,0.044,conexion-vial-cercana
V63_1,V62_2,0.096,1.0,0.096,0.096,0.096,0.096,0.096,0.106,0.115,0.135,0.154,0.144,0.125,0.115,0.106,0.115,0.125,0.135,0.144,0.164,0.173,0.154,0.135,0.115,0.106,0.106,0.096,conexion-vial-cercana
V63_1,V62_0,0.099,1.0,0.099,0.099,0.099,0.099,0.099,0.109,0.119,0.139,0.159,0.149,0.129,0.119,0.109,0.119,0.129,0.139,0.149,0.169,0.179,0.159,0.139,0.119,0.109,0.109,0.099,conexion-vial-cercana
V63_1,V62_1,0.099,1.0,0.099,0.099,0.099,0.099,0.099,0.109,0.119,0.139,0.159,0.149,0.129,0.119,0.109,0.119,0.129,0.139,0.149,0.169,0.179,0.159,0.139,0.119,0.109,0.109,0.099,conexion-vial-cercana
V63_1,V63_2,0.105,1.0,0.105,0.105,0.105,0.105,0.105,0.116,0.126,0.147,0.168,0.158,0.137,0.126,0.116,0.126,0.137,0.147,0.158,0.179,0.189,0.168,0.147,0.126,0.116,0.116,0.105,conexion-vial-cercana
V63_1,V59_0,0.116,1.0,0.116,0.116,0.116,0.116,0.116,0.127,0.139,0.162,0.185,0.174,0.15,0.139,0.127,0.139,0.15,0.162,0.174,0.197,0.208,0.185,0.162,0.139,0.127,0.127,0.116,conexion-vial-cercana
V63_1,V61_2,0.116,1.0,0.116,0.116,0.116,0.116,0.116,0.127,0.139,0.162,0.185,0.174,0.15,0.139,0.127,0.139,0.15,0.162,0.174,0.197,0.208,0.185,0.162,0.139,0.127,0.127,0.116,conexion-vial-cercana
V63_1,V61_0,0.118,1.0,0.118,0.118,0.118,0.118,0.118,0.13,0.142,0.166,0.189,0.177,0.154,0.142,0.13,0.142,0.154,0.166,0.177,0.201,0.213,0.189,0.166,0.142,0.13,0.13,0.118,conexion-vial-cercana
V63_2,V62_2,0.049,1.0,0.049,0.049,0.049,0.049,0.049,0.054,0.059,0.069,0.078,0.074,0.064,0.059,0.054,0.059,0.064,0.069,0.074,0.083,0.088,0.078,0.069,0.059,0.054,0.054,0.049,conexion-vial-cercana
V63_2,V59_0,0.049,1.0,0.049,0.049,0.049,0.049,0.049,0.054,0.059,0.069,0.079,0.074,0.064,0.059,0.054,0.059,0.064,0.069,0.074,0.084,0.088,0.079,0.069,0.059,0.054,0.054,0.049,conexion-vial-cercana
V63_2,V61_2,0.049,1.0,0.049,0.049,0.049,0.049,0.049,0.054,0.059,0.069,0.079,0.074,0.064,0.059,0.054,0.059,0.064,0.069,0.074,0.084,0.088,0.079,0.069,0.059,0.054,0.054,0.049,conexion-vial-cercana
V63_2,V59_1,0.055,1.0,0.055,0.055,0.055,0.055,0.055,0.06,0.066,0.077,0.088,0.082,0.071,0.066,0.06,0.066,0.071,0.077,0.082,0.093,0.099,0.088,0.077,0.066,0.06,0.06,0.055,conexion-vial-cercana
V63_2,V62_0,0.084,1.0,0.084,0.084,0.084,0.084,0.084,0.092,0.101,0.117,0.134,0.126,0.109,0.101,0.092,0.101,0.109,0.117,0.126,0.142,0.151,0.134,0.117,0.101,0.092,0.092,0.084,conexion-vial-cercana
V63_2,V62_1,0.084,1.0,0.084,0.084,0.084,0.084,0.084,0.092,0.101,0.117,0.134,0.126,0.109,0.101,0.092,0.101,0.109,0.117,0.126,0.142,0.151,0.134,0.117,0.101,0.092,0.092,0.084,conexion-vial-cercana
V63_2,V61_0,0.09,1.0,0.09,0.09,0.09,0.09,0.09,0.099,0.108,0.126,0.144,0.135,0.117,0.108,0.099,0.108,0.117,0.126,0.135,0.153,0.162,0.144,0.126,0.108,0.099,0.099,0.09,conexion-vial-cercana
V63_2,V61_1,0.09,1.0,0.09,0.09,0.09,0.09,0.09,0.099,0.108,0.126,0.144,0.135,0.117,0.108,0.099,0.108,0.117,0.126,0.135,0.153,0.162,0.144,0.126,0.108,0.099,0.099,0.09,conexion-vial-cercana
V64_0,V64_1,0.0,1.0,0.0,0.0,0.0,0.0,0.0,0.0,0.0,0.0,0.0,0.0,0.0,0.0,0.0,0.0,0.0,0.0,0.0,0.0,0.0,0.0,0.0,0.0,0.0,0.0,0.0,conexion-vial-cercana
V64_0,V57_0,0.017,1.0,0.017,0.017,0.017,0.017,0.017,0.017,0.019,0.021,0.022,0.022,0.021,0.019,0.019,0.019,0.021,0.021,0.022,0.024,0.026,0.024,0.022,0.021,0.019,0.017,0.017,conexion-vial-cercana
V64_0,V64_2,0.026,1.0,0.026,0.026,0.026,0.026,0.026,0.026,0.029,0.032,0.034,0.034,0.032,0.029,0.029,0.029,0.032,0.032,0.034,0.037,0.04,0.037,0.034,0.032,0.029,0.026,0.026,conexion-vial-cercana
V64_0,V67_0,0.216,1.0,0.216,0.216,0.216,0.216,0.216,0.216,0.238,0.259,0.281,0.281,0.259,0.238,0.238,0.238,0.259,0.259,0.281,0.303,0.324,0.303,0.281,0.259,0.238,0.216,0.216,conexion-vial-cercana
V64_0,V67_1,0.216,1.0,0.216,0.216,0.216,0.216,0.216,0.216,0.238,0.259,0.281,0.281,0.259,0.238,0.238,0.238,0.259,0.259,0.281,0.303,0.324,0.303,0.281,0.259,0.238,0.216,0.216,conexion-vial-cercana
V64_0,V69_0,0.247,1.0,0.247,0.247,0.247,0.247,0.247,0.247,0.272,0.297,0.321,0.321,0.297,0.272,0.272,0.272,0.297,0.297,0.321,0.346,0.371,0.346,0.321,0.297,0.272,0.247,0.247,conexion-vial-cercana
V64_0,V57_1,0.271,1.0,0.271,0.271,0.271,0.271,0.271,0.271,0.298,0.325,0.353,0.353,0.325,0.298,0.298,0.298,0.325,0.325,0.353,0.38,0.407,0.38,0.353,0.325,0.298,0.271,0.271,conexion-vial-cercana
V64_0,V70_0,0.309,1.0,0.309,0.309,0.309,0.309,0.309,0.309,0.34,0.371,0.402,0.402,0.371,0.34,0.34,0.34,0.371,0.371,0.402,0.433,0.464,0.433,0.402,0.371,0.34,0.309,0.309,conexion-vial-cercana
V64_1,V64_0,0.0,1.0,0.0,0.0,0.0,0.0,0.0,0.0,0.0,0.0,0.0,0.0,0.0,0.0,0.0,0.0,0.0,0.0,0.0,0.0,0.0,0.0,0.0,0.0,0.0,0.0,0.0,conexion-vial-cercana
V64_1,V57_0,0.017,1.0,0.017,0.017,0.017,0.017,0.017,0.017,0.019,0.021,0.022,0.022,0.021,0.019,0.019,0.019,0.021,0.021,0.022,0.024,0.026,0.024,0.022,0.021,0.019,0.017,0.017,conexion-vial-cercana
V64_1,V64_2,0.026,1.0,0.026,0.026,0.026,0.026,0.026,0.026,0.029,0.032,0.034,0.034,0.032,0.029,0.029,0.029,0.032,0.032,0.034,0.037,0.04,0.037,0.034,0.032,0.029,0.026,0.026,conexion-vial-cercana
V64_1,V67_0,0.216,1.0,0.216,0.216,0.216,0.216,0.216,0.216,0.238,0.259,0.281,0.281,0.259,0.238,0.238,0.238,0.259,0.259,0.281,0.303,0.324,0.303,0.281,0.259,0.238,0.216,0.216,conexion-vial-cercana
V64_1,V67_1,0.216,1.0,0.216,0.216,0.216,0.216,0.216,0.216,0.238,0.259,0.281,0.281,0.259,0.238,0.238,0.238,0.259,0.259,0.281,0.303,0.324,0.303,0.281,0.259,0.238,0.216,0.216,conexion-vial-cercana
V64_1,V69_0,0.247,1.0,0.247,0.247,0.247,0.247,0.247,0.247,0.272,0.297,0.321,0.321,0.297,0.272,0.272,0.272,0.297,0.297,0.321,0.346,0.371,0.346,0.321,0.297,0.272,0.247,0.247,conexion-vial-cercana
V64_1,V57_1,0.271,1.0,0.271,0.271,0.271,0.271,0.271,0.271,0.298,0.325,0.353,0.353,0.325,0.298,0.298,0.298,0.325,0.325,0.353,0.38,0.407,0.38,0.353,0.325,0.298,0.271,0.271,conexion-vial-cercana
V64_1,V70_0,0.309,1.0,0.309,0.309,0.309,0.309,0.309,0.309,0.34,0.371,0.402,0.402,0.371,0.34,0.34,0.34,0.371,0.371,0.402,0.433,0.464,0.433,0.402,0.371,0.34,0.309,0.309,conexion-vial-cercana
V64_2,V64_0,0.026,1.0,0.026,0.026,0.026,0.026,0.026,0.026,0.029,0.032,0.034,0.034,0.032,0.029,0.029,0.029,0.032,0.032,0.034,0.037,0.04,0.037,0.034,0.032,0.029,0.026,0.026,conexion-vial-cercana
V64_2,V64_1,0.026,1.0,0.026,0.026,0.026,0.026,0.026,0.026,0.029,0.032,0.034,0.034,0.032,0.029,0.029,0.029,0.032,0.032,0.034,0.037,0.04,0.037,0.034,0.032,0.029,0.026,0.026,conexion-vial-cercana
V64_2,V57_0,0.027,1.0,0.027,0.027,0.027,0.027,0.027,0.027,0.03,0.032,0.035,0.035,0.032,0.03,0.03,0.03,0.032,0.032,0.035,0.038,0.041,0.038,0.035,0.032,0.03,0.027,0.027,conexion-vial-cercana
V64_2,V69_0,0.226,1.0,0.226,0.226,0.226,0.226,0.226,0.226,0.249,0.272,0.294,0.294,0.272,0.249,0.249,0.249,0.272,0.272,0.294,0.317,0.34,0.317,0.294,0.272,0.249,0.226,0.226,conexion-vial-cercana
V64_2,V67_0,0.238,1.0,0.238,0.238,0.238,0.238,0.238,0.238,0.262,0.286,0.31,0.31,0.286,0.262,0.262,0.262,0.286,0.286,0.31,0.334,0.358,0.334,0.31,0.286,0.262,0.238,0.238,conexion-vial-cercana
V64_2,V67_1,0.238,1.0,0.238,0.238,0.238,0.238,0.238,0.238,0.262,0.286,0.31,0.31,0.286,0.262,0.262,0.262,0.286,0.286,0.31,0.334,0.358,0.334,0.31,0.286,0.262,0.238,0.238,conexion-vial-cercana
V64_2,V57_1,0.249,1.0,0.249,0.249,0.249,0.249,0.249,0.249,0.274,0.299,0.324,0.324,0.299,0.274,0.274,0.274,0.299,0.299,0.324,0.349,0.374,0.349,0.324,0.299,0.274,0.249,0.249,conexion-vial-cercana
V64_2,V70_0,0.288,1.0,0.288,0.288,0.288,0.288,0.288,0.288,0.317,0.346,0.375,0.375,0.346,0.317,0.317,0.317,0.346,0.346,0.375,0.404,0.433,0.404,0.375,0.346,0.317,0.288,0.288,conexion-vial-cercana
V65_0,V57_2,0.048,1.0,0.048,0.048,0.048,0.048,0.048,0.048,0.052,0.057,0.062,0.062,0.057,0.052,0.052,0.052,0.057,0.057,0.062,0.067,0.071,0.067,0.062,0.057,0.052,0.048,0.048,conexion-vial-cercana
V65_0,V74_0,0.1,1.0,0.1,0.1,0.1,0.1,0.1,0.1,0.11,0.12,0.13,0.13,0.12,0.11,0.11,0.11,0.12,0.12,0.13,0.14,0.15,0.14,0.13,0.12,0.11,0.1,0.1,conexion-vial-cercana
V65_0,V66_1,0.142,1.0,0.142,0.142,0.142,0.142,0.142,0.142,0.156,0.17,0.185,0.185,0.17,0.156,0.156,0.156,0.17,0.17,0.185,0.199,0.213,0.199,0.185,0.17,0.156,0.142,0.142,conexion-vial-cercana
V65_0,V65_1,0.153,1.0,0.153,0.153,0.153,0.153,0.153,0.153,0.168,0.184,0.199,0.199,0.184,0.168,0.168,0.168,0.184,0.184,0.199,0.214,0.229,0.214,0.199,0.184,0.168,0.153,0.153,conexion-vial-cercana
V65_0,V65_2,0.159,1.0,0.159,0.159,0.159,0.159,0.159,0.159,0.175,0.191,0.207,0.207,0.191,0.175,0.175,0.175,0.191,0.191,0.207,0.223,0.239,0.223,0.207,0.191,0.175,0.159,0.159,conexion-vial-cercana
V65_0,V66_0,0.159,1.0,0.159,0.159,0.159,0.159,0.159,0.159,0.175,0.191,0.207,0.207,0.191,0.175,0.175,0.175,0.191,0.191,0.207,0.223,0.239,0.223,0.207,0.191,0.175,0.159,0.159,conexion-vial-cercana
V65_0,V66_2,0.172,1.0,0.172,0.172,0.172,0.172,0.172,0.172,0.189,0.206,0.224,0.224,0.206,0.189,0.189,0.189,0.206,0.206,0.224,0.241,0.258,0.241,0.224,0.206,0.189,0.172,0.172,conexion-vial-cercana
V65_0,V69_1,0.172,1.0,0.172,0.172,0.172,0.172,0.172,0.172,0.189,0.206,0.224,0.224,0.206,0.189,0.189,0.189,0.206,0.206,0.224,0.241,0.258,0.241,0.224,0.206,0.189,0.172,0.172,conexion-vial-cercana
V65_1,V65_2,0.039,1.0,0.039,0.039,0.039,0.039,0.039,0.039,0.043,0.047,0.051,0.051,0.047,0.043,0.043,0.043,0.047,0.047,0.051,0.055,0.059,0.055,0.051,0.047,0.043,0.039,0.039,conexion-vial-cercana
V65_1,V66_0,0.039,1.0,0.039,0.039,0.039,0.039,0.039,0.039,0.043,0.047,0.051,0.051,0.047,0.043,0.043,0.043,0.047,0.047,0.051,0.055,0.059,0.055,0.051,0.047,0.043,0.039,0.039,conexion-vial-cercana
V65_1,V74_0,0.054,1.0,0.054,0.054,0.054,0.054,0.054,0.054,0.06,0.065,0.07,0.07,0.065,0.06,0.06,0.06,0.065,0.065,0.07,0.076,0.081,0.076,0.07,0.065,0.06,0.054,0.054,conexion-vial-cercana
V65_1,V70_1,0.076,1.0,0.076,0.076,0.076,0.076,0.076,0.076,0.084,0.091,0.099,0.099,0.091,0.084,0.084,0.084,0.091,0.091,0.099,0.107,0.114,0.107,0.099,0.091,0.084,0.076,0.076,conexion-vial-cercana
V65_1,V70_0,0.077,1.0,0.077,0.077,0.077,0.077,0.077,0.077,0.085,0.093,0.1,0.1,0.093,0.085,0.085,0.085,0.093,0.093,0.1,0.108,0.116,0.108,0.1,0.093,0.085,0.077,0.077,conexion-vial-cercana
V65_1,V70_2,0.083,1.0,0.083,0.083,0.083,0.083,0.083,0.083,0.092,0.1,0.108,0.108,0.1,0.092,0.092,0.092,0.1,0.1,0.108,0.117,0.125,0.117,0.108,0.1,0.092,0.083,0.083,conexion-vial-cercana
V65_1,V66_1,0.084,1.0,0.084,0.084,0.084,0.084,0.084,0.084,0.092,0.101,0.109,0.109,0.101,0.092,0.092,0.092,0.101,0.101,0.109,0.117,0.126,0.117,0.109,0.101,0.092,0.084,0.084,conexion-vial-cercana
V65_1,V57_1,0.104,1.0,0.104,0.104,0.104,0.104,0.104,0.104,0.114,0.125,0.135,0.135,0.125,0.114,0.114,0.114,0.125,0.125,0.135,0.146,0.156,0.146,0.135,0.125,0.114,0.104,0.104,conexion-vial-cercana
V65_2,V66_0,0.0,1.0,0.0,0.0,0.0,0.0,0.0,0.0,0.0,0.0,0.0,0.0,0.0,0.0,0.0,0.0,0.0,0.0,0.0,0.0,0.0,0.0,0.0,0.0,0.0,0.0,0.0,conexion-vial-cercana
V65_2,V65_1,0.039,1.0,0.039,0.039,0.039,0.039,0.039,0.039,0.043,0.047,0.051,0.051,0.047,0.043,0.043,0.043,0.047,0.047,0.051,0.055,0.059,0.055,0.051,0.047,0.043,0.039,0.039,conexion-vial-cercana
V65_2,V66_1,0.051,1.0,0.051,0.051,0.051,0.051,0.051,0.051,0.057,0.062,0.067,0.067,0.062,0.057,0.057,0.057,0.062,0.062,0.067,0.072,0.077,0.072,0.067,0.062,0.057,0.051,0.051,conexion-vial-cercana
V65_2,V74_0,0.063,1.0,0.063,0.063,0.063,0.063,0.063,0.063,0.069,0.075,0.082,0.082,0.075,0.069,0.069,0.069,0.075,0.075,0.082,0.088,0.094,0.088,0.082,0.075,0.069,0.063,0.063,conexion-vial-cercana
V65_2,V70_1,0.079,1.0,0.079,0.079,0.079,0.079,0.079,0.079,0.087,0.095,0.103,0.103,0.095,0.087,0.087,0.087,0.095,0.095,0.103,0.11,0.118,0.11,0.103,0.095,0.087,0.079,0.079,conexion-vial-cercana
V65_2,V70_2,0.082,1.0,0.082,0.082,0.082,0.082,0.082,0.082,0.09,0.099,0.107,0.107,0.099,0.09,0.09,0.09,0.099,0.099,0.107,0.115,0.123,0.115,0.107,0.099,0.09,0.082,0.082,conexion-vial-cercana
V65_2,V70_0,0.085,1.0,0.085,0.085,0.085,0.085,0.085,0.085,0.094,0.102,0.111,0.111,0.102,0.094,0.094,0.094,0.102,0.102,0.111,0.119,0.128,0.119,0.111,0.102,0.094,0.085,0.085,conexion-vial-cercana
V65_2,V57_2,0.112,1.0,0.112,0.112,0.112,0.112,0.112,0.112,0.123,0.134,0.145,0.145,0.134,0.123,0.123,0.123,0.134,0.134,0.145,0.156,0.168,0.156,0.145,0.134,0.123,0.112,0.112,conexion-vial-cercana
V66_0,V65_2,0.0,1.0,0.0,0.0,0.0,0.0,0.0,0.0,0.0,0.0,0.0,0.0,0.0,0.0,0.0,0.0,0.0,0.0,0.0,0.0,0.0,0.0,0.0,0.0,0.0,0.0,0.0,conexion-vial-cercana
V66_0,V65_1,0.039,1.0,0.039,0.039,0.039,0.039,0.039,0.039,0.043,0.047,0.051,0.051,0.047,0.043,0.043,0.043,0.047,0.047,0.051,0.055,0.059,0.055,0.051,0.047,0.043,0.039,0.039,conexion-vial-cercana
V66_0,V66_1,0.051,1.0,0.051,0.051,0.051,0.051,0.051,0.051,0.057,0.062,0.067,0.067,0.062,0.057,0.057,0.057,0.062,0.062,0.067,0.072,0.077,0.072,0.067,0.062,0.057,0.051,0.051,conexion-vial-cercana
V66_0,V74_0,0.063,1.0,0.063,0.063,0.063,0.063,0.063,0.063,0.069,0.075,0.082,0.082,0.075,0.069,0.069,0.069,0.075,0.075,0.082,0.088,0.094,0.088,0.082,0.075,0.069,0.063,0.063,conexion-vial-cercana
V66_0,V70_1,0.079,1.0,0.079,0.079,0.079,0.079,0.079,0.079,0.087,0.095,0.103,0.103,0.095,0.087,0.087,0.087,0.095,0.095,0.103,0.11,0.118,0.11,0.103,0.095,0.087,0.079,0.079,conexion-vial-cercana
V66_0,V70_2,0.082,1.0,0.082,0.082,0.082,0.082,0.082,0.082,0.09,0.099,0.107,0.107,0.099,0.09,0.09,0.09,0.099,0.099,0.107,0.115,0.123,0.115,0.107,0.099,0.09,0.082,0.082,conexion-vial-cercana
V66_0,V70_0,0.085,1.0,0.085,0.085,0.085,0.085,0.085,0.085,0.094,0.102,0.111,0.111,0.102,0.094,0.094,0.094,0.102,0.102,0.111,0.119,0.128,0.119,0.111,0.102,0.094,0.085,0.085,conexion-vial-cercana
V66_0,V57_2,0.112,1.0,0.112,0.112,0.112,0.112,0.112,0.112,0.123,0.134,0.145,0.145,0.134,0.123,0.123,0.123,0.134,0.134,0.145,0.156,0.168,0.156,0.145,0.134,0.123,0.112,0.112,conexion-vial-cercana
V66_1,V65_2,0.051,1.0,0.051,0.051,0.051,0.051,0.051,0.051,0.057,0.062,0.067,0.067,0.062,0.057,0.057,0.057,0.062,0.062,0.067,0.072,0.077,0.072,0.067,0.062,0.057,0.051,0.051,conexion-vial-cercana
V66_1,V66_0,0.051,1.0,0.051,0.051,0.051,0.051,0.051,0.051,0.057,0.062,0.067,0.067,0.062,0.057,0.057,0.057,0.062,0.062,0.067,0.072,0.077,0.072,0.067,0.062,0.057,0.051,0.051,conexion-vial-cercana
V66_1,V74_0,0.071,1.0,0.071,0.071,0.071,0.071,0.071,0.071,0.078,0.086,0.093,0.093,0.086,0.078,0.078,0.078,0.086,0.086,0.093,0.1,0.107,0.1,0.093,0.086,0.078,0.071,0.071,conexion-vial-cercana
V66_1,V65_1,0.084,1.0,0.084,0.084,0.084,0.084,0.084,0.084,0.092,0.101,0.109,0.109,0.101,0.092,0.092,0.092,0.101,0.101,0.109,0.117,0.126,0.117,0.109,0.101,0.092,0.084,0.084,conexion-vial-cercana
V66_1,V57_2,0.099,1.0,0.099,0.099,0.099,0.099,0.099,0.099,0.109,0.119,0.129,0.129,0.119,0.109,0.109,0.109,0.119,0.119,0.129,0.139,0.149,0.139,0.129,0.119,0.109,0.099,0.099,conexion-vial-cercana
V66_1,V66_2,0.104,1.0,0.104,0.104,0.104,0.104,0.104,0.104,0.115,0.125,0.136,0.136,0.125,0.115,0.115,0.115,0.125,0.125,0.136,0.146,0.156,0.146,0.136,0.125,0.115,0.104,0.104,conexion-vial-cercana
V66_1,V69_1,0.104,1.0,0.104,0.104,0.104,0.104,0.104,0.104,0.115,0.125,0.136,0.136,0.125,0.115,0.115,0.115,0.125,0.125,0.136,0.146,0.156,0.146,0.136,0.125,0.115,0.104,0.104,conexion-vial-cercana
V66_1,V70_1,0.127,1.0,0.127,0.127,0.127,0.127,0.127,0.127,0.14,0.152,0.165,0.165,0.152,0.14,0.14,0.14,0.152,0.152,0.165,0.178,0.19,0.178,0.165,0.152,0.14,0.127,0.127,conexion-vial-cercana
V66_2,V69_1,0.0,1.0,0.0,0.0,0.0,0.0,0.0,0.0,0.0,0.0,0.0,0.0,0.0,0.0,0.0,0.0,0.0,0.0,0.0,0.0,0.0,0.0,0.0,0.0,0.0,0.0,0.0,conexion-vial-cercana
V66_2,V66_1,0.104,1.0,0.104,0.104,0.104,0.104,0.104,0.104,0.115,0.125,0.136,0.136,0.125,0.115,0.115,0.115,0.125,0.125,0.136,0.146,0.156,0.146,0.136,0.125,0.115,0.104,0.104,conexion-vial-cercana
V66_2,V57_2,0.153,1.0,0.153,0.153,0.153,0.153,0.153,0.153,0.168,0.183,0.199,0.199,0.183,0.168,0.168,0.168,0.183,0.183,0.199,0.214,0.229,0.214,0.199,0.183,0.168,0.153,0.153,conexion-vial-cercana
V66_2,V65_2,0.155,1.0,0.155,0.155,0.155,0.155,0.155,0.155,0.171,0.186,0.202,0.202,0.186,0.171,0.171,0.171,0.186,0.186,0.202,0.217,0.233,0.217,0.202,0.186,0.171,0.155,0.155,conexion-vial-cercana
V66_2,V66_0,0.155,1.0,0.155,0.155,0.155,0.155,0.155,0.155,0.171,0.186,0.202,0.202,0.186,0.171,0.171,0.171,0.186,0.186,0.202,0.217,0.233,0.217,0.202,0.186,0.171,0.155,0.155,conexion-vial-cercana
V66_2,V74_0,0.159,1.0,0.159,0.159,0.159,0.159,0.159,0.159,0.174,0.19,0.206,0.206,0.19,0.174,0.174,0.174,0.19,0.19,0.206,0.222,0.238,0.222,0.206,0.19,0.174,0.159,0.159,conexion-vial-cercana
V66_2,V65_0,0.172,1.0,0.172,0.172,0.172,0.172,0.172,0.172,0.189,0.206,0.224,0.224,0.206,0.189,0.189,0.189,0.206,0.206,0.224,0.241,0.258,0.241,0.224,0.206,0.189,0.172,0.172,conexion-vial-cercana
V66_2,V65_1,0.187,1.0,0.187,0.187,0.187,0.187,0.187,0.187,0.206,0.224,0.243,0.243,0.224,0.206,0.206,0.206,0.224,0.224,0.243,0.262,0.281,0.262,0.243,0.224,0.206,0.187,0.187,conexion-vial-cercana
V67_0,V67_1,0.0,1.0,0.0,0.0,0.0,0.0,0.0,0.0,0.0,0.0,0.0,0.0,0.0,0.0,0.0,0.0,0.0,0.0,0.0,0.0,0.0,0.0,0.0,0.0,0.0,0.0,0.0,conexion-vial-cercana
V67_0,V67_2,0.107,1.0,0.107,0.107,0.107,0.107,0.107,0.107,0.117,0.128,0.139,0.139,0.128,0.117,0.117,0.117,0.128,0.128,0.139,0.149,0.16,0.149,0.139,0.128,0.117,0.107,0.107,conexion-vial-cercana
V67_0,V57_0,0.212,1.0,0.212,0.212,0.212,0.212,0.212,0.212,0.233,0.254,0.275,0.275,0.254,0.233,0.233,0.233,0.254,0.254,0.275,0.296,0.317,0.296,0.275,0.254,0.233,0.212,0.212,conexion-vial-cercana
V67_0,V64_0,0.216,1.0,0.216,0.216,0.216,0.216,0.216,0.216,0.238,0.259,0.281,0.281,0.259,0.238,0.238,0.238,0.259,0.259,0.281,0.303,0.324,0.303,0.281,0.259,0.238,0.216,0.216,conexion-vial-cercana
V67_0,V64_1,0.216,1.0,0.216,0.216,0.216,0.216,0.216,0.216,0.238,0.259,0.281,0.281,0.259,0.238,0.238,0.238,0.259,0.259,0.281,0.303,0.324,0.303,0.281,0.259,0.238,0.216,0.216,conexion-vial-cercana
V67_0,V64_2,0.238,1.0,0.238,0.238,0.238,0.238,0.238,0.238,0.262,0.286,0.31,0.31,0.286,0.262,0.262,0.262,0.286,0.286,0.31,0.334,0.358,0.334,0.31,0.286,0.262,0.238,0.238,conexion-vial-cercana
V67_0,V69_0,0.463,1.0,0.463,0.463,0.463,0.463,0.463,0.463,0.509,0.556,0.602,0.602,0.556,0.509,0.509,0.509,0.556,0.556,0.602,0.648,0.695,0.648,0.602,0.556,0.509,0.463,0.463,conexion-vial-cercana
V67_0,V57_1,0.487,1.0,0.487,0.487,0.487,0.487,0.487,0.487,0.536,0.585,0.633,0.633,0.585,0.536,0.536,0.536,0.585,0.585,0.633,0.682,0.731,0.682,0.633,0.585,0.536,0.487,0.487,conexion-vial-cercana
V67_1,V67_0,0.0,1.0,0.0,0.0,0.0,0.0,0.0,0.0,0.0,0.0,0.0,0.0,0.0,0.0,0.0,0.0,0.0,0.0,0.0,0.0,0.0,0.0,0.0,0.0,0.0,0.0,0.0,conexion-vial-cercana
V67_1,V67_2,0.107,1.0,0.107,0.107,0.107,0.107,0.107,0.107,0.117,0.128,0.139,0.139,0.128,0.117,0.117,0.117,0.128,0.128,0.139,0.149,0.16,0.149,0.139,0.128,0.117,0.107,0.107,conexion-vial-cercana
V67_1,V57_0,0.212,1.0,0.212,0.212,0.212,0.212,0.212,0.212,0.233,0.254,0.275,0.275,0.254,0.233,0.233,0.233,0.254,0.254,0.275,0.296,0.317,0.296,0.275,0.254,0.233,0.212,0.212,conexion-vial-cercana
V67_1,V64_0,0.216,1.0,0.216,0.216,0.216,0.216,0.216,0.216,0.238,0.259,0.281,0.281,0.259,0.238,0.238,0.238,0.259,0.259,0.281,0.303,0.324,0.303,0.281,0.259,0.238,0.216,0.216,conexion-vial-cercana
V67_1,V64_1,0.216,1.0,0.216,0.216,0.216,0.216,0.216,0.216,0.238,0.259,0.281,0.281,0.259,0.238,0.238,0.238,0.259,0.259,0.281,0.303,0.324,0.303,0.281,0.259,0.238,0.216,0.216,conexion-vial-cercana
V67_1,V64_2,0.238,1.0,0.238,0.238,0.238,0.238,0.238,0.238,0.262,0.286,0.31,0.31,0.286,0.262,0.262,0.262,0.286,0.286,0.31,0.334,0.358,0.334,0.31,0.286,0.262,0.238,0.238,conexion-vial-cercana
V67_1,V69_0,0.463,1.0,0.463,0.463,0.463,0.463,0.463,0.463,0.509,0.556,0.602,0.602,0.556,0.509,0.509,0.509,0.556,0.556,0.602,0.648,0.695,0.648,0.602,0.556,0.509,0.463,0.463,conexion-vial-cercana
V67_1,V57_1,0.487,1.0,0.487,0.487,0.487,0.487,0.487,0.487,0.536,0.585,0.633,0.633,0.585,0.536,0.536,0.536,0.585,0.585,0.633,0.682,0.731,0.682,0.633,0.585,0.536,0.487,0.487,conexion-vial-cercana
V67_2,V67_0,0.107,1.0,0.107,0.107,0.107,0.107,0.107,0.107,0.117,0.128,0.139,0.139,0.128,0.117,0.117,0.117,0.128,0.128,0.139,0.149,0.16,0.149,0.139,0.128,0.117,0.107,0.107,conexion-vial-cercana
V67_2,V67_1,0.107,1.0,0.107,0.107,0.107,0.107,0.107,0.107,0.117,0.128,0.139,0.139,0.128,0.117,0.117,0.117,0.128,0.128,0.139,0.149,0.16,0.149,0.139,0.128,0.117,0.107,0.107,conexion-vial-cercana
V67_2,V57_0,0.313,1.0,0.313,0.313,0.313,0.313,0.313,0.313,0.345,0.376,0.407,0.407,0.376,0.345,0.345,0.345,0.376,0.376,0.407,0.439,0.47,0.439,0.407,0.376,0.345,0.313,0.313,conexion-vial-cercana
V67_2,V64_0,0.316,1.0,0.316,0.316,0.316,0.316,0.316,0.316,0.347,0.379,0.41,0.41,0.379,0.347,0.347,0.347,0.379,0.379,0.41,0.442,0.473,0.442,0.41,0.379,0.347,0.316,0.316,conexion-vial-cercana
V67_2,V64_1,0.316,1.0,0.316,0.316,0.316,0.316,0.316,0.316,0.347,0.379,0.41,0.41,0.379,0.347,0.347,0.347,0.379,0.379,0.41,0.442,0.473,0.442,0.41,0.379,0.347,0.316,0.316,conexion-vial-cercana
V67_2,V64_2,0.34,1.0,0.34,0.34,0.34,0.34,0.34,0.34,0.374,0.408,0.442,0.442,0.408,0.374,0.374,0.374,0.408,0.408,0.442,0.476,0.509,0.476,0.442,0.408,0.374,0.34,0.34,conexion-vial-cercana
V67_2,V58_2,0.49,1.0,0.49,0.49,0.49,0.49,0.49,0.49,0.539,0.588,0.637,0.637,0.588,0.539,0.539,0.539,0.588,0.588,0.637,0.686,0.735,0.686,0.637,0.588,0.539,0.49,0.49,conexion-vial-cercana
V67_2,V50_0,0.495,1.0,0.495,0.495,0.495,0.495,0.495,0.495,0.544,0.594,0.643,0.643,0.594,0.544,0.544,0.544,0.594,0.594,0.643,0.693,0.742,0.693,0.643,0.594,0.544,0.495,0.495,conexion-vial-cercana
V68_0,V23_2,0.004,1.0,0.004,0.005,0.005,0.004,0.004,0.005,0.006,0.007,0.008,0.008,0.007,0.006,0.006,0.006,0.006,0.007,0.008,0.008,0.008,0.008,0.007,0.006,0.006,0.005,0.005,conexion-vial-cercana
V68_0,V19_0,0.024,1.0,0.024,0.029,0.029,0.027,0.027,0.032,0.036,0.044,0.049,0.049,0.044,0.036,0.034,0.036,0.039,0.041,0.046,0.049,0.049,0.046,0.041,0.036,0.034,0.032,0.029,conexion-vial-cercana
V68_0,V20_1,0.064,1.0,0.064,0.077,0.077,0.07,0.07,0.083,0.096,0.115,0.128,0.128,0.115,0.096,0.089,0.096,0.102,0.109,0.121,0.128,0.128,0.121,0.109,0.096,0.089,0.083,0.077,conexion-vial-cercana
V68_0,V20_0,0.076,1.0,0.076,0.091,0.091,0.084,0.084,0.099,0.114,0.137,0.152,0.152,0.137,0.114,0.106,0.114,0.122,0.129,0.145,0.152,0.152,0.145,0.129,0.114,0.106,0.099,0.091,conexion-vial-cercana
V68_0,V20_2,0.114,1.0,0.114,0.137,0.137,0.125,0.125,0.148,0.171,0.205,0.228,0.228,0.205,0.171,0.16,0.171,0.182,0.194,0.217,0.228,0.228,0.217,0.194,0.171,0.16,0.148,0.137,conexion-vial-cercana
V68_0,V19_1,0.183,1.0,0.183,0.22,0.22,0.202,0.202,0.238,0.275,0.33,0.367,0.367,0.33,0.275,0.257,0.275,0.293,0.312,0.348,0.367,0.367,0.348,0.312,0.275,0.257,0.238,0.22,conexion-vial-cercana
V68_0,V68_1,0.227,1.0,0.227,0.272,0.272,0.25,0.25,0.295,0.34,0.409,0.454,0.454,0.409,0.34,0.318,0.34,0.363,0.386,0.431,0.454,0.454,0.431,0.386,0.34,0.318,0.295,0.272,conexion-vial-cercana
V68_0,V60_2,0.304,1.0,0.304,0.365,0.365,0.335,0.335,0.396,0.457,0.548,0.609,0.609,0.548,0.457,0.426,0.457,0.487,0.518,0.578,0.609,0.609,0.578,0.518,0.457,0.426,0.396,0.365,conexion-vial-cercana
V68_1,V20_2,0.219,1.0,0.219,0.263,0.263,0.241,0.241,0.285,0.329,0.395,0.439,0.439,0.395,0.329,0.307,0.329,0.351,0.373,0.417,0.439,0.439,0.417,0.373,0.329,0.307,0.285,0.263,conexion-vial-cercana
V68_1,V23_2,0.226,1.0,0.226,0.272,0.272,0.249,0.249,0.294,0.34,0.407,0.453,0.453,0.407,0.34,0.317,0.34,0.362,0.385,0.43,0.453,0.453,0.43,0.385,0.34,0.317,0.294,0.272,conexion-vial-cercana
V68_1,V68_0,0.227,1.0,0.227,0.272,0.272,0.25,0.25,0.295,0.34,0.409,0.454,0.454,0.409,0.34,0.318,0.34,0.363,0.386,0.431,0.454,0.454,0.431,0.386,0.34,0.318,0.295,0.272,conexion-vial-cercana
V68_1,V19_1,0.231,1.0,0.231,0.278,0.278,0.254,0.254,0.301,0.347,0.416,0.463,0.463,0.416,0.347,0.324,0.347,0.37,0.393,0.44,0.463,0.463,0.44,0.393,0.347,0.324,0.301,0.278,conexion-vial-cercana
V68_1,V19_0,0.232,1.0,0.232,0.279,0.279,0.256,0.256,0.302,0.349,0.418,0.465,0.465,0.418,0.349,0.325,0.349,0.372,0.395,0.442,0.465,0.465,0.442,0.395,0.349,0.325,0.302,0.279,conexion-vial-cercana
V68_1,V20_1,0.279,1.0,0.279,0.335,0.335,0.307,0.307,0.362,0.418,0.502,0.558,0.558,0.502,0.418,0.39,0.418,0.446,0.474,0.53,0.558,0.558,0.53,0.474,0.418,0.39,0.362,0.335,conexion-vial-cercana
V68_1,V68_2,0.302,1.0,0.302,0.362,0.362,0.332,0.332,0.392,0.452,0.543,0.603,0.603,0.543,0.452,0.422,0.452,0.483,0.513,0.573,0.603,0.603,0.573,0.513,0.452,0.422,0.392,0.362,conexion-vial-cercana
V68_1,V20_0,0.303,1.0,0.303,0.364,0.364,0.333,0.333,0.394,0.454,0.545,0.606,0.606,0.545,0.454,0.424,0.454,0.485,0.515,0.576,0.606,0.606,0.576,0.515,0.454,0.424,0.394,0.364,conexion-vial-cercana
V68_2,V74_2,0.03,1.0,0.03,0.036,0.036,0.033,0.033,0.039,0.046,0.055,0.061,0.061,0.055,0.046,0.043,0.046,0.049,0.052,0.058,0.061,0.061,0.058,0.052,0.046,0.043,0.039,0.036,conexion-vial-cercana
V68_2,V68_1,0.302,1.0,0.302,0.362,0.362,0.332,0.332,0.392,0.452,0.543,0.603,0.603,0.543,0.452,0.422,0.452,0.483,0.513,0.573,0.603,0.603,0.573,0.513,0.452,0.422,0.392,0.362,conexion-vial-cercana
V68_2,V19_1,0.519,1.0,0.519,0.622,0.622,0.571,0.571,0.674,0.778,0.934,1.037,1.037,0.934,0.778,0.726,0.778,0.83,0.882,0.986,1.037,1.037,0.986,0.882,0.778,0.726,0.674,0.622,conexion-vial-cercana
V68_2,V20_2,0.519,1.0,0.519,0.623,0.623,0.571,0.571,0.675,0.779,0.935,1.039,1.039,0.935,0.779,0.727,0.779,0.831,0.883,0.987,1.039,1.039,0.987,0.883,0.779,0.727,0.675,0.623,conexion-vial-cercana
V68_2,V68_0,0.52,1.0,0.52,0.625,0.625,0.573,0.573,0.677,0.781,0.937,1.041,1.041,0.937,0.781,0.729,0.781,0.833,0.885,0.989,1.041,1.041,0.989,0.885,0.781,0.729,0.677,0.625,conexion-vial-cercana
V68_2,V23_2,0.521,1.0,0.521,0.625,0.625,0.573,0.573,0.677,0.781,0.937,1.041,1.041,0.937,0.781,0.729,0.781,0.833,0.885,0.989,1.041,1.041,0.989,0.885,0.781,0.729,0.677,0.625,conexion-vial-cercana
V68_2,V19_0,0.53,1.0,0.53,0.636,0.636,0.583,0.583,0.689,0.795,0.954,1.06,1.06,0.954,0.795,0.742,0.795,0.848,0.901,1.007,1.06,1.06,1.007,0.901,0.795,0.742,0.689,0.636,conexion-vial-cercana
V68_2,V19_2,0.537,1.0,0.537,0.644,0.644,0.59,0.59,0.698,0.805,0.966,1.074,1.074,0.966,0.805,0.751,0.805,0.859,0.912,1.02,1.074,1.074,1.02,0.912,0.805,0.751,0.698,0.644,conexion-vial-cercana
V69_0,V57_1,0.029,1.0,0.029,0.029,0.029,0.029,0.029,0.029,0.032,0.034,0.037,0.037,0.034,0.032,0.032,0.032,0.034,0.034,0.037,0.04,0.043,0.04,0.037,0.034,0.032,0.029,0.029,conexion-vial-cercana
V69_0,V70_0,0.063,1.0,0.063,0.063,0.063,0.063,0.063,0.063,0.069,0.075,0.081,0.081,0.075,0.069,0.069,0.069,0.075,0.075,0.081,0.088,0.094,0.088,0.081,0.075,0.069,0.063,0.063,conexion-vial-cercana
V69_0,V70_1,0.071,1.0,0.071,0.071,0.071,0.071,0.071,0.071,0.078,0.085,0.092,0.092,0.085,0.078,0.078,0.078,0.085,0.085,0.092,0.1,0.107,0.1,0.092,0.085,0.078,0.071,0.071,conexion-vial-cercana
V69_0,V70_2,0.073,1.0,0.073,0.073,0.073,0.073,0.073,0.073,0.08,0.087,0.094,0.094,0.087,0.08,0.08,0.08,0.087,0.087,0.094,0.102,0.109,0.102,0.094,0.087,0.08,0.073,0.073,conexion-vial-cercana
V69_0,V65_1,0.132,1.0,0.132,0.132,0.132,0.132,0.132,0.132,0.145,0.159,0.172,0.172,0.159,0.145,0.145,0.145,0.159,0.159,0.172,0.185,0.198,0.185,0.172,0.159,0.145,0.132,0.132,conexion-vial-cercana
V69_0,V65_2,0.147,1.0,0.147,0.147,0.147,0.147,0.147,0.147,0.162,0.176,0.191,0.191,0.176,0.162,0.162,0.162,0.176,0.176,0.191,0.206,0.22,0.206,0.191,0.176,0.162,0.147,0.147,conexion-vial-cercana
V69_0,V66_0,0.147,1.0,0.147,0.147,0.147,0.147,0.147,0.147,0.162,0.176,0.191,0.191,0.176,0.162,0.162,0.162,0.176,0.176,0.191,0.206,0.22,0.206,0.191,0.176,0.162,0.147,0.147,conexion-vial-cercana
V69_0,V74_0,0.186,1.0,0.186,0.186,0.186,0.186,0.186,0.186,0.205,0.223,0.242,0.242,0.223,0.205,0.205,0.205,0.223,0.223,0.242,0.26,0.279,0.26,0.242,0.223,0.205,0.186,0.186,conexion-vial-cercana
V69_1,V66_2,0.0,1.0,0.0,0.0,0.0,0.0,0.0,0.0,0.0,0.0,0.0,0.0,0.0,0.0,0.0,0.0,0.0,0.0,0.0,0.0,0.0,0.0,0.0,0.0,0.0,0.0,0.0,conexion-vial-cercana
V69_1,V66_1,0.104,1.0,0.104,0.104,0.104,0.104,0.104,0.104,0.115,0.125,0.136,0.136,0.125,0.115,0.115,0.115,0.125,0.125,0.136,0.146,0.156,0.146,0.136,0.125,0.115,0.104,0.104,conexion-vial-cercana
V69_1,V57_2,0.153,1.0,0.153,0.153,0.153,0.153,0.153,0.153,0.168,0.183,0.199,0.199,0.183,0.168,0.168,0.168,0.183,0.183,0.199,0.214,0.229,0.214,0.199,0.183,0.168,0.153,0.153,conexion-vial-cercana
V69_1,V65_2,0.155,1.0,0.155,0.155,0.155,0.155,0.155,0.155,0.171,0.186,0.202,0.202,0.186,0.171,0.171,0.171,0.186,0.186,0.202,0.217,0.233,0.217,0.202,0.186,0.171,0.155,0.155,conexion-vial-cercana
V69_1,V66_0,0.155,1.0,0.155,0.155,0.155,0.155,0.155,0.155,0.171,0.186,0.202,0.202,0.186,0.171,0.171,0.171,0.186,0.186,0.202,0.217,0.233,0.217,0.202,0.186,0.171,0.155,0.155,conexion-vial-cercana
V69_1,V74_0,0.159,1.0,0.159,0.159,0.159,0.159,0.159,0.159,0.174,0.19,0.206,0.206,0.19,0.174,0.174,0.174,0.19,0.19,0.206,0.222,0.238,0.222,0.206,0.19,0.174,0.159,0.159,conexion-vial-cercana
V69_1,V65_0,0.172,1.0,0.172,0.172,0.172,0.172,0.172,0.172,0.189,0.206,0.224,0.224,0.206,0.189,0.189,0.189,0.206,0.206,0.224,0.241,0.258,0.241,0.224,0.206,0.189,0.172,0.172,conexion-vial-cercana
V69_1,V65_1,0.187,1.0,0.187,0.187,0.187,0.187,0.187,0.187,0.206,0.224,0.243,0.243,0.224,0.206,0.206,0.206,0.224,0.224,0.243,0.262,0.281,0.262,0.243,0.224,0.206,0.187,0.187,conexion-vial-cercana
V69_2,V66_2,0.355,1.0,0.355,0.355,0.355,0.355,0.355,0.355,0.391,0.426,0.462,0.462,0.426,0.391,0.391,0.391,0.426,0.426,0.462,0.497,0.533,0.497,0.462,0.426,0.391,0.355,0.355,conexion-vial-cercana
V69_2,V69_1,0.355,1.0,0.355,0.355,0.355,0.355,0.355,0.355,0.391,0.426,0.462,0.462,0.426,0.391,0.391,0.391,0.426,0.426,0.462,0.497,0.533,0.497,0.462,0.426,0.391,0.355,0.355,conexion-vial-cercana
V69_2,V65_0,0.401,1.0,0.401,0.401,0.401,0.401,0.401,0.401,0.442,0.482,0.522,0.522,0.482,0.442,0.442,0.442,0.482,0.482,0.522,0.562,0.602,0.562,0.522,0.482,0.442,0.401,0.401,conexion-vial-cercana
V69_2,V57_2,0.428,1.0,0.428,0.428,0.428,0.428,0.428,0.428,0.47,0.513,0.556,0.556,0.513,0.47,0.47,0.47,0.513,0.513,0.556,0.599,0.642,0.599,0.556,0.513,0.47,0.428,0.428,conexion-vial-cercana
V69_2,V56_0,0.436,1.0,0.436,0.436,0.436,0.436,0.436,0.436,0.48,0.523,0.567,0.567,0.523,0.48,0.48,0.48,0.523,0.523,0.567,0.61,0.654,0.61,0.567,0.523,0.48,0.436,0.436,conexion-vial-cercana
V69_2,V51_2,0.442,1.0,0.442,0.442,0.442,0.442,0.442,0.442,0.486,0.531,0.575,0.575,0.531,0.486,0.486,0.486,0.531,0.531,0.575,0.619,0.663,0.619,0.575,0.531,0.486,0.442,0.442,conexion-vial-cercana
V69_2,V66_1,0.447,1.0,0.447,0.447,0.447,0.447,0.447,0.447,0.492,0.536,0.581,0.581,0.536,0.492,0.492,0.492,0.536,0.536,0.581,0.626,0.671,0.626,0.581,0.536,0.492,0.447,0.447,conexion-vial-cercana
V69_2,V74_0,0.469,1.0,0.469,0.469,0.469,0.469,0.469,0.469,0.515,0.562,0.609,0.609,0.562,0.515,0.515,0.515,0.562,0.562,0.609,0.656,0.703,0.656,0.609,0.562,0.515,0.469,0.469,conexion-vial-cercana
V70_0,V70_1,0.011,1.0,0.011,0.011,0.011,0.011,0.011,0.011,0.012,0.013,0.014,0.014,0.013,0.012,0.012,0.012,0.013,0.013,0.014,0.016,0.017,0.016,0.014,0.013,0.012,0.011,0.011,conexion-vial-cercana
V70_0,V70_2,0.019,1.0,0.019,0.019,0.019,0.019,0.019,0.019,0.021,0.023,0.024,0.024,0.023,0.021,0.021,0.021,0.023,0.023,0.024,0.026,0.028,0.026,0.024,0.023,0.021,0.019,0.019,conexion-vial-cercana
V70_0,V57_1,0.04,1.0,0.04,0.04,0.04,0.04,0.04,0.04,0.044,0.048,0.052,0.052,0.048,0.044,0.044,0.044,0.048,0.048,0.052,0.056,0.061,0.056,0.052,0.048,0.044,0.04,0.04,conexion-vial-cercana
V70_0,V69_0,0.063,1.0,0.063,0.063,0.063,0.063,0.063,0.063,0.069,0.075,0.081,0.081,0.075,0.069,0.069,0.069,0.075,0.075,0.081,0.088,0.094,0.088,0.081,0.075,0.069,0.063,0.063,conexion-vial-cercana
V70_0,V65_1,0.077,1.0,0.077,0.077,0.077,0.077,0.077,0.077,0.085,0.093,0.1,0.1,0.093,0.085,0.085,0.085,0.093,0.093,0.1,0.108,0.116,0.108,0.1,0.093,0.085,0.077,0.077,conexion-vial-cercana
V70_0,V65_2,0.085,1.0,0.085,0.085,0.085,0.085,0.085,0.085,0.094,0.102,0.111,0.111,0.102,0.094,0.094,0.094,0.102,0.102,0.111,0.119,0.128,0.119,0.111,0.102,0.094,0.085,0.085,conexion-vial-cercana
V70_0,V66_0,0.085,1.0,0.085,0.085,0.085,0.085,0.085,0.085,0.094,0.102,0.111,0.111,0.102,0.094,0.094,0.094,0.102,0.102,0.111,0.119,0.128,0.119,0.111,0.102,0.094,0.085,0.085,conexion-vial-cercana
V70_0,V74_0,0.131,1.0,0.131,0.131,0.131,0.131,0.131,0.131,0.144,0.157,0.17,0.17,0.157,0.144,0.144,0.144,0.157,0.157,0.17,0.183,0.196,0.183,0.17,0.157,0.144,0.131,0.131,conexion-vial-cercana
V70_1,V70_2,0.009,1.0,0.009,0.009,0.009,0.009,0.009,0.009,0.01,0.011,0.012,0.012,0.011,0.01,0.01,0.01,0.011,0.011,0.012,0.013,0.014,0.013,0.012,0.011,0.01,0.009,0.009,conexion-vial-cercana
V70_1,V70_0,0.011,1.0,0.011,0.011,0.011,0.011,0.011,0.011,0.012,0.013,0.014,0.014,0.013,0.012,0.012,0.012,0.013,0.013,0.014,0.016,0.017,0.016,0.014,0.013,0.012,0.011,0.011,conexion-vial-cercana
V70_1,V57_1,0.051,1.0,0.051,0.051,0.051,0.051,0.051,0.051,0.056,0.061,0.066,0.066,0.061,0.056,0.056,0.056,0.061,0.061,0.066,0.071,0.076,0.071,0.066,0.061,0.056,0.051,0.051,conexion-vial-cercana
V70_1,V69_0,0.071,1.0,0.071,0.071,0.071,0.071,0.071,0.071,0.078,0.085,0.092,0.092,0.085,0.078,0.078,0.078,0.085,0.085,0.092,0.1,0.107,0.1,0.092,0.085,0.078,0.071,0.071,conexion-vial-cercana
V70_1,V65_1,0.076,1.0,0.076,0.076,0.076,0.076,0.076,0.076,0.084,0.091,0.099,0.099,0.091,0.084,0.084,0.084,0.091,0.091,0.099,0.107,0.114,0.107,0.099,0.091,0.084,0.076,0.076,conexion-vial-cercana
V70_1,V65_2,0.079,1.0,0.079,0.079,0.079,0.079,0.079,0.079,0.087,0.095,0.103,0.103,0.095,0.087,0.087,0.087,0.095,0.095,0.103,0.11,0.118,0.11,0.103,0.095,0.087,0.079,0.079,conexion-vial-cercana
V70_1,V66_0,0.079,1.0,0.079,0.079,0.079,0.079,0.079,0.079,0.087,0.095,0.103,0.103,0.095,0.087,0.087,0.087,0.095,0.095,0.103,0.11,0.118,0.11,0.103,0.095,0.087,0.079,0.079,conexion-vial-cercana
V70_1,V66_1,0.127,1.0,0.127,0.127,0.127,0.127,0.127,0.127,0.14,0.152,0.165,0.165,0.152,0.14,0.14,0.14,0.152,0.152,0.165,0.178,0.19,0.178,0.165,0.152,0.14,0.127,0.127,conexion-vial-cercana
V70_2,V70_1,0.009,1.0,0.009,0.009,0.009,0.009,0.009,0.009,0.01,0.011,0.012,0.012,0.011,0.01,0.01,0.01,0.011,0.011,0.012,0.013,0.014,0.013,0.012,0.011,0.01,0.009,0.009,conexion-vial-cercana
V70_2,V70_0,0.019,1.0,0.019,0.019,0.019,0.019,0.019,0.019,0.021,0.023,0.024,0.024,0.023,0.021,0.021,0.021,0.023,0.023,0.024,0.026,0.028,0.026,0.024,0.023,0.021,0.019,0.019,conexion-vial-cercana
V70_2,V57_1,0.055,1.0,0.055,0.055,0.055,0.055,0.055,0.055,0.061,0.067,0.072,0.072,0.067,0.061,0.061,0.061,0.067,0.067,0.072,0.078,0.083,0.078,0.072,0.067,0.061,0.055,0.055,conexion-vial-cercana
V70_2,V69_0,0.073,1.0,0.073,0.073,0.073,0.073,0.073,0.073,0.08,0.087,0.094,0.094,0.087,0.08,0.08,0.08,0.087,0.087,0.094,0.102,0.109,0.102,0.094,0.087,0.08,0.073,0.073,conexion-vial-cercana
V70_2,V65_2,0.082,1.0,0.082,0.082,0.082,0.082,0.082,0.082,0.09,0.099,0.107,0.107,0.099,0.09,0.09,0.09,0.099,0.099,0.107,0.115,0.123,0.115,0.107,0.099,0.09,0.082,0.082,conexion-vial-cercana
V70_2,V66_0,0.082,1.0,0.082,0.082,0.082,0.082,0.082,0.082,0.09,0.099,0.107,0.107,0.099,0.09,0.09,0.09,0.099,0.099,0.107,0.115,0.123,0.115,0.107,0.099,0.09,0.082,0.082,conexion-vial-cercana
V70_2,V65_1,0.083,1.0,0.083,0.083,0.083,0.083,0.083,0.083,0.092,0.1,0.108,0.108,0.1,0.092,0.092,0.092,0.1,0.1,0.108,0.117,0.125,0.117,0.108,0.1,0.092,0.083,0.083,conexion-vial-cercana
V70_2,V66_1,0.128,1.0,0.128,0.128,0.128,0.128,0.128,0.128,0.141,0.154,0.167,0.167,0.154,0.141,0.141,0.141,0.154,0.154,0.167,0.18,0.192,0.18,0.167,0.154,0.141,0.128,0.128,conexion-vial-cercana
V71_0,V71_1,0.0,1.0,0.0,0.0,0.0,0.0,0.0,0.0,0.0,0.0,0.0,0.0,0.0,0.0,0.0,0.0,0.0,0.0,0.0,0.0,0.0,0.0,0.0,0.0,0.0,0.0,0.0,conexion-vial-cercana
V71_0,V71_2,0.01,1.0,0.01,0.01,0.01,0.01,0.01,0.01,0.011,0.012,0.013,0.013,0.012,0.011,0.011,0.011,0.012,0.012,0.013,0.014,0.015,0.014,0.013,0.012,0.011,0.01,0.01,conexion-vial-cercana
V71_0,V73_2,0.037,1.0,0.037,0.037,0.037,0.037,0.037,0.037,0.041,0.045,0.048,0.048,0.045,0.041,0.041,0.041,0.045,0.045,0.048,0.052,0.056,0.052,0.048,0.045,0.041,0.037,0.037,conexion-vial-cercana
V71_0,V72_2,0.049,1.0,0.049,0.049,0.049,0.049,0.049,0.049,0.054,0.059,0.064,0.064,0.059,0.054,0.054,0.054,0.059,0.059,0.064,0.069,0.074,0.069,0.064,0.059,0.054,0.049,0.049,conexion-vial-cercana
V71_0,V72_0,0.062,1.0,0.062,0.062,0.062,0.062,0.062,0.062,0.068,0.074,0.08,0.08,0.074,0.068,0.068,0.068,0.074,0.074,0.08,0.086,0.092,0.086,0.08,0.074,0.068,0.062,0.062,conexion-vial-cercana
V71_0,V72_1,0.062,1.0,0.062,0.062,0.062,0.062,0.062,0.062,0.068,0.074,0.08,0.08,0.074,0.068,0.068,0.068,0.074,0.074,0.08,0.086,0.092,0.086,0.08,0.074,0.068,0.062,0.062,conexion-vial-cercana
V71_0,V75_1,0.079,1.0,0.079,0.079,0.079,0.079,0.079,0.079,0.087,0.095,0.103,0.103,0.095,0.087,0.087,0.087,0.095,0.095,0.103,0.111,0.119,0.111,0.103,0.095,0.087,0.079,0.079,conexion-vial-cercana
V71_0,V73_1,0.103,1.0,0.103,0.103,0.103,0.103,0.103,0.103,0.113,0.124,0.134,0.134,0.124,0.113,0.113,0.113,0.124,0.124,0.134,0.144,0.155,0.144,0.134,0.124,0.113,0.103,0.103,conexion-vial-cercana
V71_1,V71_0,0.0,1.0,0.0,0.0,0.0,0.0,0.0,0.0,0.0,0.0,0.0,0.0,0.0,0.0,0.0,0.0,0.0,0.0,0.0,0.0,0.0,0.0,0.0,0.0,0.0,0.0,0.0,conexion-vial-cercana
V71_1,V71_2,0.01,1.0,0.01,0.01,0.01,0.01,0.01,0.01,0.011,0.012,0.013,0.013,0.012,0.011,0.011,0.011,0.012,0.012,0.013,0.014,0.015,0.014,0.013,0.012,0.011,0.01,0.01,conexion-vial-cercana
V71_1,V73_2,0.037,1.0,0.037,0.037,0.037,0.037,0.037,0.037,0.041,0.045,0.048,0.048,0.045,0.041,0.041,0.041,0.045,0.045,0.048,0.052,0.056,0.052,0.048,0.045,0.041,0.037,0.037,conexion-vial-cercana
V71_1,V72_2,0.049,1.0,0.049,0.049,0.049,0.049,0.049,0.049,0.054,0.059,0.064,0.064,0.059,0.054,0.054,0.054,0.059,0.059,0.064,0.069,0.074,0.069,0.064,0.059,0.054,0.049,0.049,conexion-vial-cercana
V71_1,V72_0,0.062,1.0,0.062,0.062,0.062,0.062,0.062,0.062,0.068,0.074,0.08,0.08,0.074,0.068,0.068,0.068,0.074,0.074,0.08,0.086,0.092,0.086,0.08,0.074,0.068,0.062,0.062,conexion-vial-cercana
V71_1,V72_1,0.062,1.0,0.062,0.062,0.062,0.062,0.062,0.062,0.068,0.074,0.08,0.08,0.074,0.068,0.068,0.068,0.074,0.074,0.08,0.086,0.092,0.086,0.08,0.074,0.068,0.062,0.062,conexion-vial-cercana
V71_1,V75_1,0.079,1.0,0.079,0.079,0.079,0.079,0.079,0.079,0.087,0.095,0.103,0.103,0.095,0.087,0.087,0.087,0.095,0.095,0.103,0.111,0.119,0.111,0.103,0.095,0.087,0.079,0.079,conexion-vial-cercana
V71_1,V73_1,0.103,1.0,0.103,0.103,0.103,0.103,0.103,0.103,0.113,0.124,0.134,0.134,0.124,0.113,0.113,0.113,0.124,0.124,0.134,0.144,0.155,0.144,0.134,0.124,0.113,0.103,0.103,conexion-vial-cercana
V71_2,V71_0,0.01,1.0,0.01,0.01,0.01,0.01,0.01,0.01,0.011,0.012,0.013,0.013,0.012,0.011,0.011,0.011,0.012,0.012,0.013,0.014,0.015,0.014,0.013,0.012,0.011,0.01,0.01,conexion-vial-cercana
V71_2,V71_1,0.01,1.0,0.01,0.01,0.01,0.01,0.01,0.01,0.011,0.012,0.013,0.013,0.012,0.011,0.011,0.011,0.012,0.012,0.013,0.014,0.015,0.014,0.013,0.012,0.011,0.01,0.01,conexion-vial-cercana
V71_2,V73_2,0.027,1.0,0.027,0.027,0.027,0.027,0.027,0.027,0.03,0.033,0.035,0.035,0.033,0.03,0.03,0.03,0.033,0.033,0.035,0.038,0.041,0.038,0.035,0.033,0.03,0.027,0.027,conexion-vial-cercana
V71_2,V72_2,0.043,1.0,0.043,0.043,0.043,0.043,0.043,0.043,0.048,0.052,0.056,0.056,0.052,0.048,0.048,0.048,0.052,0.052,0.056,0.06,0.065,0.06,0.056,0.052,0.048,0.043,0.043,conexion-vial-cercana
V71_2,V72_0,0.056,1.0,0.056,0.056,0.056,0.056,0.056,0.056,0.062,0.067,0.073,0.073,0.067,0.062,0.062,0.062,0.067,0.067,0.073,0.078,0.084,0.078,0.073,0.067,0.062,0.056,0.056,conexion-vial-cercana
V71_2,V72_1,0.056,1.0,0.056,0.056,0.056,0.056,0.056,0.056,0.062,0.067,0.073,0.073,0.067,0.062,0.062,0.062,0.067,0.067,0.073,0.078,0.084,0.078,0.073,0.067,0.062,0.056,0.056,conexion-vial-cercana
V71_2,V75_1,0.069,1.0,0.069,0.069,0.069,0.069,0.069,0.069,0.076,0.083,0.09,0.09,0.083,0.076,0.076,0.076,0.083,0.083,0.09,0.097,0.104,0.097,0.09,0.083,0.076,0.069,0.069,conexion-vial-cercana
V71_2,V73_1,0.093,1.0,0.093,0.093,0.093,0.093,0.093,0.093,0.102,0.112,0.121,0.121,0.112,0.102,0.102,0.102,0.112,0.112,0.121,0.13,0.14,0.13,0.121,0.112,0.102,0.093,0.093,conexion-vial-cercana
V72_0,V72_1,0.0,1.0,0.0,0.0,0.0,0.0,0.0,0.0,0.0,0.0,0.0,0.0,0.0,0.0,0.0,0.0,0.0,0.0,0.0,0.0,0.0,0.0,0.0,0.0,0.0,0.0,0.0,conexion-vial-cercana
V72_0,V72_2,0.013,1.0,0.013,0.013,0.013,0.013,0.013,0.013,0.014,0.016,0.017,0.017,0.016,0.014,0.014,0.014,0.016,0.016,0.017,0.018,0.019,0.018,0.017,0.016,0.014,0.013,0.013,conexion-vial-cercana
V72_0,V73_2,0.042,1.0,0.042,0.042,0.042,0.042,0.042,0.042,0.046,0.05,0.055,0.055,0.05,0.046,0.046,0.046,0.05,0.05,0.055,0.059,0.063,0.059,0.055,0.05,0.046,0.042,0.042,conexion-vial-cercana
V72_0,V71_2,0.056,1.0,0.056,0.056,0.056,0.056,0.056,0.056,0.062,0.067,0.073,0.073,0.067,0.062,0.062,0.062,0.067,0.067,0.073,0.078,0.084,0.078,0.073,0.067,0.062,0.056,0.056,conexion-vial-cercana
V72_0,V75_0,0.058,1.0,0.058,0.058,0.058,0.058,0.058,0.058,0.064,0.07,0.076,0.076,0.07,0.064,0.064,0.064,0.07,0.07,0.076,0.081,0.087,0.081,0.076,0.07,0.064,0.058,0.058,conexion-vial-cercana
V72_0,V71_0,0.062,1.0,0.062,0.062,0.062,0.062,0.062,0.062,0.068,0.074,0.08,0.08,0.074,0.068,0.068,0.068,0.074,0.074,0.08,0.086,0.092,0.086,0.08,0.074,0.068,0.062,0.062,conexion-vial-cercana
V72_0,V71_1,0.062,1.0,0.062,0.062,0.062,0.062,0.062,0.062,0.068,0.074,0.08,0.08,0.074,0.068,0.068,0.068,0.074,0.074,0.08,0.086,0.092,0.086,0.08,0.074,0.068,0.062,0.062,conexion-vial-cercana
V72_0,V75_1,0.062,1.0,0.062,0.062,0.062,0.062,0.062,0.062,0.068,0.074,0.081,0.081,0.074,0.068,0.068,0.068,0.074,0.074,0.081,0.087,0.093,0.087,0.081,0.074,0.068,0.062,0.062,conexion-vial-cercana
V72_1,V72_0,0.0,1.0,0.0,0.0,0.0,0.0,0.0,0.0,0.0,0.0,0.0,0.0,0.0,0.0,0.0,0.0,0.0,0.0,0.0,0.0,0.0,0.0,0.0,0.0,0.0,0.0,0.0,conexion-vial-cercana
V72_1,V72_2,0.013,1.0,0.013,0.013,0.013,0.013,0.013,0.013,0.014,0.016,0.017,0.017,0.016,0.014,0.014,0.014,0.016,0.016,0.017,0.018,0.019,0.018,0.017,0.016,0.014,0.013,0.013,conexion-vial-cercana
V72_1,V73_2,0.042,1.0,0.042,0.042,0.042,0.042,0.042,0.042,0.046,0.05,0.055,0.055,0.05,0.046,0.046,0.046,0.05,0.05,0.055,0.059,0.063,0.059,0.055,0.05,0.046,0.042,0.042,conexion-vial-cercana
V72_1,V71_2,0.056,1.0,0.056,0.056,0.056,0.056,0.056,0.056,0.062,0.067,0.073,0.073,0.067,0.062,0.062,0.062,0.067,0.067,0.073,0.078,0.084,0.078,0.073,0.067,0.062,0.056,0.056,conexion-vial-cercana
V72_1,V75_0,0.058,1.0,0.058,0.058,0.058,0.058,0.058,0.058,0.064,0.07,0.076,0.076,0.07,0.064,0.064,0.064,0.07,0.07,0.076,0.081,0.087,0.081,0.076,0.07,0.064,0.058,0.058,conexion-vial-cercana
V72_1,V71_0,0.062,1.0,0.062,0.062,0.062,0.062,0.062,0.062,0.068,0.074,0.08,0.08,0.074,0.068,0.068,0.068,0.074,0.074,0.08,0.086,0.092,0.086,0.08,0.074,0.068,0.062,0.062,conexion-vial-cercana
V72_1,V71_1,0.062,1.0,0.062,0.062,0.062,0.062,0.062,0.062,0.068,0.074,0.08,0.08,0.074,0.068,0.068,0.068,0.074,0.074,0.08,0.086,0.092,0.086,0.08,0.074,0.068,0.062,0.062,conexion-vial-cercana
V72_1,V75_1,0.062,1.0,0.062,0.062,0.062,0.062,0.062,0.062,0.068,0.074,0.081,0.081,0.074,0.068,0.068,0.068,0.074,0.074,0.081,0.087,0.093,0.087,0.081,0.074,0.068,0.062,0.062,conexion-vial-cercana
V72_2,V72_0,0.013,1.0,0.013,0.013,0.013,0.013,0.013,0.013,0.014,0.016,0.017,0.017,0.016,0.014,0.014,0.014,0.016,0.016,0.017,0.018,0.019,0.018,0.017,0.016,0.014,0.013,0.013,conexion-vial-cercana
V72_2,V72_1,0.013,1.0,0.013,0.013,0.013,0.013,0.013,0.013,0.014,0.016,0.017,0.017,0.016,0.014,0.014,0.014,0.016,0.016,0.017,0.018,0.019,0.018,0.017,0.016,0.014,0.013,0.013,conexion-vial-cercana
V72_2,V73_2,0.03,1.0,0.03,0.03,0.03,0.03,0.03,0.03,0.033,0.036,0.039,0.039,0.036,0.033,0.033,0.033,0.036,0.036,0.039,0.042,0.045,0.042,0.039,0.036,0.033,0.03,0.03,conexion-vial-cercana
V72_2,V71_2,0.043,1.0,0.043,0.043,0.043,0.043,0.043,0.043,0.048,0.052,0.056,0.056,0.052,0.048,0.048,0.048,0.052,0.052,0.056,0.06,0.065,0.06,0.056,0.052,0.048,0.043,0.043,conexion-vial-cercana
V72_2,V71_0,0.049,1.0,0.049,0.049,0.049,0.049,0.049,0.049,0.054,0.059,0.064,0.064,0.059,0.054,0.054,0.054,0.059,0.059,0.064,0.069,0.074,0.069,0.064,0.059,0.054,0.049,0.049,conexion-vial-cercana
V72_2,V71_1,0.049,1.0,0.049,0.049,0.049,0.049,0.049,0.049,0.054,0.059,0.064,0.064,0.059,0.054,0.054,0.054,0.059,0.059,0.064,0.069,0.074,0.069,0.064,0.059,0.054,0.049,0.049,conexion-vial-cercana
V72_2,V75_1,0.058,1.0,0.058,0.058,0.058,0.058,0.058,0.058,0.063,0.069,0.075,0.075,0.069,0.063,0.063,0.063,0.069,0.069,0.075,0.081,0.086,0.081,0.075,0.069,0.063,0.058,0.058,conexion-vial-cercana
V72_2,V75_0,0.07,1.0,0.07,0.07,0.07,0.07,0.07,0.07,0.077,0.084,0.091,0.091,0.084,0.077,0.077,0.077,0.084,0.084,0.091,0.098,0.105,0.098,0.091,0.084,0.077,0.07,0.07,conexion-vial-cercana
V73_0,V75_2,0.0,1.0,0.0,0.0,0.0,0.0,0.0,0.0,0.0,0.0,0.0,0.0,0.0,0.0,0.0,0.0,0.0,0.0,0.0,0.0,0.0,0.0,0.0,0.0,0.0,0.0,0.0,conexion-vial-cercana
V73_0,V73_1,0.059,1.0,0.059,0.059,0.059,0.059,0.059,0.065,0.071,0.083,0.095,0.089,0.077,0.071,0.065,0.071,0.077,0.083,0.089,0.101,0.107,0.095,0.083,0.071,0.065,0.065,0.059,conexion-vial-cercana
V73_0,V75_1,0.083,1.0,0.083,0.083,0.083,0.083,0.083,0.091,0.099,0.116,0.132,0.124,0.107,0.099,0.091,0.099,0.107,0.116,0.124,0.14,0.149,0.132,0.116,0.099,0.091,0.091,0.083,conexion-vial-cercana
V73_0,V73_2,0.125,1.0,0.125,0.125,0.125,0.125,0.125,0.138,0.15,0.175,0.2,0.188,0.163,0.15,0.138,0.15,0.163,0.175,0.188,0.213,0.225,0.2,0.175,0.15,0.138,0.138,0.125,conexion-vial-cercana
V73_0,V72_2,0.138,1.0,0.138,0.138,0.138,0.138,0.138,0.152,0.165,0.193,0.221,0.207,0.179,0.165,0.152,0.165,0.179,0.193,0.207,0.234,0.248,0.221,0.193,0.165,0.152,0.152,0.138,conexion-vial-cercana
V73_0,V72_0,0.139,1.0,0.139,0.139,0.139,0.139,0.139,0.153,0.167,0.194,0.222,0.208,0.181,0.167,0.153,0.167,0.181,0.194,0.208,0.236,0.25,0.222,0.194,0.167,0.153,0.153,0.139,conexion-vial-cercana
V73_0,V72_1,0.139,1.0,0.139,0.139,0.139,0.139,0.139,0.153,0.167,0.194,0.222,0.208,0.181,0.167,0.153,0.167,0.181,0.194,0.208,0.236,0.25,0.222,0.194,0.167,0.153,0.153,0.139,conexion-vial-cercana
V73_0,V71_2,0.15,1.0,0.15,0.15,0.15,0.15,0.15,0.165,0.18,0.21,0.24,0.225,0.195,0.18,0.165,0.18,0.195,0.21,0.225,0.255,0.27,0.24,0.21,0.18,0.165,0.165,0.15,conexion-vial-cercana
V73_1,V75_1,0.035,1.0,0.035,0.035,0.035,0.035,0.035,0.038,0.042,0.049,0.056,0.052,0.045,0.042,0.038,0.042,0.045,0.049,0.052,0.059,0.063,0.056,0.049,0.042,0.038,0.038,0.035,conexion-vial-cercana
V73_1,V73_0,0.059,1.0,0.059,0.059,0.059,0.059,0.059,0.065,0.071,0.083,0.095,0.089,0.077,0.071,0.065,0.071,0.077,0.083,0.089,0.101,0.107,0.095,0.083,0.071,0.065,0.065,0.059,conexion-vial-cercana
V73_1,V75_2,0.059,1.0,0.059,0.059,0.059,0.059,0.059,0.065,0.071,0.083,0.095,0.089,0.077,0.071,0.065,0.071,0.077,0.083,0.089,0.101,0.107,0.095,0.083,0.071,0.065,0.065,0.059,conexion-vial-cercana
V73_1,V73_2,0.071,1.0,0.071,0.071,0.071,0.071,0.071,0.078,0.085,0.1,0.114,0.107,0.092,0.085,0.078,0.085,0.092,0.1,0.107,0.121,0.128,0.114,0.1,0.085,0.078,0.078,0.071,conexion-vial-cercana
V73_1,V72_2,0.091,1.0,0.091,0.091,0.091,0.091,0.091,0.1,0.11,0.128,0.146,0.137,0.119,0.11,0.1,0.11,0.119,0.128,0.137,0.155,0.164,0.146,0.128,0.11,0.1,0.1,0.091,conexion-vial-cercana
V73_1,V71_2,0.093,1.0,0.093,0.093,0.093,0.093,0.093,0.102,0.112,0.13,0.149,0.14,0.121,0.112,0.102,0.112,0.121,0.13,0.14,0.158,0.168,0.149,0.13,0.112,0.102,0.102,0.093,conexion-vial-cercana
V73_1,V72_0,0.097,1.0,0.097,0.097,0.097,0.097,0.097,0.106,0.116,0.135,0.155,0.145,0.126,0.116,0.106,0.116,0.126,0.135,0.145,0.164,0.174,0.155,0.135,0.116,0.106,0.106,0.097,conexion-vial-cercana
V73_1,V72_1,0.097,1.0,0.097,0.097,0.097,0.097,0.097,0.106,0.116,0.135,0.155,0.145,0.126,0.116,0.106,0.116,0.126,0.135,0.145,0.164,0.174,0.155,0.135,0.116,0.106,0.106,0.097,conexion-vial-cercana
V73_2,V71_2,0.027,1.0,0.027,0.027,0.027,0.027,0.027,0.03,0.033,0.038,0.043,0.041,0.035,0.033,0.03,0.033,0.035,0.038,0.041,0.046,0.049,0.043,0.038,0.033,0.03,0.03,0.027,conexion-vial-cercana
V73_2,V72_2,0.03,1.0,0.03,0.03,0.03,0.03,0.03,0.033,0.036,0.042,0.048,0.045,0.039,0.036,0.033,0.036,0.039,0.042,0.045,0.051,0.054,0.048,0.042,0.036,0.033,0.033,0.03,conexion-vial-cercana
V73_2,V71_0,0.037,1.0,0.037,0.037,0.037,0.037,0.037,0.041,0.045,0.052,0.059,0.056,0.048,0.045,0.041,0.045,0.048,0.052,0.056,0.063,0.067,0.059,0.052,0.045,0.041,0.041,0.037,conexion-vial-cercana
V73_2,V71_1,0.037,1.0,0.037,0.037,0.037,0.037,0.037,0.041,0.045,0.052,0.059,0.056,0.048,0.045,0.041,0.045,0.048,0.052,0.056,0.063,0.067,0.059,0.052,0.045,0.041,0.041,0.037,conexion-vial-cercana
V73_2,V72_0,0.042,1.0,0.042,0.042,0.042,0.042,0.042,0.046,0.05,0.059,0.067,0.063,0.055,0.05,0.046,0.05,0.055,0.059,0.063,0.071,0.075,0.067,0.059,0.05,0.046,0.046,0.042,conexion-vial-cercana
V73_2,V72_1,0.042,1.0,0.042,0.042,0.042,0.042,0.042,0.046,0.05,0.059,0.067,0.063,0.055,0.05,0.046,0.05,0.055,0.059,0.063,0.071,0.075,0.067,0.059,0.05,0.046,0.046,0.042,conexion-vial-cercana
V73_2,V75_1,0.043,1.0,0.043,0.043,0.043,0.043,0.043,0.047,0.052,0.06,0.069,0.065,0.056,0.052,0.047,0.052,0.056,0.06,0.065,0.073,0.078,0.069,0.06,0.052,0.047,0.047,0.043,conexion-vial-cercana
V73_2,V73_1,0.071,1.0,0.071,0.071,0.071,0.071,0.071,0.078,0.085,0.1,0.114,0.107,0.092,0.085,0.078,0.085,0.092,0.1,0.107,0.121,0.128,0.114,0.1,0.085,0.078,0.078,0.071,conexion-vial-cercana
V74_0,V57_2,0.053,1.0,0.053,0.063,0.063,0.058,0.058,0.069,0.079,0.095,0.106,0.106,0.095,0.079,0.074,0.079,0.085,0.09,0.1,0.106,0.106,0.1,0.09,0.079,0.074,0.069,0.063,conexion-vial-cercana
V74_0,V65_1,0.054,1.0,0.054,0.065,0.065,0.06,0.06,0.07,0.081,0.098,0.108,0.108,0.098,0.081,0.076,0.081,0.087,0.092,0.103,0.108,0.108,0.103,0.092,0.081,0.076,0.07,0.065,conexion-vial-cercana
V74_0,V65_2,0.063,1.0,0.063,0.075,0.075,0.069,0.069,0.082,0.094,0.113,0.126,0.126,0.113,0.094,0.088,0.094,0.101,0.107,0.119,0.126,0.126,0.119,0.107,0.094,0.088,0.082,0.075,conexion-vial-cercana
V74_0,V66_0,0.063,1.0,0.063,0.075,0.075,0.069,0.069,0.082,0.094,0.113,0.126,0.126,0.113,0.094,0.088,0.094,0.101,0.107,0.119,0.126,0.126,0.119,0.107,0.094,0.088,0.082,0.075,conexion-vial-cercana
V74_0,V66_1,0.071,1.0,0.071,0.086,0.086,0.078,0.078,0.093,0.107,0.128,0.143,0.143,0.128,0.107,0.1,0.107,0.114,0.121,0.135,0.143,0.143,0.135,0.121,0.107,0.1,0.093,0.086,conexion-vial-cercana
V74_0,V65_0,0.1,1.0,0.1,0.12,0.12,0.11,0.11,0.13,0.15,0.18,0.2,0.2,0.18,0.15,0.14,0.15,0.16,0.17,0.19,0.2,0.2,0.19,0.17,0.15,0.14,0.13,0.12,conexion-vial-cercana
V74_0,V70_1,0.129,1.0,0.129,0.155,0.155,0.142,0.142,0.168,0.193,0.232,0.258,0.258,0.232,0.193,0.18,0.193,0.206,0.219,0.245,0.258,0.258,0.245,0.219,0.193,0.18,0.168,0.155,conexion-vial-cercana
V74_0,V70_0,0.131,1.0,0.131,0.157,0.157,0.144,0.144,0.17,0.196,0.236,0.262,0.262,0.236,0.196,0.183,0.196,0.21,0.223,0.249,0.262,0.262,0.249,0.223,0.196,0.183,0.17,0.157,conexion-vial-cercana
V74_1,V59_2,0.289,1.0,0.289,0.347,0.347,0.318,0.318,0.376,0.434,0.521,0.579,0.579,0.521,0.434,0.405,0.434,0.463,0.492,0.55,0.579,0.579,0.55,0.492,0.434,0.405,0.376,0.347,conexion-vial-cercana
V74_1,V50_2,0.317,1.0,0.317,0.38,0.38,0.348,0.348,0.412,0.475,0.57,0.633,0.633,0.57,0.475,0.443,0.475,0.507,0.538,0.602,0.633,0.633,0.602,0.538,0.475,0.443,0.412,0.38,conexion-vial-cercana
V74_1,V58_0,0.319,1.0,0.319,0.382,0.382,0.35,0.35,0.414,0.478,0.573,0.637,0.637,0.573,0.478,0.446,0.478,0.51,0.542,0.605,0.637,0.637,0.605,0.542,0.478,0.446,0.414,0.382,conexion-vial-cercana
V74_1,V58_1,0.319,1.0,0.319,0.382,0.382,0.35,0.35,0.414,0.478,0.573,0.637,0.637,0.573,0.478,0.446,0.478,0.51,0.542,0.605,0.637,0.637,0.605,0.542,0.478,0.446,0.414,0.382,conexion-vial-cercana
V74_1,V50_0,0.414,1.0,0.414,0.497,0.497,0.455,0.455,0.538,0.621,0.745,0.828,0.828,0.745,0.621,0.58,0.621,0.662,0.704,0.787,0.828,0.828,0.787,0.704,0.621,0.58,0.538,0.497,conexion-vial-cercana
V74_1,V50_1,0.414,1.0,0.414,0.497,0.497,0.455,0.455,0.538,0.621,0.745,0.828,0.828,0.745,0.621,0.58,0.621,0.662,0.704,0.787,0.828,0.828,0.787,0.704,0.621,0.58,0.538,0.497,conexion-vial-cercana
V74_1,V58_2,0.414,1.0,0.414,0.497,0.497,0.456,0.456,0.539,0.621,0.746,0.828,0.828,0.746,0.621,0.58,0.621,0.663,0.704,0.787,0.828,0.828,0.787,0.704,0.621,0.58,0.539,0.497,conexion-vial-cercana
V74_1,V0_0,0.455,1.0,0.455,0.546,0.546,0.5,0.5,0.591,0.682,0.819,0.91,0.91,0.819,0.682,0.637,0.682,0.728,0.773,0.864,0.91,0.91,0.864,0.773,0.682,0.637,0.591,0.546,conexion-vial-cercana
V74_2,V68_2,0.03,1.0,0.03,0.036,0.036,0.033,0.033,0.039,0.046,0.055,0.061,0.061,0.055,0.046,0.043,0.046,0.049,0.052,0.058,0.061,0.061,0.058,0.052,0.046,0.043,0.039,0.036,conexion-vial-cercana
V74_2,V68_1,0.326,1.0,0.326,0.391,0.391,0.358,0.358,0.423,0.489,0.586,0.651,0.651,0.586,0.489,0.456,0.489,0.521,0.554,0.619,0.651,0.651,0.619,0.554,0.489,0.456,0.423,0.391,conexion-vial-cercana
V74_2,V68_0,0.541,1.0,0.541,0.65,0.65,0.595,0.595,0.704,0.812,0.974,1.083,1.083,0.974,0.812,0.758,0.812,0.866,0.92,1.028,1.083,1.083,1.028,0.92,0.812,0.758,0.704,0.65,conexion-vial-cercana
V74_2,V23_2,0.542,1.0,0.542,0.65,0.65,0.596,0.596,0.704,0.812,0.975,1.083,1.083,0.975,0.812,0.758,0.812,0.867,0.921,1.029,1.083,1.083,1.029,0.921,0.812,0.758,0.704,0.65,conexion-vial-cercana
V74_2,V20_2,0.545,1.0,0.545,0.653,0.653,0.599,0.599,0.708,0.817,0.98,1.089,1.089,0.98,0.817,0.762,0.817,0.871,0.926,1.035,1.089,1.089,1.035,0.926,0.817,0.762,0.708,0.653,conexion-vial-cercana
V74_2,V19_1,0.546,1.0,0.546,0.655,0.655,0.6,0.6,0.71,0.819,0.982,1.092,1.092,0.982,0.819,0.764,0.819,0.873,0.928,1.037,1.092,1.092,1.037,0.928,0.819,0.764,0.71,0.655,conexion-vial-cercana
V74_2,V19_0,0.552,1.0,0.552,0.662,0.662,0.607,0.607,0.717,0.827,0.993,1.103,1.103,0.993,0.827,0.772,0.827,0.883,0.938,1.048,1.103,1.103,1.048,0.938,0.827,0.772,0.717,0.662,conexion-vial-cercana
V74_2,V19_2,0.567,1.0,0.567,0.681,0.681,0.624,0.624,0.737,0.851,1.021,1.134,1.134,1.021,0.851,0.794,0.851,0.907,0.964,1.077,1.134,1.134,1.077,0.964,0.851,0.794,0.737,0.681,conexion-vial-cercana
V75_0,V72_0,0.058,1.0,0.058,0.058,0.058,0.058,0.058,0.058,0.064,0.07,0.076,0.076,0.07,0.064,0.064,0.064,0.07,0.07,0.076,0.081,0.087,0.081,0.076,0.07,0.064,0.058,0.058,conexion-vial-cercana
V75_0,V72_1,0.058,1.0,0.058,0.058,0.058,0.058,0.058,0.058,0.064,0.07,0.076,0.076,0.07,0.064,0.064,0.064,0.07,0.07,0.076,0.081,0.087,0.081,0.076,0.07,0.064,0.058,0.058,conexion-vial-cercana
V75_0,V72_2,0.07,1.0,0.07,0.07,0.07,0.07,0.07,0.07,0.077,0.084,0.091,0.091,0.084,0.077,0.077,0.077,0.084,0.084,0.091,0.098,0.105,0.098,0.091,0.084,0.077,0.07,0.07,conexion-vial-cercana
V75_0,V73_2,0.1,1.0,0.1,0.1,0.1,0.1,0.1,0.1,0.11,0.12,0.13,0.13,0.12,0.11,0.11,0.11,0.12,0.12,0.13,0.14,0.15,0.14,0.13,0.12,0.11,0.1,0.1,conexion-vial-cercana
V75_0,V71_2,0.109,1.0,0.109,0.109,0.109,0.109,0.109,0.109,0.12,0.13,0.141,0.141,0.13,0.12,0.12,0.12,0.13,0.13,0.141,0.152,0.163,0.152,0.141,0.13,0.12,0.109,0.109,conexion-vial-cercana
V75_0,V77_0,0.11,1.0,0.11,0.11,0.11,0.11,0.11,0.11,0.121,0.132,0.143,0.143,0.132,0.121,0.121,0.121,0.132,0.132,0.143,0.154,0.165,0.154,0.143,0.132,0.121,0.11,0.11,conexion-vial-cercana
V75_0,V71_0,0.111,1.0,0.111,0.111,0.111,0.111,0.111,0.111,0.122,0.133,0.144,0.144,0.133,0.122,0.122,0.122,0.133,0.133,0.144,0.155,0.166,0.155,0.144,0.133,0.122,0.111,0.111,conexion-vial-cercana
V75_0,V71_1,0.111,1.0,0.111,0.111,0.111,0.111,0.111,0.111,0.122,0.133,0.144,0.144,0.133,0.122,0.122,0.122,0.133,0.133,0.144,0.155,0.166,0.155,0.144,0.133,0.122,0.111,0.111,conexion-vial-cercana
V75_1,V73_1,0.035,1.0,0.035,0.035,0.035,0.035,0.035,0.035,0.038,0.042,0.045,0.045,0.042,0.038,0.038,0.038,0.042,0.042,0.045,0.049,0.052,0.049,0.045,0.042,0.038,0.035,0.035,conexion-vial-cercana
V75_1,V73_2,0.043,1.0,0.043,0.043,0.043,0.043,0.043,0.043,0.047,0.052,0.056,0.056,0.052,0.047,0.047,0.047,0.052,0.052,0.056,0.06,0.065,0.06,0.056,0.052,0.047,0.043,0.043,conexion-vial-cercana
V75_1,V72_2,0.058,1.0,0.058,0.058,0.058,0.058,0.058,0.058,0.063,0.069,0.075,0.075,0.069,0.063,0.063,0.063,0.069,0.069,0.075,0.081,0.086,0.081,0.075,0.069,0.063,0.058,0.058,conexion-vial-cercana
V75_1,V72_0,0.062,1.0,0.062,0.062,0.062,0.062,0.062,0.062,0.068,0.074,0.081,0.081,0.074,0.068,0.068,0.068,0.074,0.074,0.081,0.087,0.093,0.087,0.081,0.074,0.068,0.062,0.062,conexion-vial-cercana
V75_1,V72_1,0.062,1.0,0.062,0.062,0.062,0.062,0.062,0.062,0.068,0.074,0.081,0.081,0.074,0.068,0.068,0.068,0.074,0.074,0.081,0.087,0.093,0.087,0.081,0.074,0.068,0.062,0.062,conexion-vial-cercana
V75_1,V71_2,0.069,1.0,0.069,0.069,0.069,0.069,0.069,0.069,0.076,0.083,0.09,0.09,0.083,0.076,0.076,0.076,0.083,0.083,0.09,0.097,0.104,0.097,0.09,0.083,0.076,0.069,0.069,conexion-vial-cercana
V75_1,V71_0,0.079,1.0,0.079,0.079,0.079,0.079,0.079,0.079,0.087,0.095,0.103,0.103,0.095,0.087,0.087,0.087,0.095,0.095,0.103,0.111,0.119,0.111,0.103,0.095,0.087,0.079,0.079,conexion-vial-cercana
V75_1,V71_1,0.079,1.0,0.079,0.079,0.079,0.079,0.079,0.079,0.087,0.095,0.103,0.103,0.095,0.087,0.087,0.087,0.095,0.095,0.103,0.111,0.119,0.111,0.103,0.095,0.087,0.079,0.079,conexion-vial-cercana
V75_2,V73_0,0.0,1.0,0.0,0.0,0.0,0.0,0.0,0.0,0.0,0.0,0.0,0.0,0.0,0.0,0.0,0.0,0.0,0.0,0.0,0.0,0.0,0.0,0.0,0.0,0.0,0.0,0.0,conexion-vial-cercana
V75_2,V73_1,0.059,1.0,0.059,0.059,0.059,0.059,0.059,0.059,0.065,0.071,0.077,0.077,0.071,0.065,0.065,0.065,0.071,0.071,0.077,0.083,0.089,0.083,0.077,0.071,0.065,0.059,0.059,conexion-vial-cercana
V75_2,V75_1,0.083,1.0,0.083,0.083,0.083,0.083,0.083,0.083,0.091,0.099,0.107,0.107,0.099,0.091,0.091,0.091,0.099,0.099,0.107,0.116,0.124,0.116,0.107,0.099,0.091,0.083,0.083,conexion-vial-cercana
V75_2,V73_2,0.125,1.0,0.125,0.125,0.125,0.125,0.125,0.125,0.138,0.15,0.163,0.163,0.15,0.138,0.138,0.138,0.15,0.15,0.163,0.175,0.188,0.175,0.163,0.15,0.138,0.125,0.125,conexion-vial-cercana
V75_2,V72_2,0.138,1.0,0.138,0.138,0.138,0.138,0.138,0.138,0.152,0.165,0.179,0.179,0.165,0.152,0.152,0.152,0.165,0.165,0.179,0.193,0.207,0.193,0.179,0.165,0.152,0.138,0.138,conexion-vial-cercana
V75_2,V72_0,0.139,1.0,0.139,0.139,0.139,0.139,0.139,0.139,0.153,0.167,0.181,0.181,0.167,0.153,0.153,0.153,0.167,0.167,0.181,0.194,0.208,0.194,0.181,0.167,0.153,0.139,0.139,conexion-vial-cercana
V75_2,V72_1,0.139,1.0,0.139,0.139,0.139,0.139,0.139,0.139,0.153,0.167,0.181,0.181,0.167,0.153,0.153,0.153,0.167,0.167,0.181,0.194,0.208,0.194,0.181,0.167,0.153,0.139,0.139,conexion-vial-cercana
V75_2,V71_2,0.15,1.0,0.15,0.15,0.15,0.15,0.15,0.15,0.165,0.18,0.195,0.195,0.18,0.165,0.165,0.165,0.18,0.18,0.195,0.21,0.225,0.21,0.195,0.18,0.165,0.15,0.15,conexion-vial-cercana
V76_0,V76_1,0.0,1.0,0.0,0.0,0.0,0.0,0.0,0.0,0.0,0.0,0.0,0.0,0.0,0.0,0.0,0.0,0.0,0.0,0.0,0.0,0.0,0.0,0.0,0.0,0.0,0.0,0.0,conexion-vial-cercana
V76_0,V76_2,0.007,1.0,0.007,0.007,0.007,0.007,0.007,0.007,0.008,0.008,0.009,0.009,0.008,0.008,0.008,0.008,0.008,0.008,0.009,0.01,0.01,0.01,0.009,0.008,0.008,0.007,0.007,conexion-vial-cercana
V76_0,V77_0,0.026,1.0,0.026,0.026,0.026,0.026,0.026,0.026,0.029,0.032,0.034,0.034,0.032,0.029,0.029,0.029,0.032,0.032,0.034,0.037,0.039,0.037,0.034,0.032,0.029,0.026,0.026,conexion-vial-cercana
V76_0,V77_1,0.054,1.0,0.054,0.054,0.054,0.054,0.054,0.054,0.059,0.065,0.07,0.07,0.065,0.059,0.059,0.059,0.065,0.065,0.07,0.076,0.081,0.076,0.07,0.065,0.059,0.054,0.054,conexion-vial-cercana
V76_0,V77_2,0.094,1.0,0.094,0.094,0.094,0.094,0.094,0.094,0.104,0.113,0.123,0.123,0.113,0.104,0.104,0.104,0.113,0.113,0.123,0.132,0.142,0.132,0.123,0.113,0.104,0.094,0.094,conexion-vial-cercana
V76_0,V75_0,0.134,1.0,0.134,0.134,0.134,0.134,0.134,0.134,0.147,0.161,0.174,0.174,0.161,0.147,0.147,0.147,0.161,0.161,0.174,0.188,0.201,0.188,0.174,0.161,0.147,0.134,0.134,conexion-vial-cercana
V76_0,V51_1,0.135,1.0,0.135,0.135,0.135,0.135,0.135,0.135,0.149,0.162,0.176,0.176,0.162,0.149,0.149,0.149,0.162,0.162,0.176,0.189,0.203,0.189,0.176,0.162,0.149,0.135,0.135,conexion-vial-cercana
V76_0,V56_1,0.171,1.0,0.171,0.171,0.171,0.171,0.171,0.171,0.189,0.206,0.223,0.223,0.206,0.189,0.189,0.189,0.206,0.206,0.223,0.24,0.257,0.24,0.223,0.206,0.189,0.171,0.171,conexion-vial-cercana
V76_1,V76_0,0.0,1.0,0.0,0.0,0.0,0.0,0.0,0.0,0.0,0.0,0.0,0.0,0.0,0.0,0.0,0.0,0.0,0.0,0.0,0.0,0.0,0.0,0.0,0.0,0.0,0.0,0.0,conexion-vial-cercana
V76_1,V76_2,0.007,1.0,0.007,0.007,0.007,0.007,0.007,0.007,0.008,0.008,0.009,0.009,0.008,0.008,0.008,0.008,0.008,0.008,0.009,0.01,0.01,0.01,0.009,0.008,0.008,0.007,0.007,conexion-vial-cercana
V76_1,V77_0,0.026,1.0,0.026,0.026,0.026,0.026,0.026,0.026,0.029,0.032,0.034,0.034,0.032,0.029,0.029,0.029,0.032,0.032,0.034,0.037,0.039,0.037,0.034,0.032,0.029,0.026,0.026,conexion-vial-cercana
V76_1,V77_1,0.054,1.0,0.054,0.054,0.054,0.054,0.054,0.054,0.059,0.065,0.07,0.07,0.065,0.059,0.059,0.059,0.065,0.065,0.07,0.076,0.081,0.076,0.07,0.065,0.059,0.054,0.054,conexion-vial-cercana
V76_1,V77_2,0.094,1.0,0.094,0.094,0.094,0.094,0.094,0.094,0.104,0.113,0.123,0.123,0.113,0.104,0.104,0.104,0.113,0.113,0.123,0.132,0.142,0.132,0.123,0.113,0.104,0.094,0.094,conexion-vial-cercana
V76_1,V75_0,0.134,1.0,0.134,0.134,0.134,0.134,0.134,0.134,0.147,0.161,0.174,0.174,0.161,0.147,0.147,0.147,0.161,0.161,0.174,0.188,0.201,0.188,0.174,0.161,0.147,0.134,0.134,conexion-vial-cercana
V76_1,V51_1,0.135,1.0,0.135,0.135,0.135,0.135,0.135,0.135,0.149,0.162,0.176,0.176,0.162,0.149,0.149,0.149,0.162,0.162,0.176,0.189,0.203,0.189,0.176,0.162,0.149,0.135,0.135,conexion-vial-cercana
V76_1,V56_1,0.171,1.0,0.171,0.171,0.171,0.171,0.171,0.171,0.189,0.206,0.223,0.223,0.206,0.189,0.189,0.189,0.206,0.206,0.223,0.24,0.257,0.24,0.223,0.206,0.189,0.171,0.171,conexion-vial-cercana
V76_2,V76_0,0.007,1.0,0.007,0.007,0.007,0.007,0.007,0.007,0.008,0.008,0.009,0.009,0.008,0.008,0.008,0.008,0.008,0.008,0.009,0.01,0.01,0.01,0.009,0.008,0.008,0.007,0.007,conexion-vial-cercana
V76_2,V76_1,0.007,1.0,0.007,0.007,0.007,0.007,0.007,0.007,0.008,0.008,0.009,0.009,0.008,0.008,0.008,0.008,0.008,0.008,0.009,0.01,0.01,0.01,0.009,0.008,0.008,0.007,0.007,conexion-vial-cercana
V76_2,V77_0,0.024,1.0,0.024,0.024,0.024,0.024,0.024,0.024,0.027,0.029,0.032,0.032,0.029,0.027,0.027,0.027,0.029,0.029,0.032,0.034,0.037,0.034,0.032,0.029,0.027,0.024,0.024,conexion-vial-cercana
V76_2,V77_1,0.061,1.0,0.061,0.061,0.061,0.061,0.061,0.061,0.067,0.073,0.079,0.079,0.073,0.067,0.067,0.067,0.073,0.073,0.079,0.085,0.091,0.085,0.079,0.073,0.067,0.061,0.061,conexion-vial-cercana
V76_2,V77_2,0.101,1.0,0.101,0.101,0.101,0.101,0.101,0.101,0.111,0.121,0.132,0.132,0.121,0.111,0.111,0.111,0.121,0.121,0.132,0.142,0.152,0.142,0.132,0.121,0.111,0.101,0.101,conexion-vial-cercana
V76_2,V75_0,0.129,1.0,0.129,0.129,0.129,0.129,0.129,0.129,0.142,0.155,0.168,0.168,0.155,0.142,0.142,0.142,0.155,0.155,0.168,0.181,0.194,0.181,0.168,0.155,0.142,0.129,0.129,conexion-vial-cercana
V76_2,V51_1,0.136,1.0,0.136,0.136,0.136,0.136,0.136,0.136,0.15,0.163,0.177,0.177,0.163,0.15,0.15,0.15,0.163,0.163,0.177,0.191,0.204,0.191,0.177,0.163,0.15,0.136,0.136,conexion-vial-cercana
V76_2,V56_1,0.173,1.0,0.173,0.173,0.173,0.173,0.173,0.173,0.191,0.208,0.225,0.225,0.208,0.191,0.191,0.191,0.208,0.208,0.225,0.243,0.26,0.243,0.225,0.208,0.191,0.173,0.173,conexion-vial-cercana
V77_0,V76_2,0.024,1.0,0.024,0.024,0.024,0.024,0.024,0.027,0.029,0.034,0.039,0.037,0.032,0.029,0.027,0.029,0.032,0.034,0.037,0.041,0.044,0.039,0.034,0.029,0.027,0.027,0.024,conexion-vial-cercana
V77_0,V76_0,0.026,1.0,0.026,0.026,0.026,0.026,0.026,0.029,0.032,0.037,0.042,0.039,0.034,0.032,0.029,0.032,0.034,0.037,0.039,0.045,0.047,0.042,0.037,0.032,0.029,0.029,0.026,conexion-vial-cercana
V77_0,V76_1,0.026,1.0,0.026,0.026,0.026,0.026,0.026,0.029,0.032,0.037,0.042,0.039,0.034,0.032,0.029,0.032,0.034,0.037,0.039,0.045,0.047,0.042,0.037,0.032,0.029,0.029,0.026,conexion-vial-cercana
V77_0,V77_1,0.074,1.0,0.074,0.074,0.074,0.074,0.074,0.082,0.089,0.104,0.119,0.111,0.096,0.089,0.082,0.089,0.096,0.104,0.111,0.126,0.133,0.119,0.104,0.089,0.082,0.082,0.074,conexion-vial-cercana
V77_0,V75_0,0.11,1.0,0.11,0.11,0.11,0.11,0.11,0.121,0.132,0.154,0.176,0.165,0.143,0.132,0.121,0.132,0.143,0.154,0.165,0.187,0.198,0.176,0.154,0.132,0.121,0.121,0.11,conexion-vial-cercana
V77_0,V77_2,0.112,1.0,0.112,0.112,0.112,0.112,0.112,0.124,0.135,0.157,0.18,0.169,0.146,0.135,0.124,0.135,0.146,0.157,0.169,0.191,0.202,0.18,0.157,0.135,0.124,0.124,0.112,conexion-vial-cercana
V77_0,V51_1,0.161,1.0,0.161,0.161,0.161,0.161,0.161,0.177,0.193,0.225,0.257,0.241,0.209,0.193,0.177,0.193,0.209,0.225,0.241,0.273,0.289,0.257,0.225,0.193,0.177,0.177,0.161,conexion-vial-cercana
V77_0,V72_0,0.164,1.0,0.164,0.164,0.164,0.164,0.164,0.18,0.197,0.229,0.262,0.246,0.213,0.197,0.18,0.197,0.213,0.229,0.246,0.278,0.295,0.262,0.229,0.197,0.18,0.18,0.164,conexion-vial-cercana
V77_1,V77_2,0.041,1.0,0.041,0.041,0.041,0.041,0.041,0.045,0.049,0.057,0.065,0.061,0.053,0.049,0.045,0.049,0.053,0.057,0.061,0.069,0.073,0.065,0.057,0.049,0.045,0.045,0.041,conexion-vial-cercana
V77_1,V76_0,0.054,1.0,0.054,0.054,0.054,0.054,0.054,0.059,0.065,0.076,0.086,0.081,0.07,0.065,0.059,0.065,0.07,0.076,0.081,0.092,0.097,0.086,0.076,0.065,0.059,0.059,0.054,conexion-vial-cercana
V77_1,V76_1,0.054,1.0,0.054,0.054,0.054,0.054,0.054,0.059,0.065,0.076,0.086,0.081,0.07,0.065,0.059,0.065,0.07,0.076,0.081,0.092,0.097,0.086,0.076,0.065,0.059,0.059,0.054,conexion-vial-cercana
V77_1,V76_2,0.061,1.0,0.061,0.061,0.061,0.061,0.061,0.067,0.073,0.085,0.097,0.091,0.079,0.073,0.067,0.073,0.079,0.085,0.091,0.103,0.109,0.097,0.085,0.073,0.067,0.067,0.061,conexion-vial-cercana
V77_1,V77_0,0.074,1.0,0.074,0.074,0.074,0.074,0.074,0.082,0.089,0.104,0.119,0.111,0.096,0.089,0.082,0.089,0.096,0.104,0.111,0.126,0.133,0.119,0.104,0.089,0.082,0.082,0.074,conexion-vial-cercana
V77_1,V51_1,0.122,1.0,0.122,0.122,0.122,0.122,0.122,0.134,0.146,0.171,0.195,0.183,0.159,0.146,0.134,0.146,0.159,0.171,0.183,0.207,0.22,0.195,0.171,0.146,0.134,0.134,0.122,conexion-vial-cercana
V77_1,V56_1,0.149,1.0,0.149,0.149,0.149,0.149,0.149,0.164,0.179,0.209,0.239,0.224,0.194,0.179,0.164,0.179,0.194,0.209,0.224,0.254,0.269,0.239,0.209,0.179,0.164,0.164,0.149,conexion-vial-cercana
V77_1,V75_0,0.184,1.0,0.184,0.184,0.184,0.184,0.184,0.202,0.221,0.257,0.294,0.276,0.239,0.221,0.202,0.221,0.239,0.257,0.276,0.312,0.331,0.294,0.257,0.221,0.202,0.202,0.184,conexion-vial-cercana
V77_2,V77_1,0.041,1.0,0.041,0.041,0.041,0.041,0.041,0.045,0.049,0.057,0.065,0.061,0.053,0.049,0.045,0.049,0.053,0.057,0.061,0.069,0.073,0.065,0.057,0.049,0.045,0.045,0.041,conexion-vial-cercana
V77_2,V76_0,0.094,1.0,0.094,0.094,0.094,0.094,0.094,0.104,0.113,0.132,0.151,0.142,0.123,0.113,0.104,0.113,0.123,0.132,0.142,0.161,0.17,0.151,0.132,0.113,0.104,0.104,0.094,conexion-vial-cercana
V77_2,V76_1,0.094,1.0,0.094,0.094,0.094,0.094,0.094,0.104,0.113,0.132,0.151,0.142,0.123,0.113,0.104,0.113,0.123,0.132,0.142,0.161,0.17,0.151,0.132,0.113,0.104,0.104,0.094,conexion-vial-cercana
V77_2,V76_2,0.101,1.0,0.101,0.101,0.101,0.101,0.101,0.111,0.121,0.142,0.162,0.152,0.132,0.121,0.111,0.121,0.132,0.142,0.152,0.172,0.182,0.162,0.142,0.121,0.111,0.111,0.101,conexion-vial-cercana
V77_2,V77_0,0.112,1.0,0.112,0.112,0.112,0.112,0.112,0.124,0.135,0.157,0.18,0.169,0.146,0.135,0.124,0.135,0.146,0.157,0.169,0.191,0.202,0.18,0.157,0.135,0.124,0.124,0.112,conexion-vial-cercana
V77_2,V51_1,0.133,1.0,0.133,0.133,0.133,0.133,0.133,0.147,0.16,0.187,0.213,0.2,0.173,0.16,0.147,0.16,0.173,0.187,0.2,0.227,0.24,0.213,0.187,0.16,0.147,0.147,0.133,conexion-vial-cercana
V77_2,V56_1,0.151,1.0,0.151,0.151,0.151,0.151,0.151,0.166,0.181,0.211,0.241,0.226,0.196,0.181,0.166,0.181,0.196,0.211,0.226,0.256,0.272,0.241,0.211,0.181,0.166,0.166,0.151,conexion-vial-cercana
V77_2,V75_0,0.22,1.0,0.22,0.22,0.22,0.22,0.22,0.242,0.264,0.309,0.353,0.331,0.287,0.264,0.242,0.264,0.287,0.309,0.331,0.375,0.397,0.353,0.309,0.264,0.242,0.242,0.22,conexion-vial-cercana
V78_0,V78_1,0.105,1.0,0.105,0.105,0.105,0.105,0.105,0.115,0.126,0.146,0.167,0.157,0.136,0.126,0.115,0.126,0.136,0.146,0.157,0.178,0.188,0.167,0.146,0.126,0.115,0.115,0.105,conexion-vial-cercana
V78_0,V55_2,0.143,1.0,0.143,0.143,0.143,0.143,0.143,0.158,0.172,0.201,0.23,0.215,0.186,0.172,0.158,0.172,0.186,0.201,0.215,0.244,0.258,0.23,0.201,0.172,0.158,0.158,0.143,conexion-vial-cercana
V78_0,V78_2,0.261,1.0,0.261,0.261,0.261,0.261,0.261,0.287,0.313,0.365,0.417,0.391,0.339,0.313,0.287,0.313,0.339,0.365,0.391,0.443,0.469,0.417,0.365,0.313,0.287,0.287,0.261,conexion-vial-cercana
V78_0,V52_1,0.313,1.0,0.313,0.313,0.313,0.313,0.313,0.344,0.376,0.438,0.501,0.47,0.407,0.376,0.344,0.376,0.407,0.438,0.47,0.532,0.564,0.501,0.438,0.376,0.344,0.344,0.313,conexion-vial-cercana
V78_0,V55_1,0.49,1.0,0.49,0.49,0.49,0.49,0.49,0.539,0.588,0.686,0.784,0.735,0.637,0.588,0.539,0.588,0.637,0.686,0.735,0.833,0.882,0.784,0.686,0.588,0.539,0.539,0.49,conexion-vial-cercana
V78_0,V2_0,0.507,1.0,0.507,0.507,0.507,0.507,0.507,0.558,0.608,0.71,0.811,0.76,0.659,0.608,0.558,0.608,0.659,0.71,0.76,0.862,0.912,0.811,0.71,0.608,0.558,0.558,0.507,conexion-vial-cercana
V78_0,V2_1,0.546,1.0,0.546,0.546,0.546,0.546,0.546,0.601,0.655,0.765,0.874,0.819,0.71,0.655,0.601,0.655,0.71,0.765,0.819,0.929,0.983,0.874,0.765,0.655,0.601,0.601,0.546,conexion-vial-cercana
V78_0,V2_2,0.56,1.0,0.56,0.56,0.56,0.56,0.56,0.616,0.672,0.783,0.895,0.839,0.727,0.672,0.616,0.672,0.727,0.783,0.839,0.951,1.007,0.895,0.783,0.672,0.616,0.616,0.56,conexion-vial-cercana
V78_1,V78_0,0.105,1.0,0.105,0.105,0.105,0.105,0.105,0.115,0.126,0.146,0.167,0.157,0.136,0.126,0.115,0.126,0.136,0.146,0.157,0.178,0.188,0.167,0.146,0.126,0.115,0.115,0.105,conexion-vial-cercana
V78_1,V78_2,0.158,1.0,0.158,0.158,0.158,0.158,0.158,0.174,0.19,0.222,0.253,0.238,0.206,0.19,0.174,0.19,0.206,0.222,0.238,0.269,0.285,0.253,0.222,0.19,0.174,0.174,0.158,conexion-vial-cercana
V78_1,V55_2,0.217,1.0,0.217,0.217,0.217,0.217,0.217,0.238,0.26,0.303,0.347,0.325,0.282,0.26,0.238,0.26,0.282,0.303,0.325,0.368,0.39,0.347,0.303,0.26,0.238,0.238,0.217,conexion-vial-cercana
V78_1,V52_1,0.252,1.0,0.252,0.252,0.252,0.252,0.252,0.277,0.303,0.353,0.403,0.378,0.328,0.303,0.277,0.303,0.328,0.353,0.378,0.429,0.454,0.403,0.353,0.303,0.277,0.277,0.252,conexion-vial-cercana
V78_1,V55_1,0.404,1.0,0.404,0.404,0.404,0.404,0.404,0.445,0.485,0.566,0.647,0.606,0.525,0.485,0.445,0.485,0.525,0.566,0.606,0.687,0.728,0.647,0.566,0.485,0.445,0.445,0.404,conexion-vial-cercana
V78_1,V2_0,0.587,1.0,0.587,0.587,0.587,0.587,0.587,0.646,0.705,0.822,0.939,0.881,0.763,0.705,0.646,0.705,0.763,0.822,0.881,0.998,1.057,0.939,0.822,0.705,0.646,0.646,0.587,conexion-vial-cercana
V78_1,V55_0,0.592,1.0,0.592,0.592,0.592,0.592,0.592,0.651,0.711,0.829,0.948,0.888,0.77,0.711,0.651,0.711,0.77,0.829,0.888,1.007,1.066,0.948,0.829,0.711,0.651,0.651,0.592,conexion-vial-cercana
V78_1,V2_2,0.6,1.0,0.6,0.6,0.6,0.6,0.6,0.66,0.72,0.84,0.96,0.9,0.78,0.72,0.66,0.72,0.78,0.84,0.9,1.02,1.08,0.96,0.84,0.72,0.66,0.66,0.6,conexion-vial-cercana
V78_2,V78_1,0.158,1.0,0.158,0.158,0.158,0.158,0.158,0.174,0.19,0.222,0.253,0.238,0.206,0.19,0.174,0.19,0.206,0.222,0.238,0.269,0.285,0.253,0.222,0.19,0.174,0.174,0.158,conexion-vial-cercana
V78_2,V52_1,0.187,1.0,0.187,0.187,0.187,0.187,0.187,0.205,0.224,0.261,0.299,0.28,0.243,0.224,0.205,0.224,0.243,0.261,0.28,0.317,0.336,0.299,0.261,0.224,0.205,0.205,0.187,conexion-vial-cercana
V78_2,V78_0,0.261,1.0,0.261,0.261,0.261,0.261,0.261,0.287,0.313,0.365,0.417,0.391,0.339,0.313,0.287,0.313,0.339,0.365,0.391,0.443,0.469,0.417,0.365,0.313,0.287,0.287,0.261,conexion-vial-cercana
V78_2,V55_1,0.266,1.0,0.266,0.266,0.266,0.266,0.266,0.293,0.319,0.372,0.426,0.399,0.346,0.319,0.293,0.319,0.346,0.372,0.399,0.452,0.479,0.426,0.372,0.319,0.293,0.293,0.266,conexion-vial-cercana
V78_2,V55_2,0.34,1.0,0.34,0.34,0.34,0.34,0.34,0.374,0.408,0.476,0.544,0.51,0.442,0.408,0.374,0.408,0.442,0.476,0.51,0.578,0.612,0.544,0.476,0.408,0.374,0.374,0.34,conexion-vial-cercana
V78_2,V55_0,0.436,1.0,0.436,0.436,0.436,0.436,0.436,0.479,0.523,0.61,0.697,0.654,0.567,0.523,0.479,0.523,0.567,0.61,0.654,0.741,0.784,0.697,0.61,0.523,0.479,0.479,0.436,conexion-vial-cercana
V78_2,V52_2,0.446,1.0,0.446,0.446,0.446,0.446,0.446,0.491,0.535,0.624,0.714,0.669,0.58,0.535,0.491,0.535,0.58,0.624,0.669,0.758,0.803,0.714,0.624,0.535,0.491,0.491,0.446,conexion-vial-cercana
V78_2,V53_0,0.476,1.0,0.476,0.476,0.476,0.476,0.476,0.524,0.572,0.667,0.762,0.715,0.619,0.572,0.524,0.572,0.619,0.667,0.715,0.81,0.858,0.762,0.667,0.572,0.524,0.524,0.476,conexion-vial-cercana
V79_0,V79_1,0.092,1.0,0.092,0.092,0.092,0.092,0.092,0.101,0.11,0.129,0.147,0.138,0.119,0.11,0.101,0.11,0.119,0.129,0.138,0.156,0.165,0.147,0.129,0.11,0.101,0.101,0.092,conexion-vial-cercana
V79_0,V79_2,0.135,1.0,0.135,0.135,0.135,0.135,0.135,0.148,0.162,0.189,0.216,0.202,0.175,0.162,0.148,0.162,0.175,0.189,0.202,0.229,0.243,0.216,0.189,0.162,0.148,0.148,0.135,conexion-vial-cercana
V79_0,V3_0,1.664,1.0,1.664,1.664,1.664,1.664,1.664,1.831,1.997,2.33,2.663,2.497,2.164,1.997,1.831,1.997,2.164,2.33,2.497,2.829,2.996,2.663,2.33,1.997,1.831,1.831,1.664,conexion-vial-cercana
V79_0,V54_0,2.267,1.0,2.267,2.267,2.267,2.267,2.267,2.494,2.72,3.174,3.627,3.4,2.947,2.72,2.494,2.72,2.947,3.174,3.4,3.854,4.081,3.627,3.174,2.72,2.494,2.494,2.267,conexion-vial-cercana
V79_0,V54_1,2.267,1.0,2.267,2.267,2.267,2.267,2.267,2.494,2.72,3.174,3.627,3.4,2.947,2.72,2.494,2.72,2.947,3.174,3.4,3.854,4.081,3.627,3.174,2.72,2.494,2.494,2.267,conexion-vial-cercana
V79_0,V52_0,2.368,1.0,2.368,2.368,2.368,2.368,2.368,2.604,2.841,3.315,3.788,3.551,3.078,2.841,2.604,2.841,3.078,3.315,3.551,4.025,4.262,3.788,3.315,2.841,2.604,2.604,2.368,conexion-vial-cercana
V79_0,V54_2,2.368,1.0,2.368,2.368,2.368,2.368,2.368,2.604,2.841,3.315,3.788,3.551,3.078,2.841,2.604,2.841,3.078,3.315,3.551,4.025,4.262,3.788,3.315,2.841,2.604,2.604,2.368,conexion-vial-cercana
V79_0,V2_0,2.555,1.0,2.555,2.555,2.555,2.555,2.555,2.81,3.066,3.577,4.088,3.832,3.321,3.066,2.81,3.066,3.321,3.577,3.832,4.343,4.599,4.088,3.577,3.066,2.81,2.81,2.555,conexion-vial-cercana
V79_1,V79_2,0.043,1.0,0.043,0.043,0.043,0.043,0.043,0.048,0.052,0.061,0.069,0.065,0.056,0.052,0.048,0.052,0.056,0.061,0.065,0.074,0.078,0.069,0.061,0.052,0.048,0.048,0.043,conexion-vial-cercana
V79_1,V79_0,0.092,1.0,0.092,0.092,0.092,0.092,0.092,0.101,0.11,0.129,0.147,0.138,0.119,0.11,0.101,0.11,0.119,0.129,0.138,0.156,0.165,0.147,0.129,0.11,0.101,0.101,0.092,conexion-vial-cercana
V79_1,V3_0,1.724,1.0,1.724,1.724,1.724,1.724,1.724,1.896,2.068,2.413,2.758,2.585,2.241,2.068,1.896,2.068,2.241,2.413,2.585,2.93,3.102,2.758,2.413,2.068,1.896,1.896,1.724,conexion-vial-cercana
V79_1,V54_0,2.211,1.0,2.211,2.211,2.211,2.211,2.211,2.432,2.653,3.095,3.537,3.316,2.874,2.653,2.432,2.653,2.874,3.095,3.316,3.759,3.98,3.537,3.095,2.653,2.432,2.432,2.211,conexion-vial-cercana
V79_1,V54_1,2.211,1.0,2.211,2.211,2.211,2.211,2.211,2.432,2.653,3.095,3.537,3.316,2.874,2.653,2.432,2.653,2.874,3.095,3.316,3.759,3.98,3.537,3.095,2.653,2.432,2.432,2.211,conexion-vial-cercana
V79_1,V52_0,2.311,1.0,2.311,2.311,2.311,2.311,2.311,2.543,2.774,3.236,3.698,3.467,3.005,2.774,2.543,2.774,3.005,3.236,3.467,3.929,4.161,3.698,3.236,2.774,2.543,2.543,2.311,conexion-vial-cercana
V79_1,V54_2,2.311,1.0,2.311,2.311,2.311,2.311,2.311,2.543,2.774,3.236,3.698,3.467,3.005,2.774,2.543,2.774,3.005,3.236,3.467,3.929,4.161,3.698,3.236,2.774,2.543,2.543,2.311,conexion-vial-cercana
V79_1,V2_0,2.506,1.0,2.506,2.506,2.506,2.506,2.506,2.756,3.007,3.508,4.009,3.759,3.258,3.007,2.756,3.007,3.258,3.508,3.759,4.26,4.51,4.009,3.508,3.007,2.756,2.756,2.506,conexion-vial-cercana
V79_2,V79_1,0.043,1.0,0.043,0.043,0.043,0.043,0.043,0.048,0.052,0.061,0.069,0.065,0.056,0.052,0.048,0.052,0.056,0.061,0.065,0.074,0.078,0.069,0.061,0.052,0.048,0.048,0.043,conexion-vial-cercana
V79_2,V79_0,0.135,1.0,0.135,0.135,0.135,0.135,0.135,0.148,0.162,0.189,0.216,0.202,0.175,0.162,0.148,0.162,0.175,0.189,0.202,0.229,0.243,0.216,0.189,0.162,0.148,0.148,0.135,conexion-vial-cercana
V79_2,V3_0,1.746,1.0,1.746,1.746,1.746,1.746,1.746,1.921,2.095,2.445,2.794,2.619,2.27,2.095,1.921,2.095,2.27,2.445,2.619,2.968,3.143,2.794,2.445,2.095,1.921,1.921,1.746,conexion-vial-cercana
V79_2,V54_0,2.179,1.0,2.179,2.179,2.179,2.179,2.179,2.397,2.615,3.051,3.487,3.269,2.833,2.615,2.397,2.615,2.833,3.051,3.269,3.705,3.923,3.487,3.051,2.615,2.397,2.397,2.179,conexion-vial-cercana
V79_2,V54_1,2.179,1.0,2.179,2.179,2.179,2.179,2.179,2.397,2.615,3.051,3.487,3.269,2.833,2.615,2.397,2.615,2.833,3.051,3.269,3.705,3.923,3.487,3.051,2.615,2.397,2.397,2.179,conexion-vial-cercana
V79_2,V52_0,2.28,1.0,2.28,2.28,2.28,2.28,2.28,2.508,2.736,3.192,3.648,3.42,2.964,2.736,2.508,2.736,2.964,3.192,3.42,3.876,4.104,3.648,3.192,2.736,2.508,2.508,2.28,conexion-vial-cercana
V79_2,V54_2,2.28,1.0,2.28,2.28,2.28,2.28,2.28,2.508,2.736,3.192,3.648,3.42,2.964,2.736,2.508,2.736,2.964,3.192,3.42,3.876,4.104,3.648,3.192,2.736,2.508,2.508,2.28,conexion-vial-cercana
V79_2,V2_0,2.477,1.0,2.477,2.477,2.477,2.477,2.477,2.725,2.972,3.468,3.963,3.715,3.22,2.972,2.725,2.972,3.22,3.468,3.715,4.211,4.459,3.963,3.468,2.972,2.725,2.725,2.477,conexion-vial-cercana
